Activity ID,Title,Academic Year,Overall Confidence,Official TCE Source URL
1,International Conference on AI in Construction and Sustainable Built Environment,,0.8,https://www.tce.edu/events
3,Five-Day Online FDP on “AI-Powered Pedagogy”,,0.8,https://www.tce.edu/events
5,"GSDP Certificate Course on ""Waste Optimization Professional""",,0.8,https://www.tce.edu/events
6,25th Silver Jubilee Reunion of the 1997 - 2001 Batch,,0.8,https://www.tce.edu/events
7,International Conference On Contemporary Mathematics And Innovations ( ICCMI - 2026),,0.8,https://www.tce.edu/events
10,Shakti Math 2026 A Six-Day Online Course for Young Students (5th to 8th grade School Students),,0.8,https://www.tce.edu/events
11,Institution Innovation Council (IIC) signed 29 MoUs with industries and raised ₹99.58 lakh in consultancy revenue.,2024-25,0.8,https://www.tce.edu/
12,"Hosted MSME Hackathon 4.0, granting ₹15 lakh for student innovations.",2024-25,0.8,https://www.tce.edu/
13,"Centers like TSSCAR and CEEPT offer industrial training, prototyping, and testing support, bridging academia and industry.",2024-25,0.8,https://www.tce.edu/
14,"Regular collaboration with Thoughtworks, Amazon, BHEL, and IIT Bombay enables real-time exposure to emerging technologies.",2024-25,0.8,https://www.tce.edu/
15,"Achieved 1,595 WoS and 4,432 Scopus-indexed publications with 42 design patents filed.",2024-25,0.8,https://www.tce.edu/
16,345 students,2024-25,0.8,https://www.tce.edu/
17,I am thrilled to share that I,2024-25,0.8,https://www.tce.edu/
18,Graduating in 2025 with good performance,2024-25,0.8,https://www.tce.edu/
19,I am proud to tell that I,2024-25,0.8,https://www.tce.edu/
20,"rigorous training programs, practice interviews, and personalized career guidance",2024-25,0.8,https://www.tce.edu/
21,Graduating as a rank holder in 2023,2024-25,0.8,https://www.tce.edu/
22,"management's focus on providing state-of-the-art facilities, comprehensive placement training, and a nurturing environment helped me develop both professionally and personally.",2024-25,0.8,https://www.tce.edu/
23,"regular training sessions, mock interviews, and career guidance",2024-25,0.8,https://www.tce.edu/
24,"Being a member of the NSS provided me with a unique opportunity to contribute to society and develop a deeper understanding of social responsibility, shaping my personality and broadening my perspective.",2024-25,0.8,https://www.tce.edu/
25,college’s placement training,2024-25,0.8,https://www.tce.edu/
26,"This, along with the placement coaching, encouragement, and guidance I received, helped me secure a position at Caterpillar Inc., an MNC.",2024-25,0.8,https://www.tce.edu/
27,"department provided great opportunities for growth through training, workshops, and industry programs.",2024-25,0.8,https://www.tce.edu/
28,Placement training sessions played a key role in preparing me for interviews and helped me secure a job at Tata Consultancy Services (TCS).,2024-25,0.8,https://www.tce.edu/
29,"placement training programs, sessions with alumni placed in the corresponding companies all these",2024-25,0.8,https://www.tce.edu/
30,"Their guidance, training, and support throughout the placement process",2024-25,0.8,https://www.tce.edu/
31,This milestone reflects the strong academic foundation and industry-oriented learning I received at Thiagarajar College of Engineering.,2024-25,0.8,https://www.tce.edu/
32,"From placement training sessions to continuous mentoring, the faculty members",2024-25,0.8,https://www.tce.edu/
33,Home > Student Welfare > Physical Education > Activities Activities 2023-2024 ACTIVITIES AND ACHIEVEMENTS OF THE PHYSICAL EDUCATION DEPARTMENT IN THE YEAR 2023-2024: ACTIVITIES,2023-24,0.8,https://www.tce.edu/index.php/student/physical-education/activities
34,"OPEN TOURNAMENTS State level Men’s Hockey Tournament (Aug 28,29-2023) Thiru Karumuttu Thiagarajan Chettiar 2 nd Memorial State Level Hockey Tournament",2023-24,0.8,https://www.tce.edu/index.php/student/physical-education/activities
35,"Thiru Karumuttu Thiagarajar Chettiar Second Memorial State Level Inter College Engineering Men's Cricket Tournament(From 11 To 13 April, 2024) PRICE DISTRIBUTION PHOTOS: Results: • Winner: St.",2023-24,0.8,https://www.tce.edu/index.php/student/physical-education/activities
36,Joseph’s • Runner: ACE • Second Runner: Kongunadu • Third Runner: TCE 1st Karumuttu T.Kannan Memorial Open State Level (Non Medalist) Badminton Men Tournament 2023-24,2023-24,0.8,https://www.tce.edu/index.php/student/physical-education/activities
37,"MENS DOUBLES RESULTS: 1st PrizeKathir, Hrithick Manikam (YRTV) 2nd PrizeSri Ram, Srihariharan (Falcons GURU) 3rd PrizeMani, Yogesh (IBA) 4th PrizePrem Nazir, Kumar (IBA) VETERANS: VETERAN DOUBLES RESULTS 1st PrizePrem",2023-24,0.8,https://www.tce.edu/index.php/student/physical-education/activities
38,EVENT PHOTOS: ORGANIZERS OF THE EVENTS: PRIZE WINNERS: ANNA UNIVERSITY SPORTS BOARD ZONE 16 TOURNAMENTS,2023-24,0.8,https://www.tce.edu/index.php/student/physical-education/activities
39,"Badminton (M) Winners Badminton (W) Winners Anna University, Chennai Zone XVI Inter Collegiate Hockey tournament for Men",2023-24,0.8,https://www.tce.edu/index.php/student/physical-education/activities
40,Hockey (M) Winners MADURAI HALF MARATHON,2023-24,0.8,https://www.tce.edu/index.php/student/physical-education/activities
41,Medical College matathon mass participation award to our College INTRA & INTER DEPARTMENT TOURNAMENTS: The following various Intra & Inter Department Tournaments,2023-24,0.8,https://www.tce.edu/index.php/student/physical-education/activities
42,EVENT Men Women 10K Walk Men - Long Jump Men Women 100 Mts Men Women 1500 Mts Men Women High Jump Men Women 400 Mts Men Women Triple Jump Men Women Hammer Throw Men Women 800 Mts Men Women 10K Run Men Women Discuss,2023-24,0.8,https://www.tce.edu/index.php/student/physical-education/activities
43,TCE Inter department results Staff Tournaments for Teaching and Non Teaching event details TCE Sports Alumni Meet 2023-2024 Dates S.No Dates Teams 1.,2023-24,0.8,https://www.tce.edu/index.php/student/physical-education/activities
44,"20th April Badminton(M&W) , Handball (M&W) Table Tennis (M&W) & Hockey (M&W) 2022-2023 ACTIVITIES AND ACHIEVEMENTS OF THE PHYSICAL EDUCATION DEPARTMENT IN THE YEAR 2022-2023 ACTIVITIES",2022-23,0.8,https://www.tce.edu/index.php/student/physical-education/activities
45,OPEN TOURNAMENTS,2022-23,0.8,https://www.tce.edu/index.php/student/physical-education/activities
46,ANNA UNIVERSITY SPORTS BOARD ZONE 16 TOURNAMENTS,2022-23,0.8,https://www.tce.edu/index.php/student/physical-education/activities
47,"Anna University, Chennai Zone XVI Inter Collegiate Handball Tournament for men",2022-23,0.8,https://www.tce.edu/index.php/student/physical-education/activities
48,"Anna University, Chennai Zone XVI Inter Collegiate Cricket Tournament for men",2022-23,0.8,https://www.tce.edu/index.php/student/physical-education/activities
49,"EXTRAMURAL TOURNAMENTS Staff matches such as Badminton, Table Tennis, Throw ball, Shot-put, Disc Throw, 100m run & Tug of war for Women and Cricket, Badminton, Volleyball, Table Tennis, Shotput, Disc throw & 100m run",2022-23,0.8,https://www.tce.edu/index.php/student/physical-education/activities
50,INTRA & INTER DEPARTMENT TOURNAMENTS: The following various Intra & Inter Department Tournaments,2023-24,0.8,https://www.tce.edu/index.php/student/physical-education/activities
51,Intra and Inter department Badminton tournament for men and women,2022-23,0.8,https://www.tce.edu/index.php/student/physical-education/activities
52,Intra college Chess competition,2022-23,0.8,https://www.tce.edu/index.php/student/physical-education/activities
53,Inter Department Cricket Tournament,2022-23,0.8,https://www.tce.edu/index.php/student/physical-education/activities
54,"Inter Department Kabaddi Tournament, for men",2022-23,0.8,https://www.tce.edu/index.php/student/physical-education/activities
55,"Inter Department Volleyball men, Tennis and Kabaddi Tournament for women",2022-23,0.8,https://www.tce.edu/index.php/student/physical-education/activities
56,Inter Department Tennis men and Kho-Kho Tournament for women,2022-23,0.8,https://www.tce.edu/index.php/student/physical-education/activities
57,Inter Department Kho-Kho men and Volleyball Tournament for women,2022-23,0.8,https://www.tce.edu/index.php/student/physical-education/activities
58,"Inter Department Ball Badminton men, Table tennis men and women and Football Tournament for women",2022-23,0.8,https://www.tce.edu/index.php/student/physical-education/activities
59,"Inter Department Football men, Handball women and Judo Tournament for men and women",2022-23,0.8,https://www.tce.edu/index.php/student/physical-education/activities
60,Inter Department Ball Badminton women and Basketball Tournament for men,2022-23,0.8,https://www.tce.edu/index.php/student/physical-education/activities
61,Inter Department Handball men and Hockey Tournament for women,2022-23,0.8,https://www.tce.edu/index.php/student/physical-education/activities
62,Inter Department Hockey men and Basketball Tournament for women,2022-23,0.8,https://www.tce.edu/index.php/student/physical-education/activities
63,Inter Department Athletics Meet,2022-23,0.8,https://www.tce.edu/index.php/student/physical-education/activities
64,2021-2022 ACTIVITIES OF THE PHYSICAL EDUCATION DEPARTMENT IN THE YEAR 2021-2022 ACTIVITIES,2021-22,0.8,https://www.tce.edu/index.php/student/physical-education/activities
65,THIAGARAJAR COLLEGE OF ENGINEERING Marathon 2021-22 (TCE Marathon),2021-22,0.8,https://www.tce.edu/index.php/student/physical-education/activities
66,"EXTRAMURAL TOURNAMENTS Anna University, Chennai Zone XVI Inter Collegiate Badminton Tournament for men and women",,0.8,https://www.tce.edu/index.php/student/physical-education/activities
67,"Anna University, Chennai Zone XVI Inter Collegiate Kho-Kho Tournament for men",2023-24,0.8,https://www.tce.edu/index.php/student/physical-education/activities
68,8th Intra and Inter Department Badminton Tournament,,0.8,https://www.tce.edu/index.php/student/physical-education/activities
69,COACHING CAMP Coaching camps,,0.8,https://www.tce.edu/index.php/student/physical-education/activities
70,Home > Student Welfare > NCC NCC National Cadet Corps in Our College,,0.8,https://www.tce.edu/student/ncc
71,NCC of this Institution,,0.8,https://www.tce.edu/student/ncc
72,NCC of our college,,0.8,https://www.tce.edu/student/ncc
73,"4(TN) Engineering Company NCC , a Infantry technical unit",,0.8,https://www.tce.edu/student/ncc
74,This sub-unit,,0.8,https://www.tce.edu/student/ncc
75,"TRAINING Drill, shooting, Physical fitness, map reading, First aid and camp training covering basic of military training in Army, Navy and Air Force.",,0.8,https://www.tce.edu/student/ncc
76,This training,,0.8,https://www.tce.edu/student/ncc
77,"List of NCC Activities: Sl.No Activities 1 Enrollment 2 Regular Parades for I,II,III Year 3 Regular Annual Camps 4 Special Camps (TSC, NIC, RDC, AAC) 5 Trekking 6 IDC, RDC 7 Social Service Activities 8 Swatch Bharat",,0.8,https://www.tce.edu/student/ncc
78,various types of camps attended by the NCC cadets,,0.8,https://www.tce.edu/student/ncc
79,These camps,,0.8,https://www.tce.edu/student/ncc
80,National Integration Camps and Special National Integration Camps,,0.8,https://www.tce.edu/student/ncc
81,These camps,,0.8,https://www.tce.edu/student/ncc
82,"In addition, six Special NICs",,0.8,https://www.tce.edu/student/ncc
83,Impact of NCC: Every Year Cadets,,0.8,https://www.tce.edu/student/ncc
84,"Society grants 500 scholarships of Rs 5,000/- each to NCC Cadets who excel in academics.",,0.8,https://www.tce.edu/student/ncc
85,Every Year Cadets,,0.8,https://www.tce.edu/student/ncc
86,NCC cadets participate in Youth Exchange Programme which,,0.8,https://www.tce.edu/student/ncc
87,"Home > Campus Life > NSS NSS National Service Scheme (NSS) - Thiagarajar College of Engineering The National Service Scheme (NSS) at Thiagarajar College of Engineering functions with two active NSS units, each",,0.8,https://www.tce.edu/campuslife/nss
88,"Through structured programs and community-based initiatives, NSS at TCE provides students with opportunities to contribute meaningfully to society while developing essential life skills and a strong sense of civic duty.",,0.8,https://www.tce.edu/campuslife/nss
89,"NSS Special Camp The NSS Unit of Thiagarajar College of Engineering organizes a seven-day Special Camp annually in adopted villages, focusing on rural development, cleanliness, health awareness, digital literacy,",,0.8,https://www.tce.edu/campuslife/nss
90,"Through community surveys, sanitation and cleanliness drives, health and medical camps, awareness programs, educational sessions for school students, and environmental activities, NSS volunteers actively engage with",,0.8,https://www.tce.edu/campuslife/nss
91,"camp strengthens community bonding while enabling volunteers to develop leadership, teamwork, and social responsibility, truly reflecting the NSS motto, “Not Me, But You” 2.",,0.8,https://www.tce.edu/campuslife/nss
92,Blood Donation Camp A Blood Donation Camp,,0.8,https://www.tce.edu/campuslife/nss
93,All donors,,0.8,https://www.tce.edu/campuslife/nss
94,"Overall, the trekking activity reflected the core values of the National Service Scheme by promoting adventure, unity, and holistic development among student volunteers.",,0.8,https://www.tce.edu/campuslife/nss
95,"Talent Quest for India (TQI) As part of the TQI initiative, NSS volunteers",,0.8,https://www.tce.edu/campuslife/nss
96,This initiative reflected the commitment of NSS volunteers towards educational outreach and student empowerment.,,0.8,https://www.tce.edu/campuslife/nss
97,Republic Day Celebrations Republic Day,,0.8,https://www.tce.edu/campuslife/nss
98,Yoga Day NSS volunteers actively,,0.8,https://www.tce.edu/campuslife/nss
99,"event promoted the importance of physical fitness, mental well-being, and a healthy lifestyle through guided yoga sessions and awareness activities.",,0.8,https://www.tce.edu/campuslife/nss
100,"In the morning session, an interaction",,0.8,https://www.tce.edu/campuslife/nss
101,Independence Day Celebrations NSS volunteers,,0.8,https://www.tce.edu/campuslife/nss
102,"Swachhata hi seva Activities Under the Swachhata Hi Seva initiative, NSS volunteers",,0.8,https://www.tce.edu/campuslife/nss
103,"Launch of first edition of NSS Magazine NSS units launched the inaugural edition of our NSS Magazine, a milestone that celebrates the dedication, achievements, and inspiring journeys of our volunteers.",,0.8,https://www.tce.edu/campuslife/nss
104,"Through articles, event highlights, volunteer experiences, and success stories, we aim to showcase the meaningful impact of NSS activities and the enthusiasm of our volunteers.",,0.8,https://www.tce.edu/campuslife/nss
105,"As we begin this publishing journey, we hope this magazine becomes a platform for sharing ideas, inspiring action, and documenting the remarkable contributions of our NSS family.",,0.8,https://www.tce.edu/campuslife/nss
106,Achievements The TCE NSS Unit received the State Level Award for “Best NSS Unit.” Dr.,,0.8,https://www.tce.edu/campuslife/nss
107,"Siva Ilango, Programme Officer",2022-23,0.8,https://www.tce.edu/campuslife/nss
108,"Gowthaman (B.E., EEE)",2022-23,0.8,https://www.tce.edu/campuslife/nss
109,"Vasanth Boopathi (B.Tech., IT)",2022-23,0.8,https://www.tce.edu/campuslife/nss
110,"Saroja (B.Tech., IT)",2023-24,0.8,https://www.tce.edu/campuslife/nss
111,"Providing training and workshops to the students and faculty to enhance their skills in innovation and entrepreneurship, including design thinking, intellectual property rights (IPR), and start-up management.",,0.8,https://www.tce.edu/industry/iic
112,"Institute Innovation Council Members Faculty Representation in IIC Name of the Member Member Type Dept IIC President Dr.L.Ashok Kumar (Principal) Professor Dept of EEE IIC Vice - President, Convener and ARIIA",,0.8,https://www.tce.edu/industry/iic
113,Innovation Ambassador Innovation Ambassador (IA) program,,0.8,https://www.tce.edu/industry/iic
114,"ChandraKumar, NCC Officer Internal Member 15 Mr.",,0.8,https://www.tce.edu/about/statutory-committees
115,"Babu, NSS Officer Internal Member 16 Dr.",,0.8,https://www.tce.edu/about/statutory-committees
116,These collaborations,,0.8,https://www.tce.edu/about/about-the-college
117,Engineering departments,,0.8,https://www.tce.edu/about/about-the-college
118,TCE students,,0.8,https://www.tce.edu/about/about-the-college
119,"His PhD work on wearable electronics earned him a National Award from ISTE, and he",,0.8,https://www.tce.edu/about/administration
120,"Also, he",,0.8,https://www.tce.edu/about/administration
121,Rajaram completed his Ph.D. in VLSI Design and,,0.8,https://www.tce.edu/about/administration
122,"Kavitha/EEE, March 27 2025 TCE Online Certificate courses, Feb - Mar 2025 138 registrations, comprising students, faculty, and industry professionals across 19 courses 88 (64%) successful completions, showcasing",2024-25,0.8,https://www.tce.edu/academics/tlp-tce
123,"Teaching Learning Workshop on “Interactive Assessment with Plickers”, Dr.",2025-26,0.8,https://www.tce.edu/academics/tlp-tce
124,"Anitha/AMCS, Feb 20, 2025 Two-Day Online Workshop on Interactive and Gamified Learning: Pedagogical Approaches for Teachers in Arts, Science, and Engineering!, Nov 22-23, 2024 Resource Persons: Mr.",2024-25,0.8,https://www.tce.edu/academics/tlp-tce
125,"Shoba, NITTTR, Chennai One0day Pedagogy workshop on “Instructional methods for better teaching & learning”, Nov 7, 2024 3rd Faculty conclave 2024 for sharing Best Teaching Learning Practices , May 03,2024 Half-day",2024-25,0.8,https://www.tce.edu/academics/tlp-tce
126,"Sudarshan Iyengar, IIT Ropar Two-day in-house Faculty workshop on “Effective Educational Practices Of CDIO Framework In OBE Implementation” - August 1 & 2, 2023 Faculty Conclave-2 with 66 participants - March 25, 2023",2022-23,0.8,https://www.tce.edu/academics/tlp-tce
127,"Ramamurthy Natarajan, Former Chairman, AICTE and Former Director, IIT Madras Faculty Conclave - 1 with 98 participants - March 19, 2022 Strategic Planning for Effective CDIO Implementation at TCE - Feb 9, 2022 In-house",2021-22,0.8,https://www.tce.edu/academics/tlp-tce
128,"Janarthanan, NITTTR-Chennai In-house workshop on “Design of online courses” -Jan 23 & 31, 2021: Resource person - Dr.",2021-22,0.8,https://www.tce.edu/academics/tlp-tce
129,IIEECP EPICS EER ICTIEE Demand based courses/programs/workshops IUCEE student Programs IUCEE INTERNATIONAL ENGINEERING EDUCATOR’S CERTIFICATION PROGRAM (IIEECP) TCE Faculty,,0.8,https://www.tce.edu/academics/tlp-tce
130,This workshop,,0.8,https://www.tce.edu/academics/tlp-tce
131,"Bhavani,2024, Evaluating Student Attitudes and Behaviors through SEAL to Achieve Holistic Development in Engineering Education, Journal of Engineering Education Transformations, Volume: 37, Issue: Special Issue 2,",2024-25,0.8,https://www.tce.edu/academics/tlp-tce
132,"Prakash Assistant Professor, Mechanical Engineering Sponsored Projects 2025-2026 LIST OF RESEARCH GRANTS RECEIVED BY THE INSTITUTION AND ITS FACULTIES THROUGH GOVERNMENT AND NON-GOVERNMENT SOURCES 2025-2026 S.No Name of",2024-25,0.8,https://www.tce.edu/research/sponsored-research
133,5 Lakhs 17 Dr P Jeyadurga Designing and Development of Variables X-bar Control Chart based on Median Run Length under Special Purpose Sampling Procedures SERB -CRG 3 Years 2023 Rs.21.22 Lakhs 18 Dr L Ashok Kumar Dr S,2024-25,0.8,https://www.tce.edu/research/sponsored-research
134,This provision,2024-25,0.8,https://www.tce.edu/research/sponsored-research
135,"With a student-centric environment, TCE encourages participation in a wide array of activities, including technical symposiums, sports tournaments, cultural festivals, and student clubs.",,0.8,https://www.tce.edu/campuslife
136,"lush green campus fosters collaboration and personal growth, supported by well-equipped facilities such as libraries, sports complexes, hostels, and innovation labs.",,0.8,https://www.tce.edu/campuslife
137,"Students actively engage in National Service Scheme (NSS), National Cadet Corps (NCC), and various professional bodies, which nurture leadership and community involvement.",,0.8,https://www.tce.edu/campuslife
138,"Home > Campus Life > Sports Sports Department of Physical Education Since 1957, this department",,0.8,https://www.tce.edu/campuslife/sports
139,The department is encouraging the students to participate in various sports and games in the international /national /state /university /district levels.The department has been producing tremendous results in the sports,,0.8,https://www.tce.edu/campuslife/sports
140,"Objectives To train the students to become healthy, refine their sports, games skills and develop leadership qualities To identify and nurture the sports talents of the students and coach them systematically to become a",,0.8,https://www.tce.edu/campuslife/sports
141,Shanthi Sweeper Sports facilities Indoor Spaces Outdoor Spaces Table Tennis 5 Boards Cricket Net Practice 2 Nos.,,0.8,https://www.tce.edu/campuslife/sports
142,Total indoor and outdoor playground area 17 Acres Achievements 2023-2024 S.N Discipline Name Achievements 1 Kho-Kho Roshini S Represented Anna University in the SOUTH ZONE INTER UNIVERSITY KHO-KHO Championship (W),2023-24,0.8,https://www.tce.edu/campuslife/sports
143,3 Shooting Tanish Milind Salunkhe RepresentedAnna University in INTER-UNIVERSITY PISTOL SHOOTING & AIR RIFLE (M) Tournament,2023-24,0.8,https://www.tce.edu/campuslife/sports
144,4 Inter zone-Athletics Sakthi kishore Represented the Athletics team of Thiagarajar college of Engineering in Anna University Inter Zonal Tournament,2023-24,0.8,https://www.tce.edu/campuslife/sports
145,5 Inter zone-Athletics SahayaJerlin T Represented the Athletics team of Thiagarajar college of Engineering in Anna University Inter Zonal Tournament,2023-24,0.8,https://www.tce.edu/campuslife/sports
146,6 Inter zone-Athletics Varun Krishnan Represented the Athletics team of Thiagarajar college of Engineering in Anna University Inter Zonal Tournament,2023-24,0.8,https://www.tce.edu/campuslife/sports
147,7 Inter zone-Judo Vimal Raj M Achieved 1 Bronze medalin Anna University Inter Zonal Tournament,2023-24,0.8,https://www.tce.edu/campuslife/sports
148,8 Zone-Athletics Ageshwaran M Achieved first position and win gold medal in 100 meter.Achieved first position and win gold medal in 200 meter.,2023-24,0.8,https://www.tce.edu/campuslife/sports
149,9 Athletics Ajaykarthick V Achieved first position and win gold medal in 110 meter(H).Achieved Third position and win bronze medal in High jump.,2023-24,0.8,https://www.tce.edu/campuslife/sports
150,10 Athletics Kaushik D Achieved first position and win gold medal in Long jump.,2023-24,0.8,https://www.tce.edu/campuslife/sports
151,11 Athletics Varun Krishna Achieved first position and win gold medal in High Jump.,2023-24,0.8,https://www.tce.edu/campuslife/sports
152,12 Athletics Mukesh C Achieved first position and win gold medal in Pole vault.,2023-24,0.8,https://www.tce.edu/campuslife/sports
153,13 Athletics Sakthi Kishore V Achieved first position and win gold medal in Discuss Throw.Achieved first position and win gold medal in Shot put.,2023-24,0.8,https://www.tce.edu/campuslife/sports
154,14 Athletics Subalakshmi Sujitha K Achieved first position and win gold medal in 5000 meter.,2023-24,0.8,https://www.tce.edu/campuslife/sports
155,15 Athletics Vinotha S Achieved first position and win gold medal in 10000 meter.Achieved second position and win silver medal in High Jump.,2023-24,0.8,https://www.tce.edu/campuslife/sports
156,16 Athletics Vinotha G Achieved first position and win gold medal in 400 meter(H).Achieved Fourth position in 400m.,2023-24,0.8,https://www.tce.edu/campuslife/sports
157,17 Athletics Raja Rajeshwari Achieved first position and win gold medal in 20k Walk.,2023-24,0.8,https://www.tce.edu/campuslife/sports
158,18 Athletics ArockiyaAlvitaJ Achieved first position and win gold medal in Half Marathon.Achieved second position and win silver medal in 10000M 19 Athletics ReeshmanSanofar Achieved first position and win gold medal in,2023-24,0.8,https://www.tce.edu/campuslife/sports
159,20 Athletics SahayaJerlin T Achieved first position and win gold medal in Triple jump.Achieved first position and win gold medal in Heptathlon.,2023-24,0.8,https://www.tce.edu/campuslife/sports
160,21 Athletics RenlinReshmi RS Achieved first position and win gold medal in Hammer Throw.Achieved second position and win silver medal in Discuss Throw.,2023-24,0.8,https://www.tce.edu/campuslife/sports
161,22 Athletics Sanjeev Lakshmanan .P Achieved second position and win silver medal in 5000 meter 23 Athletics Logesh S Achieved second position and win silver medal in Long Jump.,2023-24,0.8,https://www.tce.edu/campuslife/sports
162,24 Athletics Tharani M Achieved second position and win silver medal in Triple Jump.,2023-24,0.8,https://www.tce.edu/campuslife/sports
163,25 Athletics Ajitha R K Achieved second position and win silver medal in 400 meter(H).,2023-24,0.8,https://www.tce.edu/campuslife/sports
164,26 Athletics AtchayaArunaV Achieved second position and win silver medal in Half Marathon.,2023-24,0.8,https://www.tce.edu/campuslife/sports
165,27 Athletics Priya R Achieved second position and win silver medal in Triple Jump.Achieved second position and win silver medal in 200m.,2023-24,0.8,https://www.tce.edu/campuslife/sports
166,28 Athletics Harsha R Achieved Second position and win Silver medal in Hammer Throw 29 Athletics Adhithyan A Achieved Third position and win bronze medal in 400 meter and 1500 meter 30 Athletics Mohammad Mafaas S,2023-24,0.8,https://www.tce.edu/campuslife/sports
167,32 Athletics Karthik J R Achieved Third position and win bronze medal in Shot put.,2023-24,0.8,https://www.tce.edu/campuslife/sports
168,33 Athletics Thiagarajan R Achieved Third position and win bronze medal in Javelin Throw.,2023-24,0.8,https://www.tce.edu/campuslife/sports
169,34 Athletics Arun Rakesh M Achieved Third position and win bronze medal in Pole Vault.,2023-24,0.8,https://www.tce.edu/campuslife/sports
170,35 Athletics Hari Haran S Achieved Third position and win bronze medal in Decathlon.,2023-24,0.8,https://www.tce.edu/campuslife/sports
171,36 Athletics Dinesh Kumar E Achieved Third position and win bronze medal in 20k walk.,2023-24,0.8,https://www.tce.edu/campuslife/sports
172,37 Athletics Nanthini VJ Achieved Third position and win bronze medal in 400m.,2023-24,0.8,https://www.tce.edu/campuslife/sports
173,38 Athletics Joe Magdaline Maria T Achieved Third position and win bronze medal in 100m(H).,2023-24,0.8,https://www.tce.edu/campuslife/sports
174,39 Athletics Harini V Achieved Third position and win bronze medal in Javelin Throw.,2023-24,0.8,https://www.tce.edu/campuslife/sports
175,40 Athletics Manojkumar S Achieved Fourth position in 400m.,2023-24,0.8,https://www.tce.edu/campuslife/sports
176,41 Athletics Thirniya P Achieved Fourth position in 5000m.,2023-24,0.8,https://www.tce.edu/campuslife/sports
177,42 Athletics Pooja Achieved Fourth position in 100m.,2023-24,0.8,https://www.tce.edu/campuslife/sports
178,43 Athletics Ageshwaran M Ajay Karthick Logesh S Manojkumar S Achieved first position and win gold medal in 4*100M Relay(Men).,2023-24,0.8,https://www.tce.edu/campuslife/sports
179,44 Athletics Pooja S ReeshmanSanofar A RenlinReshmi RS Sahaya Jerlin Achieved first position and win gold medal in 4*100M Relay(Women).,2023-24,0.8,https://www.tce.edu/campuslife/sports
180,45 Athletics Subalakshmi Sujitha K AtchayaAruna V Nanthini VJ Vinotha G Achieved first position and win gold medal in 4*400M Relay(Women).,2023-24,0.8,https://www.tce.edu/campuslife/sports
181,46 Athletics Adhithyan A Mohammed Mafaas Mutheeshwaran R Varun Krishna V Achieved Third position and win gold medal in 4*400M Relay(Men).,2023-24,0.8,https://www.tce.edu/campuslife/sports
182,47 Athletics Madurai Open -Varun Krishna V Madurai Open District Athletic Meet,2023-24,0.8,https://www.tce.edu/campuslife/sports
183,48 Athletics Madurai Open -Jeyasurya K Achieved silver medal in 3000M.,2023-24,0.8,https://www.tce.edu/campuslife/sports
184,49 Athletics Madurai Open -Monika S Achieved silver medal in 800M.,2023-24,0.8,https://www.tce.edu/campuslife/sports
185,50 Athletics Madurai Open -ReeshmanSanofar A Achieved silver medal in Long jump.,2023-24,0.8,https://www.tce.edu/campuslife/sports
186,51 Athletics Madurai Open -Adhithyan Achieved bronze medal in Long jump.,2023-24,0.8,https://www.tce.edu/campuslife/sports
187,52 Athletics Madurai Open -Thirniya P Achieved bronze medal in 3000m.,2023-24,0.8,https://www.tce.edu/campuslife/sports
188,53 Athletics Madurai Open -Haripriya C Achieved bronze medal in 1500m.,2023-24,0.8,https://www.tce.edu/campuslife/sports
189,54 Athletics Madurai Open -ArockiyaAlvita J Achieved bronze medal in 800m.,2023-24,0.8,https://www.tce.edu/campuslife/sports
190,55 Athletics Madurai Open -Vinotha G Achieved bronze medal in long jump.,2023-24,0.8,https://www.tce.edu/campuslife/sports
191,56 Athletics Madurai Open -RenlinReshmi RS Achieved bronze medal in Shot put and Discuss Throw.,2023-24,0.8,https://www.tce.edu/campuslife/sports
192,Achieved silver medal 58 Judo Balakumaran G Achieved silver medal 59 Judo AswinnA Achieved silver medal 60 Judo Vimal Raj M Achieved silver medal 61 Judo Aswath M Achieved bronze medal 62 Judo Yashwanth PS Achieved,2023-24,0.8,https://www.tce.edu/campuslife/sports
193,Achieved 4 th position in the Tournament 2 Handball Men’s team Thiru KarumuttuThiagarajanChettiar 2nd Memorial State Level Handball Tournament,2023-24,0.8,https://www.tce.edu/campuslife/sports
194,"Achieved 4 th position in the Tournament 3 Zone-Badminton Men’s team &Women’s team Achieved 1rst position in the Tournament in Anna University, Chennai Zone XVI Inter Collegiate Badminton Tournament for men and women",2023-24,0.8,https://www.tce.edu/campuslife/sports
195,"4 Inter zone-Hockey Men’s team Achieved 1rst position in the Tournament in Anna University, Chennai Zone XVI Inter Collegiate Hockey Tournament for Men",2023-24,0.8,https://www.tce.edu/campuslife/sports
196,5 Inter zone-Kho-Kho Women’s team,2023-24,0.8,https://www.tce.edu/campuslife/sports
197,6 Inter zone-Tennis Women’s team,2023-24,0.8,https://www.tce.edu/campuslife/sports
198,7 Inter zone-Badminton Men’s Team,2023-24,0.8,https://www.tce.edu/campuslife/sports
199,8 Inter zone-Badminton Women’s Team,2023-24,0.8,https://www.tce.edu/campuslife/sports
200,9 Inter zone-Football Women’s Team,2023-24,0.8,https://www.tce.edu/campuslife/sports
201,10 Inter zone-Handball Men’s team,2023-24,0.8,https://www.tce.edu/campuslife/sports
202,11 Inter zone-Handball Women’s Team,2023-24,0.8,https://www.tce.edu/campuslife/sports
203,12 Inter zone-Hockey Men’s team,2023-24,0.8,https://www.tce.edu/campuslife/sports
204,13 Inter zone-Hockey Women’s team,2023-24,0.8,https://www.tce.edu/campuslife/sports
205,15 Zone-Badminton Men’s team &Women’s team The Winners of Anna University Zone 16 Badminton Tournament,2023-24,0.8,https://www.tce.edu/campuslife/sports
206,16 ZoneBall Badminton Men’s team The Winners of Anna University Zone 16 Ball Badminton (M) Tournament,2023-24,0.8,https://www.tce.edu/campuslife/sports
207,17 ZoneBall Badminton Women’s team The Winners of Anna University Zone 16Ball Badminton (W) Tournament,2023-24,0.8,https://www.tce.edu/campuslife/sports
208,18 Zone-Basketball Men’s team The Winners of Anna University Zone 16 Basketball (M) Tournament,2023-24,0.8,https://www.tce.edu/campuslife/sports
209,19 Zone-Basketball Women’s team The Winners of Anna University Zone 16 Basketball (W) Tournament,2023-24,0.8,https://www.tce.edu/campuslife/sports
210,20 Zone-Chess Men’s team The Winners of Anna University Zone 16 Chess Tournament,2023-24,0.8,https://www.tce.edu/campuslife/sports
211,21 Zone-Chess Women’s team The Winners of Anna University Zone 16 Chess Tournament,2023-24,0.8,https://www.tce.edu/campuslife/sports
212,22 Zone-Hockey Men’s team The Winners of Anna University Zone 16 Hockey (M) Tournament,2023-24,0.8,https://www.tce.edu/campuslife/sports
213,24 Zone-Kho-Kho Men’s team The Winners of Anna University Zone 16 Kho-Kho (M) Tournament,2023-24,0.8,https://www.tce.edu/campuslife/sports
214,26 Zone-Table Tennis Men’s team & Women’s team The Winners of Anna University Zone 16 Table Tennis Tournament,2023-24,0.8,https://www.tce.edu/campuslife/sports
215,27 Zone-Volleyball Women’s team The Winners of Anna University Zone 16 Volleyball Tournament,2023-24,0.8,https://www.tce.edu/campuslife/sports
216,2022-2023 S.N Discipline Name Achievements 1 Triple Jump Sahaya Jerlin T Anna University Inter Zonal Tournament,2022-23,0.8,https://www.tce.edu/campuslife/sports
217,2 Disc throw RenlinReshmi R S Anna University Inter Zonal Tournament,2022-23,0.8,https://www.tce.edu/campuslife/sports
218,"3 Badminton Men team &Women team Achieved 1rst position in the Tournament in Anna University, Chennai Zone XVI Inter Collegiate BadmintonTournament for men and women",2022-23,0.8,https://www.tce.edu/campuslife/sports
219,"4 Inter zone-Hockey Men’s team Achieved 1rst position in the Tournament in Anna University, Chennai Zone XVI Inter Collegiate Hockey Tournament for Men",2022-23,0.8,https://www.tce.edu/campuslife/sports
220,9 Football(W) Tharanya M Represented Anna University in the SOUTH ZONE INTER UNIVERSITY FOOTBALL Tournament (W),,0.8,https://www.tce.edu/campuslife/sports
221,11 Shooting(M) Tanish Milind Salunkhe RepresentedAnna University in INTER-UNIVERSITY PISTOL SHOOTING & AIR RIFLE (M) Tournament,2023-24,0.8,https://www.tce.edu/campuslife/sports
222,12 Handball(W) Jayashree V Represented Anna University in the SOUTH ZONE INTER UNIVERSITY HANDBALL (W) Championship,,0.8,https://www.tce.edu/campuslife/sports
223,13 Inter zone-Kho-Kho Men’s team,2022-23,0.8,https://www.tce.edu/campuslife/sports
224,14 Inter zone-Kho-Kho Women’s team,2022-23,0.8,https://www.tce.edu/campuslife/sports
225,15 Inter zone-Judo Men’s team Bagged 1 Silver medal and 1 Bronze medal securing overall third place in Anna University Inter Zonal Judo Tournament,2022-23,0.8,https://www.tce.edu/campuslife/sports
226,16 Inter zone-Athletics Women’s team Bagged 2 Bronze medals in Anna University Inter Zonal Tournament,2022-23,0.8,https://www.tce.edu/campuslife/sports
227,17 Inter zone Handball Women’s team,2022-23,0.8,https://www.tce.edu/campuslife/sports
228,18 Inter zoneTennis Women’s team,2022-23,0.8,https://www.tce.edu/campuslife/sports
229,19 Inter zone Handball Men’s team,2022-23,0.8,https://www.tce.edu/campuslife/sports
230,20 Inter zone Boxing Rashika T,2022-23,0.8,https://www.tce.edu/campuslife/sports
231,21 Zone-Athletics Shyam K Achieved first position and win gold medal in 400 mts Achieved first position and win gold medal in 4x400 mts relay.,2023-24,0.8,https://www.tce.edu/campuslife/sports
232,22 Zone-Athletics Kamalanathan K Achieved first position and win gold medal in 400 mts Hurdles.,2023-24,0.8,https://www.tce.edu/campuslife/sports
233,23 Zone-Athletics Nitish Kumar S Achieved first position and win gold medal in Pole vault.,2023-24,0.8,https://www.tce.edu/campuslife/sports
234,24 Zone-Athletics Varun Krishna Achieved first position and win gold medal in High Jump.,2023-24,0.8,https://www.tce.edu/campuslife/sports
235,25 Zone-Athletics Mukesh C Achieved first position and win gold medal in 4x400 mts Relay.,2023-24,0.8,https://www.tce.edu/campuslife/sports
236,26 Zone-Athletics Savin Kumar S Achieved first position and win gold medal in 4x400 mts relay.,2023-24,0.8,https://www.tce.edu/campuslife/sports
237,27 Zone-Athletics Griharan S Achieved second position and win silver medal in 20 km walking..,2023-24,0.8,https://www.tce.edu/campuslife/sports
238,28 Zone-Athletics Gopinath K S Achieved second position and win silver medal in 20 km walking.,2023-24,0.8,https://www.tce.edu/campuslife/sports
239,29 Zone-Athletics Hariharan S Achieved second position and win silver medal in discuss throw.,2023-24,0.8,https://www.tce.edu/campuslife/sports
240,30 Zone-Athletics Sri Ram K Achieved third position and win bronze medal in 20km Walk.,2023-24,0.8,https://www.tce.edu/campuslife/sports
241,31 Zone-Athletics Gokul S Achieved third position and win bronze medal in 5 km 32 Zone-Athletics Karthik J R Achieved third position and win bronze medal in shot put.,2023-24,0.8,https://www.tce.edu/campuslife/sports
242,33 Zone-Athletics Janaki Raman P Achieved third position and win bronze medal in Decathlon.,2023-24,0.8,https://www.tce.edu/campuslife/sports
243,34 Zone-Athletics Surya Prakash P Achieved fourth position in 110m Hurdles.,2023-24,0.8,https://www.tce.edu/campuslife/sports
244,35 Zone-Athletics Manojkumar S Achieved fourth position in 110m Hurdles.,2023-24,0.8,https://www.tce.edu/campuslife/sports
245,36 Zone-Athletics Palani Kumar S Achieved fourth position in 100 mts.,2023-24,0.8,https://www.tce.edu/campuslife/sports
246,37 Zone-Athletics Muthu Kumar B Achieved fourth position in Shotput.,2023-24,0.8,https://www.tce.edu/campuslife/sports
247,38 Zone-Athletics Tharanya M Achieved first position and win gold medal in 10 km.,2023-24,0.8,https://www.tce.edu/campuslife/sports
248,39 Zone-Athletics Reshma A Achieved first position and win gold medal in 5 km.,2023-24,0.8,https://www.tce.edu/campuslife/sports
249,40 Zone-Athletics Subalakshmi Sujitha K Achieved first position and win gold medal in 1500 mts.,2023-24,0.8,https://www.tce.edu/campuslife/sports
250,41 Zone-Athletics Ajitha R Achieved first position and win gold medal in 400 mts Hurdle.,2023-24,0.8,https://www.tce.edu/campuslife/sports
251,42 Zone-Athletics Vinotha G Achieved first position and win gold medal in 100 mts Hurdle.,2023-24,0.8,https://www.tce.edu/campuslife/sports
252,"43 Zone-Athletics Sahaya Jerlin T Achieved First position and win Gold medal in Triple Jump,Heptathlon and in 4x100 mts relay.",2023-24,0.8,https://www.tce.edu/campuslife/sports
253,44 Zone-Athletics Renlin Reshmi R S Achieved First position and win Gold medal in Hammer Throw and 4x100 mts relay.,2023-24,0.8,https://www.tce.edu/campuslife/sports
254,45 Zone-Athletics Pooja S Achieved First position and win Gold medal in 4x100 mts relay.,2023-24,0.8,https://www.tce.edu/campuslife/sports
255,46 Zone-Athletics Nanthini V J Achieved First position and win Gold medal in 4x400 mts relay.,2023-24,0.8,https://www.tce.edu/campuslife/sports
256,47 Zone-Athletics Vaishnavi M G Achieved Second position and win Silver medal in 20km Walking.,2023-24,0.8,https://www.tce.edu/campuslife/sports
257,48 Zone-Athletics Thirniya P Achieved Second position and win Silver medal in 100mts Hurdles.,2023-24,0.8,https://www.tce.edu/campuslife/sports
258,49 Zone-Athletics Harsha R Achieved Second position and win Silver medal in Hammer Throw.,2023-24,0.8,https://www.tce.edu/campuslife/sports
259,50 Zone-Athletics Reena Sree S Achieved Third position and win bronze medal in 21km.,2023-24,0.8,https://www.tce.edu/campuslife/sports
260,51 Zone-Athletics Roshini S Achieved Third position and win Bronze medal in 10km.,2023-24,0.8,https://www.tce.edu/campuslife/sports
261,52 Zone-Athletics Reeshman Sanofar A Achieved Fourth position in 100mts.,2023-24,0.8,https://www.tce.edu/campuslife/sports
262,53 Zone-Athletics Sruthi S Achieved First position and win Gold medal in High Jump and 4x100mts.,2023-24,0.8,https://www.tce.edu/campuslife/sports
263,54 Open Tournaments CM Trophy SNEHAPOORNI K,2022-23,0.8,https://www.tce.edu/campuslife/sports
264,55 Open Tournaments CM Trophy SHRINITHA S S,2022-23,0.8,https://www.tce.edu/campuslife/sports
265,56 Open Tournaments CM Trophy Varun Krishna V,2022-23,0.8,https://www.tce.edu/campuslife/sports
266,57 Open Tournaments CM Trophy Renlin Reshmi R S,2022-23,0.8,https://www.tce.edu/campuslife/sports
267,58 Open Tournaments CM Trophy SubalakshmiSujitha K Achieved Second position and win Silver medal in 3000mts.,2022-23,0.8,https://www.tce.edu/campuslife/sports
268,Achieved Third position and win Bronze medal in 1500mts 59 Open Tournaments CM Trophy Pooja S Achieved Second position and win Silver medal in 100mts.,2022-23,0.8,https://www.tce.edu/campuslife/sports
269,60 Open Tournaments CM Trophy Sahaya Jerlin T Achieved Second position and win Silver medal in Triple Jump.,2022-23,0.8,https://www.tce.edu/campuslife/sports
270,61 Open Tournaments CM Trophy Shalini L K Achieved Third position and win Bronze medal in 3000mts 62 Open Tournaments CM Trophy Janakiraman P Achieved Third position and win Bronze medal in 800mts and 400 mts.,2022-23,0.8,https://www.tce.edu/campuslife/sports
271,63 Open Tournaments CM Trophy Mukesh C Achieved Third position and win Bronze medal in Long Jump.,2022-23,0.8,https://www.tce.edu/campuslife/sports
272,73 Zone--Athletics Men’s Team,2023-24,0.8,https://www.tce.edu/campuslife/sports
273,74 Zone-Athletics Women’s Team,2023-24,0.8,https://www.tce.edu/campuslife/sports
274,78 Zone-Cricket Men’s Team,,0.8,https://www.tce.edu/campuslife/sports
275,10 BasketBall Men’s team Represented Anna University Sports Board Selection Trials,2021-22,0.8,https://www.tce.edu/campuslife/sports
276,11 Football Men’s team Represented Anna University Sports Board Selection Trials,2021-22,0.8,https://www.tce.edu/campuslife/sports
277,12 Aquatics Men’s team Represented Anna University Sports Board Selection Trials,2021-22,0.8,https://www.tce.edu/campuslife/sports
278,13 Athletics Men’s team Represented Anna University Sports Board Selection Trials,2021-22,0.8,https://www.tce.edu/campuslife/sports
279,14 Fencing Men’s team Represented Anna University Sports Board Selection Trials,2021-22,0.8,https://www.tce.edu/campuslife/sports
280,15 Ball Badminton Men’s team Represented Anna University Sports Board Selection Trials,2021-22,0.8,https://www.tce.edu/campuslife/sports
281,16 Best Physique Men’s team Represented Anna University Sports Board Selection Trials,2021-22,0.8,https://www.tce.edu/campuslife/sports
282,17 Taekwondo Men’s team Represented Anna University Sports Board Selection Trials,2021-22,0.8,https://www.tce.edu/campuslife/sports
283,24 BasketBall Men’s team Represented Anna University Sports Board Selection Trials,2021-22,0.8,https://www.tce.edu/campuslife/sports
284,25 Football Men’s team Represented Anna University Sports Board Selection Trials,2021-22,0.8,https://www.tce.edu/campuslife/sports
285,26 Aquatics Men’s team Represented Anna University Sports Board Selection Trials,2021-22,0.8,https://www.tce.edu/campuslife/sports
286,27 Atheletics Men’s team Represented Anna University Sports Board Selection Trials,2021-22,0.8,https://www.tce.edu/campuslife/sports
287,28 Fencing Men’s team Represented Anna University Sports Board Selection Trials,2021-22,0.8,https://www.tce.edu/campuslife/sports
288,29 Ball Badminton Men’s team Represented Anna University Sports Board Selection Trials,2021-22,0.8,https://www.tce.edu/campuslife/sports
289,30 Best Physique Men’s team Represented Anna University Sports Board Selection Trials,2021-22,0.8,https://www.tce.edu/campuslife/sports
290,31 Taekwondo Men’s team Represented Anna University Sports Board Selection Trials,2021-22,0.8,https://www.tce.edu/campuslife/sports
291,Assessment Module: The training and placement cell of the college can schedule tests (both aptitude and programming).,,0.8,https://www.tce.edu/campuslife/skill-rack
292,Internal college contests can be,,0.8,https://www.tce.edu/campuslife/skill-rack
293,Home > Campus Life > Capacity Development and Skill Enhancement Capacity Development and Skill Enhancement Soft Skill Programmes,,0.8,https://www.tce.edu/campuslife/capacity-development-and-skill-enhancement
294,"These initiatives help students develop fresh perspectives, improve problem-solving abilities, and build confidence in both verbal and group collaboration.",,0.8,https://www.tce.edu/campuslife/capacity-development-and-skill-enhancement
295,Home > Campus Life > NCC NCC National Cadet Corps in Our College,,0.8,https://www.tce.edu/campuslife/ncc
296,NCC of this Institution,,0.8,https://www.tce.edu/campuslife/ncc
297,NCC of our college,,0.8,https://www.tce.edu/campuslife/ncc
298,"4(TN) Engineering Company NCC , a Infantry technical unit",,0.8,https://www.tce.edu/campuslife/ncc
299,This sub-unit,,0.8,https://www.tce.edu/campuslife/ncc
300,"TRAINING Drill, shooting, Physical fitness, map reading, First aid and camp training covering basic of military training in Army, Navy and Air Force.",,0.8,https://www.tce.edu/campuslife/ncc
301,This training,,0.8,https://www.tce.edu/campuslife/ncc
302,List of NCC Activities: 1.,,0.8,https://www.tce.edu/campuslife/ncc
303,Weapon Training by NCC cadets during CATC Camp At NTA -Idayapatty-Jan 2021 2.,2021-22,0.8,https://www.tce.edu/campuslife/ncc
304,Cultural Performance by NCC cadets during CATC Camp At NTA -Idayapatty-Jan 2021 3.,2021-22,0.8,https://www.tce.edu/campuslife/ncc
305,Swab Test to our college staff members,,0.8,https://www.tce.edu/campuslife/ncc
306,70th NCC day celebration at Inba Illam Orphanage home with Officer Commanding Col.,,0.8,https://www.tce.edu/campuslife/ncc
307,NCC Cadets demonstrating Wagah Border during IDC 2025.,2025-26,0.8,https://www.tce.edu/campuslife/ncc
308,"IDC 2025 34.Flag Hoisting by the Principal Dr.L.Ashok Kumar during IDC 2025 Sl.No Activities 1 Enrollment 2 Regular Parades for I,II,III Year 3 Regular Annual Camps 4 Special Camps (TSC, NIC, RDC, AAC) 5 Trekking 6 IDC,",2025-26,0.8,https://www.tce.edu/campuslife/ncc
309,various types of camps attended by the NCC cadets,,0.8,https://www.tce.edu/campuslife/ncc
310,These camps,,0.8,https://www.tce.edu/campuslife/ncc
311,National Integration Camps and Special National Integration Camps,,0.8,https://www.tce.edu/campuslife/ncc
312,These camps,,0.8,https://www.tce.edu/campuslife/ncc
313,"In addition, six Special NICs",,0.8,https://www.tce.edu/campuslife/ncc
314,"Gayatri (III Year EEE) marched in the Republic Day Camp (RDC) parade at the Prime Minister's rally in Delhi on Republic Day, 26 Jan 2024 and received the DG Commendation Award This achievement not only reflects her",2023-24,0.8,https://www.tce.edu/campuslife/ncc
315,"T 2022 CSE TN18SWA 726077 NTRO (NationalTechnical Research Organisation), a central government technical intelligence agency under PM office 2023 5 Shakthipreethi Paranthaman 2020 MECH TN16SWA/ 326052 OFFICERS TRAINING",2022-23,0.8,https://www.tce.edu/campuslife/ncc
316,"Society grants 500 scholarships of Rs 5,000/- each to NCC Cadets who excel in academics.",2023-24,0.8,https://www.tce.edu/campuslife/ncc
317,"Every Year, Cadets attend the NCC Special Entry Mode recruitments in the Armed Forces.",,0.8,https://www.tce.edu/campuslife/ncc
318,"NCC cadets participate in the Youth Exchange Programme, which",,0.8,https://www.tce.edu/campuslife/ncc
319,"In addition, the college offers a 2-credit NCC elective, enabling cadets to integrate their NCC experience with their academic journey.",,0.8,https://www.tce.edu/campuslife/ncc
320,"Through these endeavors, our NCC unit not only instills discipline and patriotism but also molds our students into responsible citizens and future leaders of the nation.",,0.8,https://www.tce.edu/campuslife/ncc
321,"NCC Officers: Captain Dr.T.Chandrakumar, 9865108814 Lieut.",,0.8,https://www.tce.edu/campuslife/ncc
322,Weapon Training by NCC cadets during CATC Camp At NTA -Idayapatty-Jan 2021,2021-22,0.8,https://www.tce.edu/campuslife/ncc
323,Cultural Performance by NCC cadets during CATC Camp At NTA -Idayapatty-Jan 2021,2021-22,0.8,https://www.tce.edu/campuslife/ncc
324,No Name of the Activity 1 Introduction of YRC for first year in orientation program 2 Fire Safety program 3 Blood Donation Camp - I 4 Basic Life Support program 5 Trekking - I 6 Food Safety Awareness program 7 Organ,,0.8,https://www.tce.edu/campuslife/yrc
325,"Just a year after the release of this book, an international conference",,0.8,https://www.tce.edu/campuslife/yrc
326,"Later, a branch of the same Committee",,0.8,https://www.tce.edu/campuslife/yrc
327,"Home > Industry > E-Cell E-Cell Overview The TCE Entrepreneurship Cell (E-Cell) serves as a hub for fostering innovation, entrepreneurship, and industry collaboration among students and faculty.",,0.8,https://www.tce.edu/industry/ecell
328,"Major Initiatives E-Summit: A flagship event bringing together students, entrepreneurs, and industry experts for networking and knowledge sharing.",,0.8,https://www.tce.edu/industry/ecell
329,"NeN Ignite Program: A structured program focusing on ideation, validation, and early-stage development of start-up ideas",,0.8,https://www.tce.edu/industry/ecell
330,E-Cell Events 2022-2023 S.No Date Details 1 05.09.2022 Inaugural of TCEIITM Build Club and E-Cell 2 05.09.2022 TCE E-Cell Students Projects Display 3 13.10.22 - 15.10.22 Empower Conference at IITM RP 4 14.10.22 Figma,2022-23,0.8,https://www.tce.edu/industry/ecell
331,Home > Industry > Thiagarajar Entrepreneur Network (TEN) Thiagarajar Entrepreneur Network (TEN) Overview Thiagarajar Entrepreneur Network (TEN),,0.8,https://www.tce.edu/industry/ten
332,This network,,0.8,https://www.tce.edu/industry/ten
333,"During this event, students of present batch and alumni entrepreneurs gathered at TCE and this event conceptualized to foster interaction between them and also to motivate this aspiring entrepreneur students.",,0.8,https://www.tce.edu/industry/ten
334,TSS CAR,,0.8,https://www.tce.edu/nodal-centre/tss-car
335,"To enable consultancy, training and testing projects to support industry needs.",,0.8,https://www.tce.edu/nodal-centre/tss-car
336,ISRO-IIRS Outreach Programs,,0.8,https://www.tce.edu/nodal-centre/isro-iirs-outreach-programmes
337,"Since its inception as nodal centre, TCE",,0.8,https://www.tce.edu/nodal-centre/isro-iirs-outreach-programmes
338,IIRs Outreach Programme focuses on strengthening the Academia and User Segments in Space Technology and Its applications using Online Learning Platforms.,,0.8,https://www.tce.edu/nodal-centre/isro-iirs-outreach-programmes
339,live and interactive mode of distance learning,,0.8,https://www.tce.edu/nodal-centre/isro-iirs-outreach-programmes
340,Universities/institutions/Institute: We,,0.8,https://www.tce.edu/nodal-centre/isro-iirs-outreach-programmes
341,"Select your university, if your university",,0.8,https://www.tce.edu/nodal-centre/isro-iirs-outreach-programmes
342,A-VIEW can also act as an online meeting tool that can support online social collaboration and interactions with multiple users from various locations simultaneously.,,0.8,https://www.tce.edu/nodal-centre/isro-iirs-outreach-programmes
343,Award of Certificate Working Professionals: Based,,0.8,https://www.tce.edu/nodal-centre/isro-iirs-outreach-programmes
344,"IIRS received two national awards for excellence in training for outreach and e-learning programme by Department of Personnel & Training (DoPT), Govt. of India in collaboration with United Nations Development Programme",,0.8,https://www.tce.edu/nodal-centre/isro-iirs-outreach-programmes
345,"For further details on ISRO-START program, click the following annexure II For Contact Dr A Alaguraja - Coordinator ISROIIRS outreach program Professor, Department of Electronics and Communication Engineering,",,0.8,https://www.tce.edu/nodal-centre/isro-iirs-outreach-programmes
346,"Home > Centres of Excellence Centres of Excellence Centres of Excellence ABOUT CoE Thiagarajar College of Engineering (TCE), Madurai",,0.8,https://www.tce.edu/nodal-centre/centres-excellence
347,objective of these centres,,0.8,https://www.tce.edu/nodal-centre/centres-excellence
348,"Balamurali, ASP/Mech M/s TVS Motor Company, Hosur Product Engineering Lab - Design Product Build Lab - Manufacturing Product Reliability Lab - Testing Electric Vehicle Lab - Testing Centre for Electronic Product Testing",,0.8,https://www.tce.edu/nodal-centre/centres-excellence
349,"RamalingaChandrasekar, AP/Chem Thiagarajar College R&D lab for waste plastics characterization and reuse/utilization List of instrument facilities given in Annexure - 1 Testing and Certification Collaborations and",2024-25,0.8,https://www.tce.edu/nodal-centre/centres-excellence
350,"Bentely Education and its authorized training partner TechApps Consulting Pvt., Ltd, Chennai i) STAAD Pro (Foundation, RCDC, RAM connection) - 120 users |ii) Open Building Designer (OBD)- 120 users ii) Synchro 4D - 120",2024-25,0.8,https://www.tce.edu/nodal-centre/centres-excellence
351,"1,62,000/- generated in April 2025 3) Lab internship for other college UG/PG students on STAAD Pro RCDC to be",2024-25,0.8,https://www.tce.edu/nodal-centre/centres-excellence
352,"Padmavathi, Prof/IT AWS Access to AWS Academy portal on request. (Based on the certification course, Nominal fees may be collected from the learners enrolled) Student AWS Certification Programme Five day Training",2025-26,0.8,https://www.tce.edu/nodal-centre/centres-excellence
353,102 students and 2 faculty members successfully completed the training and certified as AWS Academy Graduates of Cloud Architecting Faculty Training Programme Five day FDP on AWS Cloud Foundations,2023-24,0.8,https://www.tce.edu/nodal-centre/centres-excellence
354,Conduct high quality industry relevant skill training in industry simulated environment for faculty members and students on emerging technologies of Electronics systems.,2024-25,0.8,https://www.tce.edu/nodal-centre/centres-excellence
355,"Identify the emerging trends in industry by conducting national level conferences, Hackathon / Project based learning, Technical meet up, workshops to promote innovation among aspiring candidates.",2024-25,0.8,https://www.tce.edu/nodal-centre/centres-excellence
356,"Ramkumar, AP/Chem Seeking collaboration with a hydrogen fuel manufacturer and individuals involved in green hydrogen-based electric vehicles.",2025-26,0.8,https://www.tce.edu/nodal-centre/centres-excellence
357,Promote industrial collaboration for technologyscale-up and commercialization.,,0.8,https://www.tce.edu/nodal-centre/centres-excellence
358,"Sivakumar Collaboration with Iner-University Accelerator Centre, New Delhi.",2025-26,0.8,https://www.tce.edu/nodal-centre/centres-excellence
359,"Seeking collaboration with Emerald Gold Company, Coimbatore.",2025-26,0.8,https://www.tce.edu/nodal-centre/centres-excellence
360,Strengthening academic-industry collaboration in green hydrogen and energy storage sectors.,2025-26,0.8,https://www.tce.edu/nodal-centre/centres-excellence
361,Training modules and certifications supported by ICT Academy Upgrade the skill sets of the student community in the emerging domain of Data Analytics through Training programs Workshops Certification Courses Provide,2025-26,0.8,https://www.tce.edu/nodal-centre/centres-excellence
362,"ConverSight.AI extends its support to faculty and students through mentorship, technical training, and industry internships, enabling the design and deployment of intelligent assistants, predictive analytics systems,",2025-26,0.8,https://www.tce.edu/nodal-centre/centres-excellence
363,"25 Fuji Electri Centre of Excellence - Innovation Hub for Automation and Drives EEE 2025 Dr.M.Meenakshi Devi, AP/ EEE Fuji Electric It",2025-26,0.8,https://www.tce.edu/nodal-centre/centres-excellence
364,Workshop on “Bentley Innovation in Civil Infrastructure - A Spectrum of Applications”,2024-25,0.8,https://www.tce.edu/nodal-centre/centres-excellence
365,3 day FDP on “BIM integrated Project Management” for members from Academia and Industry planned during the 3rd week of July 2025 in collaboration with Bentely Education and its authorized training partner TechApps,2025-26,0.8,https://www.tce.edu/nodal-centre/centres-excellence
366,One day inhouse industry - academia training programme on “Design of Bridges using MIDAS” -8.2.2025,2024-25,0.8,https://www.tce.edu/nodal-centre/centres-excellence
367,National level workshop on “Applications of MIDAS -Civil in infrastructure - 21 stMarch 2025,2025-26,0.8,https://www.tce.edu/nodal-centre/centres-excellence
368,3 day FDP on Theory to Terrain: Bridge Design Concepts with MIDASCivil - 12 th to 14 th June 2025,2025-26,0.8,https://www.tce.edu/nodal-centre/centres-excellence
369,"Mobile and Web app developments 13 Centre of Excellence in Hydrogen Energy Research Chemistry 2025 Dr. M. Kottaisamy, Prof & Head/Chem Dr. P. Velusamy, AP/Phy Dr. P. Ramkumar, AP/Chem Seeking collaboration with a",2025-26,0.8,https://www.tce.edu/nodal-centre/centres-excellence
370,"Conducted in hybrid mode, the conference provides a platform for knowledge exchange, innovation and collaboration towards developing resilient and environmentally responsible built",,0.8,https://www.tce.edu/events/icaic-2026
371,Microsoft CMT service,,0.8,https://www.tce.edu/events/icaic-2026
372,Visit the conference website Click Here,,0.8,https://www.tce.edu/events/icaic-2026
373,newsletter highlights the diverse activities,2024-25,0.8,https://www.tce.edu/sites/default/files/PDF/TCE-Newsletter-2026-Final-Corrected-Version.pdf
374,"Standing as a testament to the collective efforts and enthusiasm of our college community, this publication promotes effective communication, fosters creativity and collaboration, and serves as a valuable record of the",2024-25,0.8,https://www.tce.edu/sites/default/files/PDF/TCE-Newsletter-2026-Final-Corrected-Version.pdf
375,"These facilities enable rapid prototyping, hardware/software integration, and interdisciplinary collaboration, allowing students to translate ideas into tangible outcomes.",2024-25,0.8,https://www.tce.edu/sites/default/files/PDF/TCE-Newsletter-2026-Final-Corrected-Version.pdf
376,75 Faculty completed Industry Certifications / Fellowships from HLI Interdisciplinary certifications through Skill Development Programmes and Value-added courses.,2024-25,0.8,https://www.tce.edu/sites/default/files/PDF/TCE-Newsletter-2026-Final-Corrected-Version.pdf
377,Short-term certification courses and outreach for school students.,2024-25,0.8,https://www.tce.edu/sites/default/files/PDF/TCE-Newsletter-2026-Final-Corrected-Version.pdf
378,Summer Internships & Skill Training for UG/PG students and professionals.,2024-25,0.8,https://www.tce.edu/sites/default/files/PDF/TCE-Newsletter-2026-Final-Corrected-Version.pdf
379,Scale rural outreach and school engagement.,2024-25,0.8,https://www.tce.edu/sites/default/files/PDF/TCE-Newsletter-2026-Final-Corrected-Version.pdf
380,"Infrastructure & Training Ecosystem The Career Development Centre features corporate-standard infrastructure spanning 11,000 sq. ft., including interview cabins, group discussion rooms, a seminar hall, conference rooms,",2024-25,0.8,https://www.tce.edu/sites/default/files/PDF/TCE-Newsletter-2026-Final-Corrected-Version.pdf
381,"Thiran Development Centre (TDC) The Thiran Development Centre focuses on placement-oriented training, soft skills development, professional communication, and foreign language programmes to prepare students for global",2024-25,0.8,https://www.tce.edu/sites/default/files/PDF/TCE-Newsletter-2026-Final-Corrected-Version.pdf
382,Conference Room : 1 GD Rooms : 3 Interview Cabins : 8 Classrooms - Training : 2 Seminar Hall : 1 Students Waiting Area 18 Top Recruiters Career Development Centre (CDC) 19 % of Students Placed out of Elibible Students,2024-25,0.8,https://www.tce.edu/sites/default/files/PDF/TCE-Newsletter-2026-Final-Corrected-Version.pdf
383,75 Lakhs; 2 FT and 1 PT Scholars 23 Academic Research - Quality Publications Faculty Award Ceremony - 2025 Chief Guest: Dr.,2024-25,0.8,https://www.tce.edu/sites/default/files/PDF/TCE-Newsletter-2026-Final-Corrected-Version.pdf
384,2025 28 Centres of Excellences Key Activities - 58 Events 29 Centre of Excellence in Hydrogen Energy Research Centre of Excellence in Material Research and Energy SolutionsCentre of Excellence in Robotics Bajaj,2024-25,0.8,https://www.tce.edu/sites/default/files/PDF/TCE-Newsletter-2026-Final-Corrected-Version.pdf
385,36 Promotes a strong culture of innovation and entrepreneurship among students and faculty TCE showcased its IIC best practices at the AICTE South Regional Meet 2025 Received the Best Practice Award for impactful,2024-25,0.8,https://www.tce.edu/sites/default/files/PDF/TCE-Newsletter-2026-Final-Corrected-Version.pdf
386,Gait Analysis Programme In collaboration with CSIR-CLRI Theme: Physical Well-being through Footwear Sizing Beneficiaries: 150+ staff Focused on foot health awareness and physical wellness.,2024-25,0.8,https://www.tce.edu/sites/default/files/PDF/TCE-Newsletter-2026-Final-Corrected-Version.pdf
387,42 Student Club and Chronicles TCE Space Club: Operation Boomithran Operation Boomithran Logo MoU Signed with Indian Technology Congress Association (ITCA),2024-25,0.8,https://www.tce.edu/sites/default/files/PDF/TCE-Newsletter-2026-Final-Corrected-Version.pdf
388,43 Student Club Activities Technical Clubs: 21 - 45 Activities,2024-25,0.8,https://www.tce.edu/sites/default/files/PDF/TCE-Newsletter-2026-Final-Corrected-Version.pdf
389,Sports Recently launched Thiagarajar Tennis Academy.,2024-25,0.8,https://www.tce.edu/sites/default/files/PDF/TCE-Newsletter-2026-Final-Corrected-Version.pdf
390,Installed and introduced Pickle ball sport @TCE,2024-25,0.8,https://www.tce.edu/sites/default/files/PDF/TCE-Newsletter-2026-Final-Corrected-Version.pdf
391,Faculty Club •,2024-25,0.8,https://www.tce.edu/sites/default/files/PDF/TCE-Newsletter-2026-Final-Corrected-Version.pdf
392,"Subbaraman Balasubramanyan (Chairman, CII Madurai & BU Head, HCL) 200+ Alumni",2024-25,0.8,https://www.tce.edu/sites/default/files/PDF/TCE-Newsletter-2026-Final-Corrected-Version.pdf
393,51 Alumni Student Council Initiated to connect members across various locations to be a part of the TCE Alumni Association during the month of May-June 2025 WhatsApp groups for individual chapters,2024-25,0.8,https://www.tce.edu/sites/default/files/PDF/TCE-Newsletter-2026-Final-Corrected-Version.pdf
394,Eligibility Criteria for the award of credits The learner,,0.8,https://www.tce.edu/tce-mooc
395,"Home > International Conference On Materials For Electronic, Energy, Quantum, and Biomedical Technologies (MQUBIT) 2026 International Conference on Materials for Electronic, Energy, Quantum, and Biomedical Technologies",2025-26,0.8,https://www.tce.edu/mqubit2026phy
396,"International Conference on Materials for Electronic, Energy, Quantum, and Biomedical Technologies (MQUBIT)",,0.8,https://www.tce.edu/mqubit2026phy
397,Visit the conference website Click Here Conference Theme Multifunctional Materials Graphene and 2D materials Metamaterials for EMI Energy Materials for EVs Energy Harvesting Materials Batteries and Supercapacitors,,0.8,https://www.tce.edu/mqubit2026phy
398,Institution Innovation Council (IIC) signed 29 MoUs with industries and raised ₹99.58 lakh in consultancy revenue.,2024-25,0.8,https://www.tce.edu/index.php
399,"Hosted MSME Hackathon 4.0, granting ₹15 lakh for student innovations.",2024-25,0.8,https://www.tce.edu/index.php
400,"Centers like TSSCAR and CEEPT offer industrial training, prototyping, and testing support, bridging academia and industry.",2024-25,0.8,https://www.tce.edu/index.php
401,"Regular collaboration with Thoughtworks, Amazon, BHEL, and IIT Bombay enables real-time exposure to emerging technologies.",2024-25,0.8,https://www.tce.edu/index.php
402,"NIRF 2025 Rankings: Engineering in the 101-150 band NIRF 2025 Rankings: Architecture and Planning ranked 33rd in India Featured in Times Higher Education (THE) Rankings 2025, 2026 across multiple bands Featured in QS",2024-25,0.8,https://www.tce.edu/index.php
403,"Achieved 1,595 WoS and 4,432 Scopus-indexed publications with 42 design patents filed.",2024-25,0.8,https://www.tce.edu/index.php
404,345 students,2024-25,0.8,https://www.tce.edu/index.php
405,I am thrilled to share that I,2024-25,0.8,https://www.tce.edu/index.php
406,Graduating in 2025 with good performance,2024-25,0.8,https://www.tce.edu/index.php
407,I am proud to tell that I,2024-25,0.8,https://www.tce.edu/index.php
408,"rigorous training programs, practice interviews, and personalized career guidance",2024-25,0.8,https://www.tce.edu/index.php
409,Graduating as a rank holder in 2023,2024-25,0.8,https://www.tce.edu/index.php
410,"management's focus on providing state-of-the-art facilities, comprehensive placement training, and a nurturing environment helped me develop both professionally and personally.",2024-25,0.8,https://www.tce.edu/index.php
411,"regular training sessions, mock interviews, and career guidance",2024-25,0.8,https://www.tce.edu/index.php
412,"Being a member of the NSS provided me with a unique opportunity to contribute to society and develop a deeper understanding of social responsibility, shaping my personality and broadening my perspective.",2024-25,0.8,https://www.tce.edu/index.php
413,college’s placement training,2024-25,0.8,https://www.tce.edu/index.php
414,"This, along with the placement coaching, encouragement, and guidance I received, helped me secure a position at Caterpillar Inc., an MNC.",2024-25,0.8,https://www.tce.edu/index.php
415,"department provided great opportunities for growth through training, workshops, and industry programs.",2024-25,0.8,https://www.tce.edu/index.php
416,Placement training sessions played a key role in preparing me for interviews and helped me secure a job at Tata Consultancy Services (TCS).,2024-25,0.8,https://www.tce.edu/index.php
417,"placement training programs, sessions with alumni placed in the corresponding companies all these",2024-25,0.8,https://www.tce.edu/index.php
418,"Their guidance, training, and support throughout the placement process",2024-25,0.8,https://www.tce.edu/index.php
419,This milestone reflects the strong academic foundation and industry-oriented learning I received at Thiagarajar College of Engineering.,2024-25,0.8,https://www.tce.edu/index.php
420,"From placement training sessions to continuous mentoring, the faculty members",2024-25,0.8,https://www.tce.edu/index.php
421,Prasanna Rousseau ProfessorIIT Hyderabad 2 Value added programMATLAB and SIMULINK workshop for Civil Engineering 2025-2026 Dr.,2025-26,0.8,https://www.tce.edu/academics/departments/civil-engineering
422,Paulraj Associate Professor Department of Physics University of Conception CHILE Seminar on Plastics Yesterday Today & Tomorrow PLASMA (Plastic Manufacture Association) Mr.,2024-25,0.8,https://www.tce.edu/academics/departments/chemistry
423,"The Department has collaboration with EMC Data Storage Systems, VMware, Yahoo India, Adobe and",,0.8,https://www.tce.edu/academics/departments/computer-science-engineering
424,"Known for its quality education, the program emphasizes practical learning through hands-on training, internships, and industry-relevant projects.",,0.8,https://www.tce.edu/academics/departments/computer-applications
425,"program prepares students for roles in IT, software development, and research, with strong placement support and industry collaboration.",,0.8,https://www.tce.edu/academics/departments/computer-applications
426,"Prof. in Mathematics Central University Abstract Algebra and its Applications 2024-2029 Guest Lecture 46 21-08-2025 Mr.Sathya Narayanan Co-founder, Bulkpe Neobanking & Payments in India Innovation and Entreprenurship in",2025-26,0.8,https://www.tce.edu/academics/departments/data-science
427,"Subramanian, Professor of Information Systems, Penn State Harrisburg, United States MSc (Data Science) Projects - Industry Expectations & Best Practices 2025-2030 Webinar 49 04-12-2025 Dr.",2025-26,0.8,https://www.tce.edu/academics/departments/data-science
428,"Gunasekaran Associate Professor Beibu Gulf University, China Equation Behind Intelligence: Mathematics In Data Science 2025-2030 Webinar 50 04.03.2026 Mr.V.Sreevatsan CEO & Co-Founder, Guest Guru, Trichy Design Thinking",2025-26,0.8,https://www.tce.edu/academics/departments/data-science
429,"The department has secured 15+ patents and receives funding from top organizations like DRDO, DRDL, Meity, DIT, CDAC, ISRO, RCI, NPMASS, AICTE, DST, and",,0.8,https://www.tce.edu/academics/departments/electronics-and-communication-engineering
430,Ltd. and,2024-25,0.8,https://www.tce.edu/academics/departments/electronics-and-communication-engineering
431,Received AICTE CII Best Industry Linked Institution award and CISCO Networking Academy Award.,2024-25,0.8,https://www.tce.edu/academics/departments/electronics-and-communication-engineering
432,"Active professional societies student chapters, such as IEEE, IEI, and received the IEEE Student Branch Award 2024.",2024-25,0.8,https://www.tce.edu/academics/departments/electronics-and-communication-engineering
433,It integrates industry-oriented training and exposure to emerging technologies to prepare graduates for innovative careers in core and interdisciplinary fields.,,0.8,https://www.tce.edu/academics/departments/electronics-and-communication-engineering
434,"Through modern laboratories, industry-oriented training, projects, internships, and research, the programme prepares graduates for careers in semiconductor design, embedded systems, R&D, and technology entrepreneurship.",,0.8,https://www.tce.edu/academics/departments/electronics-and-communication-engineering
435,Suresh Parames Guest Lecture 5 09-05-2026 Indusha Guest Lecture S. no Name of the Event Academic Year Name of the Speaker Designation 1 The role of Multi-antenna Signal Processing techniques for futuristic Wireless,2025-26,0.8,https://www.tce.edu/academics/departments/electronics-and-communication-engineering
436,"Home > Departments > Electrical and Electronics Engineering Electrical and Electronics Engineering Vision and Mission The Department of Electrical and Electronics Engineering (EEE) at Thiagarajar College of Engineering,",,0.8,https://www.tce.edu/academics/departments/electrical-and-electronics-engineering
437,Our faculty members,,0.8,https://www.tce.edu/academics/departments/electrical-and-electronics-engineering
438,notable collaboration,,0.8,https://www.tce.edu/academics/departments/electrical-and-electronics-engineering
439,"In the field of Electrical and Electronics Engineering, research opportunities",,0.8,https://www.tce.edu/academics/departments/electrical-and-electronics-engineering
440,"Kayathar, Tirunelveli 25.11.2025 3 V - Semester A 65 Technologics Pvt Ltd., Bangalore Karnataka German Technical Training Institute, Bangalore 12.09.2025 & 13.09.2025 S.No Depart ment Name and Address of the Industry to",2025-26,0.8,https://www.tce.edu/academics/departments/electrical-and-electronics-engineering
441,Half day Constitutional day Seminar “Our ConstitutionBrillance & Values” and Celebrations,2024-25,0.8,https://www.tce.edu/academics/departments/electrical-and-electronics-engineering
442,Half day seminar on “Entrepreneurship and Innovation as career Opportunity”,2024-25,0.8,https://www.tce.edu/academics/departments/electrical-and-electronics-engineering
443,Half day seminar on “Industry Perspectives on Signals and Systems: A Primer for Engineers”,2024-25,0.8,https://www.tce.edu/academics/departments/electrical-and-electronics-engineering
444,"Two days workshop on “Arduino Unleashed: A Beginner’s Guide to IoT Wonders March 9 & 10, 2024 8.",2024-25,0.8,https://www.tce.edu/academics/departments/electrical-and-electronics-engineering
445,"Session management committee for two-day International Conference on Energy, Materials and Communication Engineering",2023-24,0.8,https://www.tce.edu/academics/departments/electrical-and-electronics-engineering
446,"One day Workshop on “ Hands-on IoT: Getting started with Arduino” , 12-08-2023 11.",2023-24,0.8,https://www.tce.edu/academics/departments/electrical-and-electronics-engineering
447,"Adjunct faculty webinar series on “Bridging the gap between Theory and Practice: Integrated Circuits”, 15.11.2021 to 20.11.2021 16.",2021-22,0.8,https://www.tce.edu/academics/departments/electrical-and-electronics-engineering
448,"Coordinated IAEMP Sponsored Two-Day Seminar on Energy Auditing and Conservation Methods, 29-10-2024 to 30-10-2024 20.",2024-25,0.8,https://www.tce.edu/academics/departments/electrical-and-electronics-engineering
449,"Coordinated workshop on ""RECENT TRENDS IN IT DOMAIN"" in association with Swadeshi Shodh Sansthan Chapter on, 19-07-2024 to 19-07-2024 26.",2023-24,0.8,https://www.tce.edu/academics/departments/electrical-and-electronics-engineering
450,"Coordinated two day workshop on ""Understanding Japanese Management Practices and Introduction to Industrial Automation"" in association with SMC corporation (India) Pvt.",2023-24,0.8,https://www.tce.edu/academics/departments/electrical-and-electronics-engineering
451,"Coordinated one day Workshop on National ""e seva App store & epramaan: Meri Pehchaan"", 01-09-2023 to 01-09-2023 31.",2023-24,0.8,https://www.tce.edu/academics/departments/electrical-and-electronics-engineering
452,"Co-Coordinated ""Madurai Hackathon 2023"" in association with Madurai Tech Community (MTC), 11-08-2023 to 12-08-2023 32.",2023-24,0.8,https://www.tce.edu/academics/departments/electrical-and-electronics-engineering
453,"Coordinated ""NEN Faculty Orientation Programme (FoP)"" in collaboration with National Entrepreneur Network (NEN), Wadhwani Foundation, 13-07-2023 to 15-07-2023 34.",2022-23,0.8,https://www.tce.edu/academics/departments/electrical-and-electronics-engineering
454,"Organized one day workshop on ""NAVIGATING THE LATEST REGULATIONS AND BEST PRACTICES FOR OPTIMAL POWER QUALITY” in association with Southern India Mills Association (SIMA), Asia Power Quality Initiative (APQI),",2022-23,0.8,https://www.tce.edu/academics/departments/electrical-and-electronics-engineering
455,"Coordinated ""StartupTN Devhack 2023 Hackathon""in association with StartupTN Madurai Regional Hub, Maxelerator Foundation, Young India Madurai and Google Developer Community Madurai, 27-01-2023 to 27-01-2023 37.",2022-23,0.8,https://www.tce.edu/academics/departments/electrical-and-electronics-engineering
456,"Organized two day Industry Support course on ""Industrial Drives and Automation"" for UG students, 15-10-2022 to 16-10-2022",2022-23,0.8,https://www.tce.edu/academics/departments/electrical-and-electronics-engineering
457,"Organized two credit Industry support course on ""Energy Storage Applications"" for UG Students, 01-06-2022 to 30-06-2022",2021-22,0.8,https://www.tce.edu/academics/departments/electrical-and-electronics-engineering
458,"Two days workshop on “Arduino Unleashed: A Beginner’s Guide to IoT Wonders March 9 & 10, 2024",2024-25,0.8,https://www.tce.edu/academics/departments/electrical-and-electronics-engineering
459,"One day Workshop on “ Hands-on IoT: Getting started with Arduino” , 12-08-2023",2023-24,0.8,https://www.tce.edu/academics/departments/electrical-and-electronics-engineering
460,"Adjunct faculty webinar series on “Bridging the gap between Theory and Practice: Integrated Circuits”, 15.11.2021 to 20.11.2021",2021-22,0.8,https://www.tce.edu/academics/departments/electrical-and-electronics-engineering
461,"Coordinated IAEMP Sponsored Two-Day Seminar on Energy Auditing and Conservation Methods, 29-10-2024 to 30-10-2024",2024-25,0.8,https://www.tce.edu/academics/departments/electrical-and-electronics-engineering
462,"Coordinated workshop on ""RECENT TRENDS IN IT DOMAIN"" in association with Swadeshi Shodh Sansthan Chapter on, 19-07-2024 to 19-07-2024",2023-24,0.8,https://www.tce.edu/academics/departments/electrical-and-electronics-engineering
463,"Coordinated two day workshop on ""Understanding Japanese Management Practices and Introduction to Industrial Automation"" in association with SMC corporation (India) Pvt. Ltd. , 05-02-2024 to 06-02-2024",2023-24,0.8,https://www.tce.edu/academics/departments/electrical-and-electronics-engineering
464,"Coordinated one day Workshop on National ""e seva App store & epramaan: Meri Pehchaan"", 01-09-2023 to 01-09-2023",2023-24,0.8,https://www.tce.edu/academics/departments/electrical-and-electronics-engineering
465,"Co-Coordinated ""Madurai Hackathon 2023"" in association with Madurai Tech Community (MTC), 11-08-2023 to 12-08-2023",2023-24,0.8,https://www.tce.edu/academics/departments/electrical-and-electronics-engineering
466,"Coordinated ""NEN Faculty Orientation Programme (FoP)"" in collaboration with National Entrepreneur Network (NEN), Wadhwani Foundation, 13-07-2023 to 15-07-2023",2022-23,0.8,https://www.tce.edu/academics/departments/electrical-and-electronics-engineering
467,"Coordinated ""StartupTN Devhack 2023 Hackathon""in association with StartupTN Madurai Regional Hub, Maxelerator Foundation, Young India Madurai and Google Developer Community Madurai, 27-01-2023 to 27-01-2023",2022-23,0.8,https://www.tce.edu/academics/departments/electrical-and-electronics-engineering
468,"programme fosters critical thinking, analytical skills, and academic excellence through research methodology training, publications, and conference participation.",,0.8,https://www.tce.edu/academics/departments/english
469,"Ltd., promoting academic-industry collaboration.",,0.8,https://www.tce.edu/academics/departments/information-technology
470,"We offer industry-supported courses designed in collaboration with top companies, ensuring that students gain practical knowledge and hands-on experience in the latest technologies.",,0.8,https://www.tce.edu/academics/departments/information-technology
471,"Pristine Consulting Private Limited, Director, ISACA Chennai Chapter 5 One day workshop on “The role of Assistive technologies in increasing success in the 21st Century. and Panel Discussion with Therapists",2023-24,0.8,https://www.tce.edu/academics/departments/information-technology
472,"President SIDA,Madurai 4.Swadeshi Shodh Sansthan,Tamilnadu chapter Head 8 5 Day Student Workshop on AWS Cloud solutions architecting 2024 AWS Certified Trainers ICT Academy 9 Interactive Session on Empowering Knowledge:",2024-25,0.8,https://www.tce.edu/academics/departments/information-technology
473,"Data Structures For Employability 2022 TCE Expert Alumni-Thiagarajar College of Engineering,Madurai ACADEMIC YEAR 2021-2022 S.No Topic Name Academic Year Name of the Speaker Designation 1 Project based learning Program",2021-22,0.8,https://www.tce.edu/academics/departments/information-technology
474,"Department of Physics in collaboration with other engineering department of TCE offers Ph.D. programme in various specialization such as Smart Materials, Computational Materials, Thin Film Materials and Nano Materials.",,0.8,https://www.tce.edu/academics/departments/physics
475,"Apoorva Patel, IISC, Bangalore A one day seminar on Quantum Computing 12.01.2023 Contact us Dr.",2022-23,0.8,https://www.tce.edu/academics/departments/physics
476,two-year full-time Master of Planning program,,0.8,https://www.tce.edu/academics/departments/architecture
477,"collaboration extends to system and pedagogy development, the establishment of a teaching-learning center, and the conduct of studio units and courses.",,0.8,https://www.tce.edu/academics/departments/architecture
478,"Through excellence in training and practice, nationally and internationally, and by fostering effective industry-institute collaborations, T’SEDA actively engages in research and scholarly activities to advance its",,0.8,https://www.tce.edu/academics/departments/architecture
479,"80,550/- M.Plan (Urban Planning) The two-year full-time Master of Planning (M.Plan (Urban Planning))programme",,0.8,https://www.tce.edu/academics/departments/architecture
480,"20242025 Dr.Rajendra Singh, Waterman of India, Conservationist and Environmentalist, Alwar, Rajasthan Environmentalist 11 Site Marking Workshop 20242025 Er.K.Dhamodharan, Madurai.",2024-25,0.8,https://www.tce.edu/academics/departments/architecture
481,"28 Friday Selection of Office bearers of sports, cultural, NSS & NCC by respective Coordinators Last day for sending list of courses offered by the department with faculty name and list of students for all elective",,0.8,https://www.tce.edu/sites/default/files/PDF/calendar_2013_2014.pdf
482,Amount received Organisation Name Year of receiving VC investment Achievement Level Type of Investment NA NA 0 NA Select Year Select Level NA Seed Funding Name of the Start-up DPIIT No.,2024-25,0.8,https://www.tce.edu/sites/default/files/PDF/NIRF-2026-Innovations.pdf
483,Seed funding received(in Rupees) Name of Government Organization providing Seed Funding Year of Receiving the Fund Achievement Level Type of Investment Anii Techspace Private Limited DIPP172069 2500000 STPI Finblue,2024-25,0.8,https://www.tce.edu/sites/default/files/PDF/NIRF-2026-Innovations.pdf
484,Sports facilities and areas accessible to students and staff: Yes 3.,,0.8,https://www.tce.edu/sites/default/files/PDF/NIRF-2026-SDG-Institutions.pdf
485,Additional initiatives promoting health and well-being: Yes Financial Year Pedestrian Area (Acres) Sports Area (Acres) Total Campus Area (Acres) Yoga (Twice per Week) Yoga (Weekly) 2024-25 3.600 4.000 100.000 1029 200,,0.8,https://www.tce.edu/sites/default/files/PDF/NIRF-2026-SDG-Institutions.pdf
486,Any other community support activities undertaken by the institute: Yes Financial Year Active Initiatives Students - Tree Plantation Students - Other Activities Students - Outside Campus Events,,0.8,https://www.tce.edu/sites/default/files/PDF/NIRF-2026-SDG-Institutions.pdf
487,Sports facilities and areas accessible to students and staff: Yes,,0.8,https://www.tce.edu/sites/default/files/PDF/NIRF-2026-SDG-Institutions.pdf
488,Additional initiatives promoting health and well-being: Yes Financial Year Pedestrian Area (Acres) Sports Area (Acres) Total Campus Area (Acres) Yoga (Twice per Week) Yoga (Weekly) 2024-25 3.600 4.000 100.000 1029 200,,0.8,https://www.tce.edu/sites/default/files/PDF/NIRF-2026-SDG-Institutions.pdf
489,Amount received Organisation Name Year of receiving VC investment Achievement Level Type of Investment na NA 0 NA Select Year Select Level NA Seed Funding Name of the Start-up DPIIT No.,2023-24,0.8,https://www.tce.edu/sites/default/files/PDF/NIRF-2025-Innovation.pdf
490,Seed funding received(in Rupees) Name of Government Organization providing Seed Funding Year of Receiving the Fund Achievement Level Type of Investment Rearly Tech Pvt Ltd DIPP106478 1500000 Startup India 2023-24,2023-24,0.8,https://www.tce.edu/sites/default/files/PDF/NIRF-2025-Innovation.pdf
491,121 3000 2024-04-10 2024-04-10 2022-23 Workshop on Intellectual Property Rights(IPRs) awareness programme B.,2023-24,0.8,https://www.tce.edu/sites/default/files/PDF/NIRF-2025-Innovation.pdf
492,138 3000 2023-02-08 2023-02-08 2022-23 Workshop on Intellectual Property Rights(IPRs) and IP management for start up Dr.,2022-23,0.8,https://www.tce.edu/sites/default/files/PDF/NIRF-2025-Innovation.pdf
493,Two day FDP,,0.8,https://www.tce.edu/sites/default/files/PDF/TCE-NIRF-2023-Overall.pdf
494,Follow up workshops,,0.8,https://www.tce.edu/sites/default/files/PDF/TCE-NIRF-2023-Overall.pdf
495,"Usage of SWAYAM - NPTEL, coursera and edX: Collaboration with coursera, SWAYAM-NPTEL and edX enabled the students and Faculty members to learn and earn certificates with reimbursement of fees for students and staff who",,0.8,https://www.tce.edu/sites/default/files/PDF/TCE-NIRF-2023-Overall.pdf
496,"program covers the usage of LMS, preparation of video lecture and online assessment tools.Follow up workshops",2021-22,0.8,https://www.tce.edu/sites/default/files/PDF/TCE-NIRF-2022-Overall.pdf
497,"Infrastructure Development: i.Procurement and installation of smartboards, graphic tables",2021-22,0.8,https://www.tce.edu/sites/default/files/PDF/TCE-NIRF-2022-Overall.pdf
498,"Usage of SWAYAM - NPTEL, Course era and edX Collaboration with Coursera, SWAYAM-NPTEL and edX enabled the students and Faculty members to learn and earn certificates with reimbursement of fees for students and staff who",2021-22,0.8,https://www.tce.edu/sites/default/files/PDF/TCE-NIRF-2022-Overall.pdf
499,separate domain www.courses.tce.edu,,0.8,https://www.tce.edu/sites/default/files/PDF/NIRF/NIRF-2021-Overall.pdf
500,"V Usage of NPTEL, Course era and Edx i.Collaboration with coursera, NPTEL and edx enabled the students and faculty members to learn and earn certificates. ii.Credit transfer",,0.8,https://www.tce.edu/sites/default/files/PDF/NIRF/NIRF-2021-Overall.pdf
501,Capacity building workshops,,0.8,https://www.tce.edu/sites/default/files/PDF/NIRF/NIRF-2021-Overall.pdf
502,These collaborations,,0.8,https://www.tce.edu/sites/default/files/naac/SSR-Cycle-II-Approved.pdf
503,Engineering departments,,0.8,https://www.tce.edu/sites/default/files/naac/SSR-Cycle-II-Approved.pdf
504,Faculty members,,0.8,https://www.tce.edu/sites/default/files/naac/SSR-Cycle-II-Approved.pdf
505,TCE students,,0.8,https://www.tce.edu/sites/default/files/naac/SSR-Cycle-II-Approved.pdf
506,These communities,,0.8,https://www.tce.edu/sites/default/files/naac/SSR-Cycle-II-Approved.pdf
507,NSS team,,0.8,https://www.tce.edu/sites/default/files/naac/SSR-Cycle-II-Approved.pdf
508,Laboratory Setup: Some laboratories within the campus,,0.8,https://www.tce.edu/sites/default/files/naac/SSR-Cycle-II-Approved.pdf
509,This collaboration ensures that students,,0.8,https://www.tce.edu/sites/default/files/naac/SSR-Cycle-II-Approved.pdf
510,The data center also provides internet facilities across the campus in collaboration with BSNL (Bharat Sanchar Page 7/124 04-07-2024 05:27:51 Self Study Report of THIAGARAJAR COLLEGE OF ENGINEERING Nigam Limited) and,2023-24,0.8,https://www.tce.edu/sites/default/files/naac/SSR-Cycle-II-Approved.pdf
511,"Additionally, technical competitions and project contests",,0.8,https://www.tce.edu/sites/default/files/naac/SSR-Cycle-II-Approved.pdf
512,"Placement training programs, including soft skill training by corporate/training sources, aptitude training, and placement training by senior students and alumni",,0.8,https://www.tce.edu/sites/default/files/naac/SSR-Cycle-II-Approved.pdf
513,"For instance, the establishment of Thiagarajar Advanced Research Center (TARC) with high-end technological laboratories facilitates academic and sponsored research",,0.8,https://www.tce.edu/sites/default/files/naac/SSR-Cycle-II-Approved.pdf
514,"Usage of NPTEL, coursera and edX: Collaboration with coursera, NPTEL and edx enabled the students and faculty members to learn and earn certificates with reimbursement of fees for students and staff who perform well.",,0.8,https://www.tce.edu/sites/default/files/naac/SSR-Cycle-II-Approved.pdf
515,Problem statements from AICTE Smart India Hackathon,,0.8,https://www.tce.edu/sites/default/files/naac/SSR-Cycle-II-Approved.pdf
516,outcome of the course will be a publication in SCI/ SCI-expanded/ SCOPUS indexed Journal/ conference in Science and Technology.,,0.8,https://www.tce.edu/sites/default/files/naac/SSR-Cycle-II-Approved.pdf
517,"After attending the 11th Page 23/124 04-07-2024 05:27:51 Self Study Report of THIAGARAJAR COLLEGE OF ENGINEERING International CDIO conference at Chengdu, China, we realized thata CDIO based curriculum",2023-24,0.8,https://www.tce.edu/sites/default/files/naac/SSR-Cycle-II-Approved.pdf
518,"Distance education/online education: TCE Massive Open Online Courses: As a part of continuous improvement in Teaching Learning, the institute",,0.8,https://www.tce.edu/sites/default/files/naac/SSR-Cycle-II-Approved.pdf
519,Academic credits under programme specific electives/ programme specific electives for expanded scope,,0.8,https://www.tce.edu/sites/default/files/naac/SSR-Cycle-II-Approved.pdf
520,"Based on the recommendation by the team of faculty members nominated by the Head of the Department, the student will be",,0.8,https://www.tce.edu/sites/default/files/naac/SSR-Cycle-II-Approved.pdf
521,Collaboration with coursera/edX: Collaboration of TCE with other online platforms like edX/ coursera provides Institutional Initiatives for Electoral Literacy 1.,,0.8,https://www.tce.edu/sites/default/files/naac/SSR-Cycle-II-Approved.pdf
522,"Siva Ilango, NSS Programme Officer 4.",,0.8,https://www.tce.edu/sites/default/files/naac/SSR-Cycle-II-Approved.pdf
523,"Aruna, NSS Programme Officer 5.",,0.8,https://www.tce.edu/sites/default/files/naac/SSR-Cycle-II-Approved.pdf
524,Voter Awareness campaigns,,0.8,https://www.tce.edu/sites/default/files/naac/SSR-Cycle-II-Approved.pdf
525,S Siva Ilango and volunteers from NSS at the villages adopted under Unnat Bharath Abhiyan schemes Virtual voting teaching,,0.8,https://www.tce.edu/sites/default/files/naac/SSR-Cycle-II-Approved.pdf
526,"Along with encouraging our young voters to cast their ballots, Mera Pehla Vote - Desh Ke Liye campaign aims to foster a competitive yet collaborative environment wherein the youth can envision the future of our nation",,0.8,https://www.tce.edu/sites/default/files/naac/SSR-Cycle-II-Approved.pdf
527,"Regional Collaboration: TCE collaborates closely with regional industries, research institutions, and government bodies to identify emerging trends and demands, incorporating relevant content into courses to meet",,0.8,https://www.tce.edu/sites/default/files/naac/SSR-Cycle-II-Approved.pdf
528,Electrical and Electronics Engineering Programmes,,0.8,https://www.tce.edu/sites/default/files/naac/SSR-Cycle-II-Approved.pdf
529,Computer Science and Business Systems,,0.8,https://www.tce.edu/sites/default/files/naac/SSR-Cycle-II-Approved.pdf
530,"Industry Collaboration: TCE bridges the gap between academia and industry by bringing industry experts on campus to teach industry-relevant courses as industry-supported courses and adjunct faculty, exposing students to",,0.8,https://www.tce.edu/sites/default/files/naac/SSR-Cycle-II-Approved.pdf
531,4.Activities and Programs: Participation in NCC/NSS/YRC/Sports,,0.8,https://www.tce.edu/sites/default/files/naac/SSR-Cycle-II-Approved.pdf
532,NSS and NCC units,,0.8,https://www.tce.edu/sites/default/files/naac/SSR-Cycle-II-Approved.pdf
533,Page 34/124 04-07-2024 05:27:52 Self Study Report of THIAGARAJAR COLLEGE OF ENGINEERING File Description Document Upload Additional information View Document Provide Link for Additional information View Document 1.3.2,2023-24,0.8,https://www.tce.edu/sites/default/files/naac/SSR-Cycle-II-Approved.pdf
534,students who,,0.8,https://www.tce.edu/sites/default/files/naac/SSR-Cycle-II-Approved.pdf
535,"Specialized Courses: To foster creativity, communication, and collaboration, TCE offers specialized courses such as Engineering Exploration, Lateral Thinking, Design Thinking, and System Thinking.",,0.8,https://www.tce.edu/sites/default/files/naac/SSR-Cycle-II-Approved.pdf
536,Community Projects: TCE actively promotes community engagement through projects facilitated by organizations like NCC/NSS and professional societies like Engineers without Borders (EWB) and Indo-Universal Collaborations,,0.8,https://www.tce.edu/sites/default/files/naac/SSR-Cycle-II-Approved.pdf
537,industry supported courses,,0.8,https://www.tce.edu/sites/default/files/naac/SSR-Cycle-II-Approved.pdf
538,Research facilities,,0.8,https://www.tce.edu/sites/default/files/naac/SSR-Cycle-II-Approved.pdf
539,View Document List of teachers who,,0.8,https://www.tce.edu/sites/default/files/naac/SSR-Cycle-II-Approved.pdf
540,"In terms of social and community development, outreach activities such as Swachh Bharat, Swachhata Pakhwada, tree planting, awareness levels on life, soft, and communication skills, character building, and personality",,0.8,https://www.tce.edu/sites/default/files/naac/SSR-Cycle-II-Approved.pdf
541,"Through meticulous engagement and collaboration, the survey sparked meaningful conversations and fostered a sense of partnership between NSS volunteers and residents.",,0.8,https://www.tce.edu/sites/default/files/naac/SSR-Cycle-II-Approved.pdf
542,"camp aimed to address socio-economic challenges, foster sustainable growth, and strengthen the bond between the NSS unit and the local community.",,0.8,https://www.tce.edu/sites/default/files/naac/SSR-Cycle-II-Approved.pdf
543,File Description Document Upload any additional information View Document Provide the link for additional information View Document 3.6.2 Number of extension and outreach programs,,0.8,https://www.tce.edu/sites/default/files/naac/SSR-Cycle-II-Approved.pdf
544,"3.Facilities for Cultural and sports activities, yoga centre, games (indoor and outdoor), Gymnasium, auditorium etc.",,0.8,https://www.tce.edu/sites/default/files/naac/SSR-Cycle-II-Approved.pdf
545,Seven seminar halls,,0.8,https://www.tce.edu/sites/default/files/naac/SSR-Cycle-II-Approved.pdf
546,"Facilities for Cultural and Sports Activities: TCE boasts a well-equipped indoor stadium spanning 23,674 square feet across the ground floor and first floor, with a seating capacity of 300.",,0.8,https://www.tce.edu/sites/default/files/naac/SSR-Cycle-II-Approved.pdf
547,"By conducting user awareness training, our institution aims to empower the academic community with the knowledge and skills needed to navigate the digital library effectively.",,0.8,https://www.tce.edu/sites/default/files/naac/SSR-Cycle-II-Approved.pdf
548,Page 70/124 04-07-2024 05:27:52 Self Study Report of THIAGARAJAR COLLEGE OF ENGINEERING File Description Document Upload any additional information View Document Provide the link for additional information View Document,2023-24,0.8,https://www.tce.edu/sites/default/files/naac/SSR-Cycle-II-Approved.pdf
549,Sports Complex Maintenance The Physical Education department maintains the sports complex.,,0.8,https://www.tce.edu/sites/default/files/naac/SSR-Cycle-II-Approved.pdf
550,"All sports facilities like play fields, courts, tracks, gym and indoor stadium",,0.8,https://www.tce.edu/sites/default/files/naac/SSR-Cycle-II-Approved.pdf
551,"entire sports infrastructure, its stock and maintenance",,0.8,https://www.tce.edu/sites/default/files/naac/SSR-Cycle-II-Approved.pdf
552,Indoor sports facilities,,0.8,https://www.tce.edu/sites/default/files/naac/SSR-Cycle-II-Approved.pdf
553,View Document Upload policy document of the HEI for award of scholarship and freeships.,,0.8,https://www.tce.edu/sites/default/files/naac/SSR-Cycle-II-Approved.pdf
554,View Document Institutional data in the prescribed format (data template) View Document Provide Links for any other relevant document to support the claim (if any) View Document 5.1.2 Efforts taken by the institution to,,0.8,https://www.tce.edu/sites/default/files/naac/SSR-Cycle-II-Approved.pdf
555,"Industry Collaboration and Alumni Networks for Career Counselling: In the student survey, 84.2% highlighted the significant impact of teaching and mentoring on their cognitive, social, and emotional development at our",,0.8,https://www.tce.edu/sites/default/files/naac/SSR-Cycle-II-Approved.pdf
556,File Description Document Upload any additional information View Document Provide the link for additional information View Document 5.1.3 Following capacity development and skills enhancement activities,,0.8,https://www.tce.edu/sites/default/files/naac/SSR-Cycle-II-Approved.pdf
557,File Description Document Upload any additional information View Document Provide the link for additional information View Document 5.3.3 The institution conducts / organizes following activities: 1.Sports,,0.8,https://www.tce.edu/sites/default/files/naac/SSR-Cycle-II-Approved.pdf
558,"All four of the above File Description Document Report on Sports, Cultural competitions/events, Technical/academic fests, Any other events through active clubs and forums along with photographs appropriately dated and",,0.8,https://www.tce.edu/sites/default/files/naac/SSR-Cycle-II-Approved.pdf
559,Approximately 2500 students,,0.8,https://www.tce.edu/sites/default/files/naac/SSR-Cycle-II-Approved.pdf
560,"Benefits involve refining leadership skills, providing mentoring and exposure from industry experts, and creating a sustainable framework for collaboration between the College, Alumni, and Students.",,0.8,https://www.tce.edu/sites/default/files/naac/SSR-Cycle-II-Approved.pdf
561,"Academic and Industrial Interaction by Alumni Alumni actively contribute to academic and industrial interaction by participating in the Board of Studies and Academic Council, serving as resource persons for credit",,0.8,https://www.tce.edu/sites/default/files/naac/SSR-Cycle-II-Approved.pdf
562,Research Council reviews research project proposals Student Council: Meetings,,0.8,https://www.tce.edu/sites/default/files/naac/SSR-Cycle-II-Approved.pdf
563,Faculty and staff,,0.8,https://www.tce.edu/sites/default/files/naac/SSR-Cycle-II-Approved.pdf
564,"institution emphasizes professional development through the organization of Faculty Development Programmes, Short Term Training Programs (STTPs), Workshops, and Seminars.",,0.8,https://www.tce.edu/sites/default/files/naac/SSR-Cycle-II-Approved.pdf
565,"Investment in state-of-the-art infrastructure facilitates academic, research, and industry collaboration activities, fostering an environment conducive to innovation.",,0.8,https://www.tce.edu/sites/default/files/naac/SSR-Cycle-II-Approved.pdf
566,"Nineteen faculty members successfully completed the IIEECP, while an additional 38 faculty members accomplished the program's first phase.",,0.8,https://www.tce.edu/sites/default/files/naac/SSR-Cycle-II-Approved.pdf
567,Faculty members who,,0.8,https://www.tce.edu/sites/default/files/naac/SSR-Cycle-II-Approved.pdf
568,Facilities for Women on Campus: Page 101/124 04-07-2024 05:27:53 Self Study Report of THIAGARAJAR COLLEGE OF ENGINEERING 1.Hostel Facilities: Separate and,2023-24,0.8,https://www.tce.edu/sites/default/files/naac/SSR-Cycle-II-Approved.pdf
569,Solid Waste Management Solid wastes generated within the campus,,0.8,https://www.tce.edu/sites/default/files/naac/SSR-Cycle-II-Approved.pdf
570,All of the above Page 106/124 04-07-2024 05:27:53 Self Study Report of THIAGARAJAR COLLEGE OF ENGINEERING File Description Document Report on environmental promotion and sustainability activities,2023-24,0.8,https://www.tce.edu/sites/default/files/naac/SSR-Cycle-II-Approved.pdf
571,View Document Policy document on environment and energy usage Certificate from the auditing agency View Document Green audit/environmental audit report from recognized bodies View Document Certificates of the awards,,0.8,https://www.tce.edu/sites/default/files/naac/SSR-Cycle-II-Approved.pdf
572,"These platforms include the National Cadet Corps (NCC), National Service Scheme (NSS), Youth Red Cross, Math Club, and IoT Club.",,0.8,https://www.tce.edu/sites/default/files/naac/SSR-Cycle-II-Approved.pdf
573,"Notably, events led by the National Cadet Corps (NCC) cadets emphasize values like freedom, independence, and patriotism.",,0.8,https://www.tce.edu/sites/default/files/naac/SSR-Cycle-II-Approved.pdf
574,Community Engagement and Collaboration Collaborations with governmental bodies enable TCE to extend its impact beyond the campus walls.,,0.8,https://www.tce.edu/sites/default/files/naac/SSR-Cycle-II-Approved.pdf
575,"The active involvement of National Service Scheme (NSS) volunteers and Youth Red Cross (YRC) student members further amplifies TCE's contributions to societal betterment, earning recognition for their exemplary service",,0.8,https://www.tce.edu/sites/default/files/naac/SSR-Cycle-II-Approved.pdf
576,"To equip course coordinators with the necessary skills, capacity-building workshops",,0.8,https://www.tce.edu/sites/default/files/naac/SSR-Cycle-II-Approved.pdf
577,"Evidence of Success: In the initial phase of implementation, 11 online courses",,0.8,https://www.tce.edu/sites/default/files/naac/SSR-Cycle-II-Approved.pdf
578,"Our exposure to the 11th International CDIO conference in Chengdu, China, highlighted that a CDIO-based curriculum",,0.8,https://www.tce.edu/sites/default/files/naac/SSR-Cycle-II-Approved.pdf
579,"In response, a training program on Design Thinking, with a human-centered design approach",,0.8,https://www.tce.edu/sites/default/files/naac/SSR-Cycle-II-Approved.pdf
580,"training, offered by Purdue University in collaboration with Indo-Universal Collaboration for Engineering Education (IUCEE), aimed at enhancing the capacity of the institution.",,0.8,https://www.tce.edu/sites/default/files/naac/SSR-Cycle-II-Approved.pdf
581,"To gauge the impact, a study analyzed students' engagement in the course, linking it to perceptions of learning experiences and professional skills in 21st-century skills such as creativity, critical thinking,",,0.8,https://www.tce.edu/sites/default/files/naac/SSR-Cycle-II-Approved.pdf
582,course's emphasis,,0.8,https://www.tce.edu/sites/default/files/naac/SSR-Cycle-II-Approved.pdf
583,"Faculty Training on CDIO Standards, Principles and Requirements To ensure the effective integration of CDIO principles into the curriculum, a series of in-house training workshops",,0.8,https://www.tce.edu/sites/default/files/naac/SSR-Cycle-II-Approved.pdf
584,"training programs, led initially by internal CDIO experts, targeted selective faculty members from various departments.",,0.8,https://www.tce.edu/sites/default/files/naac/SSR-Cycle-II-Approved.pdf
585,"Conducted in three batches with the topic ""Design of CDIO curriculum"" in an online mode, these workshops engaged all Faculty members (n196) over consecutive",,0.8,https://www.tce.edu/sites/default/files/naac/SSR-Cycle-II-Approved.pdf
586,"results indicated a high satisfaction index of 0.924, suggesting that the training workshop met the expectations of the participants.",,0.8,https://www.tce.edu/sites/default/files/naac/SSR-Cycle-II-Approved.pdf
587,Construction Engineering and Management Establishment of T S Srinivasan Centre for Automotive Research Development of Massive Open Online Courses Creation of Research Council Skill Development courses through CDIO,,0.8,https://www.tce.edu/sites/default/files/naac/SSR-Cycle-II-Approved.pdf
588,"We strive for excellence in academics, research, student experience, industry collaboration, academic partnerships with esteemed institutions, and infrastructure development.",,0.8,https://www.tce.edu/sites/default/files/naac/SSR-Cycle-II-Approved.pdf
589,"1.3.2 Number of certificate/value added courses/Diploma Programmes offered by the institutions and online courses of MOOCs, SWAYAM/e-PG Pathshala/ NPTEL and other recognized platforms (without repeat count) where the",,0.8,https://www.tce.edu/sites/default/files/naac/SSR-Cycle-II-Approved.pdf
590,Amount of seed money provided by institution to its teachers for research year wise during last five years (INR in lakhs) Answer before DVV Verification: 2022-23 2021-22 2020-21 2019-20 2018-19 9.7 4 3.5 5.50 0 Answer,,0.8,https://www.tce.edu/sites/default/files/naac/SSR-Cycle-II-Approved.pdf
591,3.6.2 Number of extension and outreach programs,,0.8,https://www.tce.edu/sites/default/files/naac/SSR-Cycle-II-Approved.pdf
592,Number of extension and outreach programs,,0.8,https://www.tce.edu/sites/default/files/naac/SSR-Cycle-II-Approved.pdf
593,"3.7.1 Number of functional MoUs/linkages with institutions/ industries in India and abroad for internship, on-the-job training, project work, student / faculty exchange and collaborative research during the last five",,0.8,https://www.tce.edu/sites/default/files/naac/SSR-Cycle-II-Approved.pdf
594,Number of teachers provided with financial support to attend conferences/workshops and towards membership fee of professional bodies year-wise during the last five years Answer before DVV Verification: 2022-23 2021-22,2023-24,0.8,https://www.tce.edu/sites/default/files/naac/SSR-Cycle-II-Approved.pdf
595,Total number of teachers who,,0.8,https://www.tce.edu/sites/default/files/naac/SSR-Cycle-II-Approved.pdf
596,Laboratory Setup: Some laboratories within the campus,,0.8,https://www.tce.edu/sites/default/files/naac/SSR-Cycle-II-Approved.pdf
597,"Usage of NPTEL, coursera and edX: Collaboration with coursera, NPTEL and edx enabled the students and faculty members to learn and earn certificates with reimbursement of fees for students and staff who perform well.",,0.8,https://www.tce.edu/sites/default/files/naac/SSR-Cycle-II-Approved.pdf
598,"Dr. S. Siva Ilango, NSS Programme Officer",,0.8,https://www.tce.edu/sites/default/files/naac/SSR-Cycle-II-Approved.pdf
599,"Ms. M. Aruna, NSS Programme Officer",,0.8,https://www.tce.edu/sites/default/files/naac/SSR-Cycle-II-Approved.pdf
600,identified communities,,0.8,https://www.tce.edu/sites/default/files/naac/Final-SSR-Report.pdf
601,"So far, the NSS team",,0.8,https://www.tce.edu/sites/default/files/naac/Final-SSR-Report.pdf
602,Some laboratories,,0.8,https://www.tce.edu/sites/default/files/naac/Final-SSR-Report.pdf
603,"Apart from these, technical competitions and project contests",,0.8,https://www.tce.edu/sites/default/files/naac/Final-SSR-Report.pdf
604,"Placement trainings like soft skill training by Corporate/Training sources, aptitude training, placement training by senior students and alumni and training by faculty on domain areas to students.",,0.8,https://www.tce.edu/sites/default/files/naac/Final-SSR-Report.pdf
605,Salient features of curriculum @TCE: Curriculum,,0.8,https://www.tce.edu/sites/default/files/naac/Final-SSR-Report.pdf
606,Students excel in academic,,0.8,https://www.tce.edu/sites/default/files/naac/Final-SSR-Report.pdf
607,Soft Skill Development Program: Training,,0.8,https://www.tce.edu/sites/default/files/naac/Final-SSR-Report.pdf
608,pedagogy group of the institute,,0.8,https://www.tce.edu/sites/default/files/naac/Final-SSR-Report.pdf
609,"In each component, a list of assessment methods",,0.8,https://www.tce.edu/sites/default/files/naac/Final-SSR-Report.pdf
610,Research & development activities. ?Personality Development Camp details.,,0.8,https://www.tce.edu/sites/default/files/naac/Final-SSR-Report.pdf
611,industry supported courses,,0.8,https://www.tce.edu/sites/default/files/naac/Final-SSR-Report.pdf
612,"Quiz, open book test, mini projects, case studies, seminar presentation, review of journal papers etc.",,0.8,https://www.tce.edu/sites/default/files/naac/Final-SSR-Report.pdf
613,Currently 4 start-up companies developing software,,0.8,https://www.tce.edu/sites/default/files/naac/Final-SSR-Report.pdf
614,This centre facilitates Indian Start-ups/ entrepreneurs / researchers / to collaborate and do joint projects and develop products in water and clean energy technologies. d).EDII Nodal Hub @ TCE Entrepreneurship,,0.8,https://www.tce.edu/sites/default/files/naac/Final-SSR-Report.pdf
615,This network,,0.8,https://www.tce.edu/sites/default/files/naac/Final-SSR-Report.pdf
616,Seminar Halls Number of Seminar Halls : 7 (Seating Capacity of 50 to 100) Seminar Halls,,0.8,https://www.tce.edu/sites/default/files/naac/Final-SSR-Report.pdf
617,Every year around 500 students participate in all the sports and games event.,,0.8,https://www.tce.edu/sites/default/files/naac/Final-SSR-Report.pdf
618,"TCE conducts ANNA University zonal tournaments, Inter zonal tournaments, Intra and Inter department tournaments and Intra moral tournaments, TCE Marathon, Founder Memorial Hockey and Kho-Kho tournament and Dr.",,0.8,https://www.tce.edu/sites/default/files/naac/Final-SSR-Report.pdf
619,Radha Thiagarajan Memorial Chess tournament.,,0.8,https://www.tce.edu/sites/default/files/naac/Final-SSR-Report.pdf
620,"Clubs like English Literature, Tamil Literature, Fine Arts, Visual Arts, Photography and Quiz organises an orientation program for the first years and select the interested students and gives them training to horn their",,0.8,https://www.tce.edu/sites/default/files/naac/Final-SSR-Report.pdf
621,donations received from the alumni,,0.8,https://www.tce.edu/sites/default/files/naac/Final-SSR-Report.pdf
622,"Generally, Alumni reunion",,0.8,https://www.tce.edu/sites/default/files/naac/Final-SSR-Report.pdf
623,Golden Jubilee Reunions,,0.8,https://www.tce.edu/sites/default/files/naac/Final-SSR-Report.pdf
624,"Saji Gopinath, Professor and his team from Indian Institute of Management, Kozhikode facilitated two workshops and",,0.8,https://www.tce.edu/sites/default/files/naac/Final-SSR-Report.pdf
625,"Department Advisory Committee - To provide direction and review the dept. on Innovative Practices in respect of Infrastructure, TLP, III, R&D, FDP and student activities.",,0.8,https://www.tce.edu/sites/default/files/naac/Final-SSR-Report.pdf
626,"Based on the outcome, faculty who",,0.8,https://www.tce.edu/sites/default/files/naac/Final-SSR-Report.pdf
627,Padmashri Award to Prof.,,0.8,https://www.tce.edu/sites/default/files/naac/Final-SSR-Report.pdf
628,Government of India had,,0.8,https://www.tce.edu/sites/default/files/naac/Final-SSR-Report.pdf
629,Ten days course on “Spark Ignition engines” had been,,0.8,https://www.tce.edu/sites/default/files/naac/Final-SSR-Report.pdf
630,Vision of TIFAC at TCE,,0.8,https://www.tce.edu/sites/default/files/naac/Final-SSR-Report.pdf
631,"In addition the prestigious quality awards such as IMC Ramkrishna Bajaj, Rajiv Gandhi Natonal Quality Award",,0.8,https://www.tce.edu/sites/default/files/naac/Final-SSR-Report.pdf
632,3.1.3 Number of teachers,,0.8,https://www.tce.edu/sites/default/files/naac/Final-SSR-Report.pdf
633,3.3.2 Number of workshops/seminars,,0.8,https://www.tce.edu/sites/default/files/naac/Final-SSR-Report.pdf
634,3.4.4 Number of Ph.D.s,,0.8,https://www.tce.edu/sites/default/files/naac/Final-SSR-Report.pdf
635,How many Ph.Ds,,0.8,https://www.tce.edu/sites/default/files/naac/Final-SSR-Report.pdf
636,This tutorial hall,,0.8,https://www.tce.edu/sites/default/files/naac/Final-SSR-Report.pdf
637,"PROCEDURE FOR AWARDING MARKS FOR INTERNAL ASSESSMENT For all theory, laboratory courses, theory courses with laboratory component and project work the continuous assessment shall be",2021-22,0.8,https://www.tce.edu/sites/default/files/PDF/Amendment-RelativeGradingSystem-2021.pdf
638,Assessment I (100 Marks) Assessment II (100 Marks) Total Internal Assessment Individual Assignment / Case Study / Seminar / Mini Project Written Test Individual Assignment / Case Study / Seminar / Mini Project Written,2021-22,0.8,https://www.tce.edu/sites/default/files/PDF/Amendment-RelativeGradingSystem-2021.pdf
639,Each internal assessment,2021-22,0.8,https://www.tce.edu/sites/default/files/PDF/Amendment-RelativeGradingSystem-2021.pdf
640,criteria for arriving at the Internal Assessment marks of 60,2021-22,0.8,https://www.tce.edu/sites/default/files/PDF/Amendment-RelativeGradingSystem-2021.pdf
641,Assessment I (40% weightage) (Theory Component) Assessment II (60% weightage) (Laboratory Component) Total Internal Assessment Individual Assignment / Case Study / Seminar / Mini Project Written Test Evaluation of,2021-22,0.8,https://www.tce.edu/sites/default/files/PDF/Amendment-RelativeGradingSystem-2021.pdf
642,AWARD OF LETTER GRADES The award of letter grades will be decided using relative grading principle.,2021-22,0.8,https://www.tce.edu/sites/default/files/PDF/Amendment-RelativeGradingSystem-2021.pdf
643,CLASSIFICATION OF THE DEGREE,2021-22,0.8,https://www.tce.edu/sites/default/files/PDF/Amendment-RelativeGradingSystem-2021.pdf
644,Withdrawal from examination (vide Clause 17) will not be considered as an appearance.  Should,2021-22,0.8,https://www.tce.edu/sites/default/files/PDF/Amendment-RelativeGradingSystem-2021.pdf
645,SECOND CLASS: All other students (not covered in clauses 16.2.1 and 16.2.2) who qualify for the award of the degree (vide Clause 16.1) shall be declared to,2021-22,0.8,https://www.tce.edu/sites/default/files/PDF/Amendment-RelativeGradingSystem-2021.pdf
646,who qualify for the award of the degree (vide Clause 16.,2021-22,0.8,https://www.tce.edu/sites/default/files/PDF/Amendment-RelativeGradingSystem-2021.pdf
647,"On producing the evidence of the research publication, through faculty advisor and Head of the Department, grade and credits will be",,0.8,https://www.tce.edu/sites/default/files/PDF/Amendment-ResearchPaper-Internship.pdf
648,grades will be,,0.8,https://www.tce.edu/sites/default/files/PDF/Amendment-ResearchPaper-Internship.pdf
649,No Approved in 56th Academic Council Meeting Change made and approved in 58th Academic Council To be changed as 4.6 Every student,,0.8,https://www.tce.edu/sites/default/files/PDF/Amendment-ResearchPaper-Internship.pdf
650,Every 2 weeks of internship/training at industry,,0.8,https://www.tce.edu/sites/default/files/PDF/Amendment-ResearchPaper-Internship.pdf
651,credit will be,,0.8,https://www.tce.edu/sites/default/files/PDF/Amendment-ResearchPaper-Internship.pdf
652,"Based on the recommendation by the team, the student will be",,0.8,https://www.tce.edu/sites/default/files/PDF/Amendment-ResearchPaper-Internship.pdf
653,final semester project period at industry/research organization will not be considered as industrial training/internship.,,0.8,https://www.tce.edu/sites/default/files/PDF/Amendment-ResearchPaper-Internship.pdf
654,Each student,,0.8,https://www.tce.edu/sites/default/files/PDF/Amendment-ResearchPaper-Internship.pdf
655,Two weeks of internship/training at industry/institution,,0.8,https://www.tce.edu/sites/default/files/PDF/Amendment-ResearchPaper-Internship.pdf
656,credit will be,,0.8,https://www.tce.edu/sites/default/files/PDF/Amendment-ResearchPaper-Internship.pdf
657,Each student,,0.8,https://www.tce.edu/sites/default/files/PDF/Amendment-ResearchPaper-Internship.pdf
658,"Based on the recommendation by the team, the student will be",,0.8,https://www.tce.edu/sites/default/files/PDF/Amendment-ResearchPaper-Internship.pdf
659,Each student,,0.8,https://www.tce.edu/sites/default/files/PDF/Amendment-ResearchPaper-Internship.pdf
660,Pedagogical trainings and transformation TCE Faculty,,0.8,https://www.tce.edu/academics/academic-achievements
661,team of 5 members from the ECE department,2025-26,0.8,https://www.tce.edu/academics/academic-achievements
662,"Dharshini P, Third year ECE student,also",2025-26,0.8,https://www.tce.edu/academics/academic-achievements
663,Award presentation - Design Spark Challenge 2025 Section 3.,2025-26,0.8,https://www.tce.edu/academics/academic-achievements
664,"Anitha - AMCS Outstanding Teaching Learning Center - 2025 Excellence In Performance Award 2021-2022PALS, IITMadras, Chennai Excellence In Performance Award 2023-2024PALS, IITMadras, Chennai 2021-2022 Award Receiving",2021-22,0.8,https://www.tce.edu/academics/academic-achievements
665,Score TCE MOOC 0.749 NPTEL 0.683 Coursera 0.703 EdX 0.532 Other platforms 0.332 IUCEE NEP Minicourses Details Indo Universal Collaboration for Engineering Education (IUCEE) Mission National Education Policy (NEP) offers,2025-26,0.8,https://www.tce.edu/academics/academic-achievements
666,Aided Autonomous Institution Affiliated to Anna University) Head - IQAC Mail ID - headiqac@tce.edu IQAC Mail ID - iqac@tce.edu The Life @ TCE program,,0.8,https://www.tce.edu/sites/default/files/PDF/Life-TCE-Report-2025-July31.pdf
667,Aided Autonomous Institution Affiliated to Anna University) Head - IQAC Mail ID - headiqac@tce.edu IQAC Mail ID - iqac@tce.edu Venue: CSE Seminar Hall Time: 11.00 a.m.to 11.45 a.m. (FN) Date Time AGENDA Inauguration 16,2024-25,0.8,https://www.tce.edu/sites/default/files/PDF/Life-TCE-Report-2025-July31.pdf
668,"Encouraging a strong research culture, he urged faculty to align their work with societal and industrial needs, promoting innovation and interdisciplinary collaboration.",,0.8,https://www.tce.edu/sites/default/files/PDF/Life-TCE-Report-2025-July31.pdf
669,"Rajaram, Registrar of TCE, delivered an informative session at the CSE Seminar Hall, focusing on the key administrative processes managed by the Registrar’s office.",,0.8,https://www.tce.edu/sites/default/files/PDF/Life-TCE-Report-2025-July31.pdf
670,Aided Autonomous Institution Affiliated to Anna University) Head - IQAC Mail ID - headiqac@tce.edu IQAC Mail ID - iqac@tce.edu Bingo Activity,,0.8,https://www.tce.edu/sites/default/files/PDF/Life-TCE-Report-2025-July31.pdf
671,"Anitha, Associate Professor in the Department of Applied Mathematics & Computational Science (AMCS) at CSE Seminar Hall Highlights of the session - Bingo Activity Session IV featured an engaging bingo activity",,0.8,https://www.tce.edu/sites/default/files/PDF/Life-TCE-Report-2025-July31.pdf
672,Aided Autonomous Institution Affiliated to Anna University) Head - IQAC Mail ID - headiqac@tce.edu IQAC Mail ID - iqac@tce.edu Day 2 Session III Highlights of the session Teaching-Learning @ TCE The afternoon session,,0.8,https://www.tce.edu/sites/default/files/PDF/Life-TCE-Report-2025-July31.pdf
673,"Hariharan, Dean - Industry Institute Interaction The second morning session",,0.8,https://www.tce.edu/sites/default/files/PDF/Life-TCE-Report-2025-July31.pdf
674,"session focused on promoting entrepreneurship, innovation , and industry collaboration at TCE, with a special emphasis on MSME (Ministry of Micro, Small and Medium Enterprises) initiatives.",,0.8,https://www.tce.edu/sites/default/files/PDF/Life-TCE-Report-2025-July31.pdf
675,"session concluded on a lively note, reinforcing the spirit of collaboration and camaraderie.",,0.8,https://www.tce.edu/sites/default/files/PDF/Life-TCE-Report-2025-July31.pdf
676,Aided Autonomous Institution Affiliated to Anna University) Head - IQAC Mail ID - headiqac@tce.edu IQAC Mail ID - iqac@tce.edu Highlights of Day 4 - Afternoon Session: Online Quiz Activity The afternoon session featured,,0.8,https://www.tce.edu/sites/default/files/PDF/Life-TCE-Report-2025-July31.pdf
677,"He provided an overview of the functioning of the CDC, detailing its structured approach to placement training, which includes modules for communication skills , aptitude training , and interview preparation.",,0.8,https://www.tce.edu/sites/default/files/PDF/Life-TCE-Report-2025-July31.pdf
678,"Parthasarathy began by outlining the vision and objectives of the CoEs at TCE, which",,0.8,https://www.tce.edu/sites/default/files/PDF/Life-TCE-Report-2025-July31.pdf
679,He encouraged newly inducted faculty members to: • Contribute to the design and delivery of CCE courses • Participate in faculty training programs • Engage in collaborative research and development activities through,,0.8,https://www.tce.edu/sites/default/files/PDF/Life-TCE-Report-2025-July31.pdf
680,"Prasanna, Associate Dean - ECA (Cultural & Sports), Dr.",,0.8,https://www.tce.edu/sites/default/files/PDF/Life-TCE-Report-2025-July31.pdf
681,"Prasanna, Associate Dean - ECA (Cultural & Sports) The session",,0.8,https://www.tce.edu/sites/default/files/PDF/Life-TCE-Report-2025-July31.pdf
682,"Prasanna , Associate Dean - Extra-Curricular Activities (ECA), focusing on the importance of cultural and sports engagement in the holistic development of students and faculty at TCE.",,0.8,https://www.tce.edu/sites/default/files/PDF/Life-TCE-Report-2025-July31.pdf
683,"He highlighted how creativity, teamwork, discipline, and leadership",,0.8,https://www.tce.edu/sites/default/files/PDF/Life-TCE-Report-2025-July31.pdf
684,The session included: • An overview of the various student clubs at TCE. • Introduction of DLCs (Department -Level Coordinators) and CLCs (College -Level Coordinators) responsible for managing these clubs. •,,0.8,https://www.tce.edu/sites/default/files/PDF/Life-TCE-Report-2025-July31.pdf
685,NCC Session - TCE NCC Officer Following Dr.,2024-25,0.8,https://www.tce.edu/sites/default/files/PDF/Life-TCE-Report-2025-July31.pdf
686,"Prasanna’s talk, the NCC Officer of TCE delivered a presentation supported by a 10-minute video, showcasing the achievements of NCC cadets .",,0.8,https://www.tce.edu/sites/default/files/PDF/Life-TCE-Report-2025-July31.pdf
687,"session highlighted various ongoing NCC activities at TCE and the discipline, service, and leadership skills instilled through the program.",,0.8,https://www.tce.edu/sites/default/files/PDF/Life-TCE-Report-2025-July31.pdf
688,"Sports Session - Physical Director, TCE THIAGARAJAR COLLEGE OF ENGINEERING, MADURAI (A Govt.",2024-25,0.8,https://www.tce.edu/sites/default/files/PDF/Life-TCE-Report-2025-July31.pdf
689,Aided Autonomous Institution Affiliated to Anna University) Head - IQAC Mail ID - headiqac@tce.edu IQAC Mail ID - iqac@tce.edu The final part of the session,,0.8,https://www.tce.edu/sites/default/files/PDF/Life-TCE-Report-2025-July31.pdf
690,Key points included: • Details of men’s and women’s sports teams. • A list of prize winners from both internal and external sports events. • Information about major events such as the MINI MARATHON. • Encouragement for,,0.8,https://www.tce.edu/sites/default/files/PDF/Life-TCE-Report-2025-July31.pdf
691,"This combined session provided a holistic view of the extracurricular ecosystem at TCE, reinforcing the institution's commitment to nurturing well-rounded individuals through active participation in cultural, sports,",,0.8,https://www.tce.edu/sites/default/files/PDF/Life-TCE-Report-2025-July31.pdf
692,Aided Autonomous Institution Affiliated to Anna University) Head - IQAC Mail ID - headiqac@tce.edu IQAC Mail ID - iqac@tce.edu Venue: ECE Seminar Hall Time: 11.45 a.m.to 12.30 p.m.,,0.8,https://www.tce.edu/sites/default/files/PDF/Life-TCE-Report-2025-July31.pdf
693,"In his address, he emphasized the importance of such orientation and faculty development programs in fostering a culture of continuous learning, collaboration, and institutional alignment among the newly inducted",,0.8,https://www.tce.edu/sites/default/files/PDF/Life-TCE-Report-2025-July31.pdf
694,He then distributed participation certificates to all attendees and presented special prizes to: • The winning team of the Treasure Hunt learning activity • Faculty members recognized for their outstanding performance,2024-25,0.8,https://www.tce.edu/sites/default/files/PDF/Life-TCE-Report-2025-July31.pdf
695,"These glimpses truly embody the spirit of learning, collaboration, and community that defines the Life @ TCE experience.",,0.8,https://www.tce.edu/sites/default/files/PDF/Life-TCE-Report-2025-July31.pdf
696,"4th TCE Faculty Conclave 2025 2025 Page 1 THIAGARAJAR COLLEGE OF ENGINEERING, MADURAI OFFICE OF THE ACADEMIC PROCESS FOURTH FACULTY CONCLAVE - 2025 THIAGARAJAR COLLEGE OF ENGINEERING, MADURAI OFFICE OF THE ACADEMIC",2025-26,0.8,https://www.tce.edu/sites/default/files/PDF/TCE-Faculty_Conclave_2025-Short-report.pdf
697,"KAVITHA D / EEE 2 Strategies for GATE Success: Sustainable Learning Through Customized Best Practices, Resource Sharing & Collaboration Dr.",2025-26,0.8,https://www.tce.edu/sites/default/files/PDF/TCE-Faculty_Conclave_2025-Short-report.pdf
698,Innovative Pedagogy in Electrical Workshop: Empowering Students with PCB Design and Circuit Mastery Ms.,2025-26,0.8,https://www.tce.edu/sites/default/files/PDF/TCE-Faculty_Conclave_2025-Short-report.pdf
699,"Strategies for GATE Success: Sustainable Learning Through Customized Best Practices, Resource Sharing & Collaboration Dr.",2025-26,0.8,https://www.tce.edu/sites/default/files/PDF/TCE-Faculty_Conclave_2025-Short-report.pdf
700,Innovative Pedagogy in Electrical Workshop: Empowering Students with PCB Design and Circuit Mastery Ms. MEENAKSHI DEVI M / EEE,2025-26,0.8,https://www.tce.edu/sites/default/files/PDF/TCE-Faculty_Conclave_2025-Short-report.pdf
701,"Strategies for GATE Success: Sustainable Learning Through Customized Best Practices, Resource Sharing & Collaboration Dr. SATHYA BAMA B/ ECE",2025-26,0.8,https://www.tce.edu/sites/default/files/PDF/TCE-Faculty_Conclave_2025-Short-report.pdf
702,"Communication, Critical thinking, Collaboration, Creativity",2022-23,0.8,https://www.tce.edu/sites/default/files/PDF/Student-Satisfaction-Survey-2021-22.pdf
703,3.52 Q18 The assessments,2022-23,0.8,https://www.tce.edu/sites/default/files/PDF/Student-Satisfaction-Survey-2021-22.pdf
704,"Also, it will be very helpful for students if you provide a desk and bench enabled with charging points so that students can use laptops in classrooms and can learn or code side by side  It's going good  Students who",2022-23,0.8,https://www.tce.edu/sites/default/files/PDF/Student-Satisfaction-Survey-2021-22.pdf
705,3) Field trips or industrial visit,2022-23,0.8,https://www.tce.edu/sites/default/files/PDF/Student-Satisfaction-Survey-2021-22.pdf
706,"Thank you  CDIO subjects must include industry technologies training phase  During placement activities, the trainings",2022-23,0.8,https://www.tce.edu/sites/default/files/PDF/Student-Satisfaction-Survey-2021-22.pdf
707,3.56 Q18 The assessments,2022-23,0.8,https://www.tce.edu/sites/default/files/PDF/Student-Satisfaction-Survey-2021-22.pdf
708,award of undergraduate degree with Minors and Honors will be implemented from the academic year 2022-23 onwards.,2022-23,0.8,https://www.tce.edu/sites/default/files/PDF/Student-Satisfaction-Survey-2021-22.pdf
709,Academic Collaboration with Professional societies like TRIZ shall be encouraged to increase the count of patents by the students.,2022-23,0.8,https://www.tce.edu/sites/default/files/PDF/Student-Satisfaction-Survey-2021-22.pdf
710,Collaboration with MOOC platforms like edX shall be extended to provide exposure to a wide variety of assessment tools and techniques.,2022-23,0.8,https://www.tce.edu/sites/default/files/PDF/Student-Satisfaction-Survey-2021-22.pdf
711,"Communication, Critical thinking, Collaboration, Creativity",2022-23,0.8,https://www.tce.edu/sites/default/files/PDF/Student-Satisfaction-Survey-2021-22.pdf
712,Collaboration with MOOC platforms like edX shall be extended to provide exposure to a wide variety of assessment tools and techniques. Financial assistance for NPTEL courses shall be provided to meritorious students.,2022-23,0.8,https://www.tce.edu/sites/default/files/PDF/Student-Satisfaction-Survey-2021-22.pdf
713,"Communication, Critical thinking, Collaboration, Creativity",2021-22,0.8,https://www.tce.edu/sites/default/files/PDF/Student-Satisfaction-Survey-2020-21.pdf
714,"Communication, Critical thinking, Collaboration, Creativity",2021-22,0.8,https://www.tce.edu/sites/default/files/PDF/Student-Satisfaction-Survey-2020-21.pdf
715,3.48 Q18 The assessments,2021-22,0.8,https://www.tce.edu/sites/default/files/PDF/Student-Satisfaction-Survey-2020-21.pdf
716,3.64 Q14 The assessments,2021-22,0.8,https://www.tce.edu/sites/default/files/PDF/Student-Satisfaction-Survey-2020-21.pdf
717,Collaboration with edX,2021-22,0.8,https://www.tce.edu/sites/default/files/PDF/Student-Satisfaction-Survey-2020-21.pdf
718,"Communication, Critical thinking, Collaboration, Creativity",2021-22,0.8,https://www.tce.edu/sites/default/files/PDF/Student-Satisfaction-Survey-2020-21.pdf
719,"Communication, Critical thinking, Collaboration, Creativity",,0.8,https://www.tce.edu/sites/default/files/PDF/Student-Satisfaction-Survey-2019-20.pdf
720,3.14 Q15 The assessments,,0.8,https://www.tce.edu/sites/default/files/PDF/Student-Satisfaction-Survey-2019-20.pdf
721,Workshop on Developing learner-centric online courses: Resilient Teaching Approach for TCE faculty members by the TCE Academic Process team members 7.,,0.8,https://www.tce.edu/sites/default/files/PDF/Student-Satisfaction-Survey-2019-20.pdf
722,"IUCEE-EWBStudents Leadership Course: • Emphasis on developing 21 st-century skills: innovation, design thinking, critical thinking, analytical thinking, collaboration skills, presentation skills, and leadership skills.",,0.8,https://www.tce.edu/sites/default/files/PDF/Student-Satisfaction-Survey-2019-20.pdf
723,"Communication, Critical thinking, Collaboration, Creativity",,0.8,https://www.tce.edu/sites/default/files/PDF/Student-Satisfaction-Survey-2019-20.pdf
724,Workshop on Developing learner-centric online courses: Resilient Teaching Approach for TCE faculty members by the TCE Academic Process team members,,0.8,https://www.tce.edu/sites/default/files/PDF/Student-Satisfaction-Survey-2019-20.pdf
725,"Communication, Critical thinking, Collaboration, Creativity",,0.8,https://www.tce.edu/sites/default/files/PDF/Student-Satisfaction-Survey-2018-19.pdf
726,3.07 Q18 The assessments,,0.8,https://www.tce.edu/sites/default/files/PDF/Student-Satisfaction-Survey-2018-19.pdf
727,"Communication, Critical thinking, Collaboration, Creativity",,0.8,https://www.tce.edu/sites/default/files/PDF/Student-Satisfaction-Survey-2018-19.pdf
728,Seminar Oral Presentation on topics relevant to the course viii.,,0.8,https://www.tce.edu/sites/default/files/PDF/Course-Plan-Template-2024.pdf
729,Activity 2 Registration at TCE after University admission 2.1 Enrolment at College Office Enrolment at TCE in the prescribed form [Form AR-2] with • Copy of the University Admission Letter • Copy of Form AR-1 • Proof,,0.8,https://www.tce.edu/sites/default/files/PDF/Aca-Res-Process-Flow-2022.pdf
730,"Submission of CAM to COE COE foil card Course coordinator • Course coordinator would maintain the internal records, award CAM and submit the same to COE.",,0.8,https://www.tce.edu/sites/default/files/PDF/Aca-Res-Process-Flow-2022.pdf
731,No Name address of partnering Institutions/ Industry with details of contact person Nature of involvement,,0.8,https://www.tce.edu/sites/default/files/PDF/SR-FORMATS-2025-updated.pdf
732,"Title of the Project Name of the agency and File No.* Project period Sanctioned Amount Name of the PI & Co-PI Status (Completed/Ongoing) If completed, date of completion Enclose the sanctioned order DLC HOD CLC (SR)",,0.8,https://www.tce.edu/sites/default/files/PDF/SR-FORMATS-2025-updated.pdf
733,Workshop On Intellectual Property Rights (IPRs) And IP Management For Start Up Quarter - 3 Theme Workshop Activity Name Workshop on Intellectual Property Rights (IPRs) and IP management for start up Mode of Conduct,2022-23,0.8,https://www.tce.edu/sites/default/files/ipr-cell/activity/2022-2023/ACTIVITY-3.pdf
734,"workshop mainly focused on: - Giving broad idea about IPR and its importance. - Giving idea about requirement, criteria and rules for patent and design filing.",2022-23,0.8,https://www.tce.edu/sites/default/files/ipr-cell/activity/2022-2023/ACTIVITY-3.pdf
735,Biochemical Engg and Biotechnology. • Faculty for various intellectual property training at RGNIIPM. • She,2022-23,0.8,https://www.tce.edu/sites/default/files/ipr-cell/activity/2022-2023/ACTIVITY-3.pdf
736,Solicit your continued support for outreach of IPR far and wide.,2022-23,0.8,https://www.tce.edu/sites/default/files/ipr-cell/activity/2022-2023/ACTIVITY-3.pdf
737,"Intellectual Property Rights ActivityIPRDesigns As a part of TCE IPR Cell activities, We",2021-22,0.8,https://www.tce.edu/sites/default/files/ipr-cell/activity/2021-2022/ACTIVITY-2.pdf
738,This webinar,2021-22,0.8,https://www.tce.edu/sites/default/files/ipr-cell/activity/2021-2022/ACTIVITY-2.pdf
739,More than 25 faculty members and research scholars attended and benefited from this programme.,2021-22,0.8,https://www.tce.edu/sites/default/files/ipr-cell/activity/2021-2022/ACTIVITY-2.pdf
740,"Intellectual Property Rights ActivityPatent filing procedure in India and Patents (Amendment) Rules, 2021 IPR cell of TCE",2021-22,0.8,https://www.tce.edu/sites/default/files/ipr-cell/activity/2021-2022/ACTIVITY-4.pdf
741,This webinar,2021-22,0.8,https://www.tce.edu/sites/default/files/ipr-cell/activity/2021-2022/ACTIVITY-4.pdf
742,Triz Introductory Session by Triz Asia 8th April 2022 Intellectual Property Rights ActivityTRIZ IPR cell of TCE,2021-22,0.8,https://www.tce.edu/sites/default/files/ipr-cell/activity/2021-2022/ACTIVITY-7.pdf
743,40 Strategies with example to be explained for easy understanding If its a live webinar its much more useful!!!,2021-22,0.8,https://www.tce.edu/sites/default/files/ipr-cell/activity/2021-2022/ACTIVITY-7.pdf
744,Nil Make this a part of curriculum in lateral thinking and engineering exploration The program could rather be a physical one than a webinar.,2021-22,0.8,https://www.tce.edu/sites/default/files/ipr-cell/activity/2021-2022/ACTIVITY-7.pdf
745,It may help the participants connect well workshop with detailed case-studies will be useful Nil How to apply TRIZ for different engineering applications and mapping with corresponding patents NIL - May include some,2021-22,0.8,https://www.tce.edu/sites/default/files/ipr-cell/activity/2021-2022/ACTIVITY-7.pdf
746,Nice session... -- Nice session well with the theme of the seminar. efficient.,2021-22,0.8,https://www.tce.edu/sites/default/files/ipr-cell/activity/2021-2022/ACTIVITY-7.pdf
747,"Online courses like“WipoTL101”shallbeintroducedtothestudents. o The IPR related courses shall also be introduced in the under graduate level. o The students shall also be trained on advanced course on IPR, which",,0.8,https://www.tce.edu/sites/default/files/ipr-cell/activity/2020-2021/ACTIVITY-1.pdf
748,"IPR ACTIVITY Theme AICTE-INAE Distinguished Visiting Professorship Activity Name Fundamentals of Patents, Patent Landscaping and Patent Searching Mode of Conduct Online Date 13.11.2021 Time 9:3010:30 11:30 -1:00 2:30 -",2021-22,0.8,https://www.tce.edu/sites/default/files/ipr-cell/activity/2020-2021/ACTIVITY-4.pdf
749,None This webinar,,0.8,https://www.tce.edu/sites/default/files/ipr-cell/activity/2020-2021/ACTIVITY-4.pdf
750,objective of the workshop,,0.8,https://www.tce.edu/sites/default/files/ipr-cell/activity/2019-2020/ACTIVITY-3.pdf
751,23 participants,,0.8,https://www.tce.edu/sites/default/files/ipr-cell/activity/2019-2020/ACTIVITY-3.pdf
752,250 students,,0.8,https://www.tce.edu/sites/default/files/ipr-cell/activity/2019-2020/ACTIVITY-5.pdf
753,objective of the workshop,,0.8,https://www.tce.edu/sites/default/files/ipr-cell/activity/2018-2019/ACTIVITY-1.pdf
754,50 participants,,0.8,https://www.tce.edu/sites/default/files/ipr-cell/activity/2018-2019/ACTIVITY-1.pdf
755,AL Piriya Kumar oversaw the event.The gathering,,0.8,https://www.tce.edu/sites/default/files/ipr-cell/activity/2018-2019/ACTIVITY-2.pdf
756,objective of the workshop,,0.8,https://www.tce.edu/sites/default/files/ipr-cell/activity/2018-2019/ACTIVITY-3.pdf
757,"AL Piriya Kumar, Managing Director of Agape Piriya Kumar AI Solutions, Bangalore, served as the workshop mentor.",,0.8,https://www.tce.edu/sites/default/files/ipr-cell/activity/2018-2019/ACTIVITY-6.pdf
758,"All faculty, students, researchers, and individuals under any contract or agreement with TCE shall at all times maintain confidentiality and refrain from disclosing confidential information received during their",,0.8,https://www.tce.edu/sites/default/files/PDF/TCE-IP-Policy.pdf
759,"TCE may consider joint ownership of IP with industry partner(s)/sponsor(s)/alumni further to collaboration agreements and based on the contribution from an industry partner/sponsor/alumni, with the prior written",,0.8,https://www.tce.edu/sites/default/files/PDF/TCE-IP-Policy.pdf
760,All arbitration proceedings shall be,,0.8,https://www.tce.edu/sites/default/files/PDF/TCE-IP-Policy.pdf
761,"TCE may consider joint ownership of IP with industry partner(s)/sponsor(s)/alumni further to collaboration agreements and based on the contribution from an industry partner/sponsor/alumni, with the prior written",,0.8,https://www.tce.edu/sites/default/files/PDF/TCE-IP-Policy.pdf
762,"Scholarspursing) 14.3 Research Publications arising out of the present project: Numbers with classification, Conference Paper, Journal Paper, Patent, prototype 15.",2024-25,0.8,https://www.tce.edu/sites/default/files/PDF/TCE-SMS-Formats.pdf
763,"List of Publications from this Project(including title, author(s),journals & year(s) (A) Papers published only in cited Journals(SCI) : G R, Hemh, (B) Papers published in Conference Proceedings, Popular Journals etc.",2024-25,0.8,https://www.tce.edu/sites/default/files/PDF/TCE-SMS-Formats.pdf
764,Any other Outcome: Events/Hackathon/etc if any 20.,2024-25,0.8,https://www.tce.edu/sites/default/files/PDF/TCE-SMS-Formats.pdf
765,"All research publications, patents, conference presentations, and other scholarly outputs arising from this project explicitly acknowledge the financial and institutional support received from the Thiagarajar College of",2024-25,0.8,https://www.tce.edu/sites/default/files/PDF/TCE-SMS-Formats.pdf
766,Achievement of Objectives a) List of approved project objectives b) Status (Achieved / Partially Achieved / Not Achieved) for each c) Explanation of any deviations or additional outcomes 4.,2024-25,0.8,https://www.tce.edu/sites/default/files/PDF/TCE-SMS-Formats.pdf
767,"Publications and Dissemination a) List of publications (journals, conferences, etc.) b) Patents filed (if any) c) Student involvement (e.g., project work, thesis, internships) d) Presentations or workshops",2024-25,0.8,https://www.tce.edu/sites/default/files/PDF/TCE-SMS-Formats.pdf
768,"Conclusion and Suggestions a) Overall remarks on the success of the project b) Suggestions for improving the Seed Money Scheme in future c) Recommendation on possible scale-up, collaboration, or commercialization",2024-25,0.8,https://www.tce.edu/sites/default/files/PDF/TCE-SMS-Formats.pdf
769,"Supporting Documents (Annexures) • Copies of invoices, bills, and expenditure proofs • Photographs of setup, experiments, or field work • Copies of publications/presentations • Statement of Fund Utilization (signed by",2024-25,0.8,https://www.tce.edu/sites/default/files/PDF/TCE-SMS-Formats.pdf
770,"List of Publications from this Project(including title, author(s),journals & year(s) (A) Papers published only in cited Journals(SCI) : G R, Hemh, (B) Papers published in Conference Proceedings, Popular Journals etc. G",2024-25,0.8,https://www.tce.edu/sites/default/files/PDF/TCE-SMS-Formats.pdf
771,Any other Outcome: Events/Hackathon/etc if any,2024-25,0.8,https://www.tce.edu/sites/default/files/PDF/TCE-SMS-Formats.pdf
772,Achievement of Objectives a) List of approved project objectives b) Status (Achieved / Partially Achieved / Not Achieved) for each c) Explanation of any deviations or additional outcomes,2024-25,0.8,https://www.tce.edu/sites/default/files/PDF/TCE-SMS-Formats.pdf
773,"Conclusion and Suggestions a) Overall remarks on the success of the project b) Suggestions for improving the Seed Money Scheme in future c) Recommendation on possible scale-up, collaboration, or commercialization",2024-25,0.8,https://www.tce.edu/sites/default/files/PDF/TCE-SMS-Formats.pdf
774,Home > Campus Life > Sports >,2023-24,0.8,https://www.tce.edu/campuslife/sports/organised-tce
775,"Served as Selection Committee Member for Badminton (Men), Zone 16, Anna University Sports Board",2023-24,0.8,https://www.tce.edu/campuslife/sports/organised-tce
776,"Served as Selection Committee Member for Badminton (Women), Zone 16, Anna University Sports Board",2023-24,0.8,https://www.tce.edu/campuslife/sports/organised-tce
777,"Anna University, Chennai - Zone XVI Inter-Collegiate Badminton Tournament for men and women",2023-24,0.8,https://www.tce.edu/campuslife/sports/organised-tce
778,"Anna University, Chennai - Zone XVI Inter-Collegiate Hockey Tournament for men",2023-24,0.8,https://www.tce.edu/campuslife/sports/organised-tce
779,Madurai Half Marathon,2023-24,0.8,https://www.tce.edu/campuslife/sports/organised-tce
780,Thiru Karumuttu Thiagarajan Chettiar 2nd Memorial State Level Inter-Engineering Men’s Handball Tournament,2023-24,0.8,https://www.tce.edu/campuslife/sports/organised-tce
781,"Participated as Manager/Official in the 28th Thiru Karumuttu Thiagarajan Chettiar Memorial Inter-Engineering Men’s Hockey Tournament 2023-2024, held at Thiagarajar College of Engineering, Madurai from 28.08.2023 to",2023-24,0.8,https://www.tce.edu/campuslife/sports/organised-tce
782,Thiru Karumuttu Thiagarajan Chettiar 2nd Memorial State Level Inter-College Engineering Men’s Cricket Tournament,2023-24,0.8,https://www.tce.edu/campuslife/sports/organised-tce
783,7th Dr (Mrs) Radha Thiagarajan Memorial State Level Open and Children’s Chess Tournament,2023-24,0.8,https://www.tce.edu/campuslife/sports/organised-tce
784,Kannan Memorial Open State Level (Non-Medalist) Badminton Men’s Tournament 2023-24,2023-24,0.8,https://www.tce.edu/campuslife/sports/organised-tce
785,Thiagarajar College of Engineering Sports Day 2023-24,2023-24,0.8,https://www.tce.edu/campuslife/sports/organised-tce
786,Home > Campus Life > Sports > Annual Sports Day Annual Sports Day DEPARTMENT OF PHYSICAL EDUCATION ANNUAL SPORTS REPORT 2023-2024 Physical Education Director Dr.M.ArunPrem ACTIVITIES AND ACHIEVEMENTS OF THE PHYSICAL,2023-24,0.8,https://www.tce.edu/campuslife/sports/annual-sports-day
787,Arun Prem received Anna University Sports Board Zone 16 Over All Championship award for the year 2022-2023 by the Tamilnadu Physical Education Sports University Vice Chancellor Dr M.Sundar and Anna University Vice,2022-23,0.8,https://www.tce.edu/campuslife/sports/annual-sports-day
788,CM Cash Prize SHOOTING (Men) Mr.TANISH MILIND SALUNKHE of II-year CIVIL,2022-23,0.8,https://www.tce.edu/campuslife/sports/annual-sports-day
789,"ACTIVITIES ORGANISED: Physical Education Director Annual Report Selection Committee member for Hockey Women Inter zone Anna University Sports Board at Srirangam Govt College of Engineering,",2022-23,0.8,https://www.tce.edu/campuslife/sports/annual-sports-day
790,"Selection Committee member for Hockey men Zone - 16 Anna University Sports Board at TCE, Madurai",2023-24,0.8,https://www.tce.edu/campuslife/sports/annual-sports-day
791,Selection Committee member for Badminton Men Zone - 16 Anna University Sports Board at TCE 16,2023-24,0.8,https://www.tce.edu/campuslife/sports/annual-sports-day
792,Selection Committee member for Badminton Women Zone - 16 Anna University Sports Board at TCE,2023-24,0.8,https://www.tce.edu/campuslife/sports/annual-sports-day
793,"Selection Committee member for Tennis Men Zone - 16 Anna University Sports Board at University College of Engineering, Ramnadu",2023-24,0.8,https://www.tce.edu/campuslife/sports/annual-sports-day
794,TCE Sports Students received Best out Gong StudentsTCE-BOS Sports Over all(Gold Medal) -Mrs Rashika - Boxer TCE-BOS Sports Boy (Silver Medal) - Mr Mukesh -Athletics TCE-BOS Sports Girl (Silver Medal) - Mrs Roshini -Kho,2023-24,0.8,https://www.tce.edu/campuslife/sports/annual-sports-day
795,ANNA UNIVERSITY SPORTS BOARD ZONE 16 TOURNAMENTS,2023-24,0.8,https://www.tce.edu/campuslife/sports/annual-sports-day
796,"Anna University, Chennai Zone XVI Inter Collegiate Hockey Tournament for Men",2023-24,0.8,https://www.tce.edu/campuslife/sports/annual-sports-day
797,"Medical College matathonmass participation award to our College University Players ANNA UNIVERSITY REPRESENTATION: This year the following students from our College represented Anna University, Chennai in the South Zone",2023-24,0.8,https://www.tce.edu/campuslife/sports/annual-sports-day
798,SHOOTING (Men) Mr.TANISH MILIND SALUNKHE of II-year CIVIL,2022-23,0.8,https://www.tce.edu/campuslife/sports/annual-sports-day
799,Roll Ball (Men) Mr B.Gowtham of II-year ARCH,2023-24,0.8,https://www.tce.edu/campuslife/sports/annual-sports-day
800,"ANNA UNIVERSITY CHENNAI, INTER-ZONAL TOURAMENTS: The following teams",2023-24,0.8,https://www.tce.edu/campuslife/sports/annual-sports-day
801,"Our college Athletics team bagged 1 Gold medal, 2 Silver medals and 1 bronze medal in Anna University Inter Zonal Tournament",2023-24,0.8,https://www.tce.edu/campuslife/sports/annual-sports-day
802,Event Position 1 Sakthi Kishore V PG-Civil(II) 917723CM007 Discus throw First 2 SahayaJerlin T ARCH(III) 21AR053 Triple Jump Second 3 Varun Krishnan IT(III) 21IT113 High Jump Second 4 SahayaJerlin T ARCH(III) 21AR053,2023-24,0.8,https://www.tce.edu/campuslife/sports/annual-sports-day
803,Our college Judo team bagged 1 Bronze medal in Anna University Inter Zonal Tournament,2023-24,0.8,https://www.tce.edu/campuslife/sports/annual-sports-day
804,Event Position 1 Vimal Raj M MECH(IV) 20G110 Judo Third Our college Badminton Men’s team,2023-24,0.8,https://www.tce.edu/campuslife/sports/annual-sports-day
805,Our college Badminton Women’s team,2023-24,0.8,https://www.tce.edu/campuslife/sports/annual-sports-day
806,Our college Football Women’s team,2023-24,0.8,https://www.tce.edu/campuslife/sports/annual-sports-day
807,Our college Handball Men’s team,2023-24,0.8,https://www.tce.edu/campuslife/sports/annual-sports-day
808,Our college Handball Women’s team,2023-24,0.8,https://www.tce.edu/campuslife/sports/annual-sports-day
809,Our college Hockey Men’s team,2023-24,0.8,https://www.tce.edu/campuslife/sports/annual-sports-day
810,Our college Hockey Women’s team,2023-24,0.8,https://www.tce.edu/campuslife/sports/annual-sports-day
811,"ANNA UNIVERSITY CHENNAI, XVI ZONE INTER-COLLEGIATE TOURNAMENTS 2023-2024: Our college boys and girls team",2023-24,0.8,https://www.tce.edu/campuslife/sports/annual-sports-day
812,"Badminton: Our college’s Badminton, bothmen’s & women’s team",2023-24,0.8,https://www.tce.edu/campuslife/sports/annual-sports-day
813,Ball Badminton: Our college’s Ball Badminton men’s team,2023-24,0.8,https://www.tce.edu/campuslife/sports/annual-sports-day
814,Our college’s Ball Badminton women’s team,2023-24,0.8,https://www.tce.edu/campuslife/sports/annual-sports-day
815,Basketball: Our college’s Basketball men’s team,2023-24,0.8,https://www.tce.edu/campuslife/sports/annual-sports-day
816,Our college’s Basketball women’s team,2023-24,0.8,https://www.tce.edu/campuslife/sports/annual-sports-day
817,Chess: Our college’s Chess Men’s team,2023-24,0.8,https://www.tce.edu/campuslife/sports/annual-sports-day
818,Our college’s Chess both Women’s team,2023-24,0.8,https://www.tce.edu/campuslife/sports/annual-sports-day
819,Hockey: Our college’s Hockey men’s team,2023-24,0.8,https://www.tce.edu/campuslife/sports/annual-sports-day
820,Handball: Our college’s Handball men’s team,2023-24,0.8,https://www.tce.edu/campuslife/sports/annual-sports-day
821,KHO-KHO: Our college’s Kho-Kho men’s team,2023-24,0.8,https://www.tce.edu/campuslife/sports/annual-sports-day
822,Tennis: Our college’s Tennis men’s team,2023-24,0.8,https://www.tce.edu/campuslife/sports/annual-sports-day
823,"Table Tennis: Our college’s Table Tennis, both men’s and women’s team",2023-24,0.8,https://www.tce.edu/campuslife/sports/annual-sports-day
824,"Volleyball: Our college’s Volleyball, women’s team",2023-24,0.8,https://www.tce.edu/campuslife/sports/annual-sports-day
825,ANNA UNIVERSITY ZONE 16 ATHLETICS TOURNAMENT: Our collegeAthletics team,2023-24,0.8,https://www.tce.edu/campuslife/sports/annual-sports-day
826,OPEN TOURAMENTS and CM Trophy Our collegeAthletics team,2023-24,0.8,https://www.tce.edu/campuslife/sports/annual-sports-day
827,"EVENT MEDAL NAME Judo (M) Silver medal Arunkumar S, II year CSE Judo (M) Balakumaran G, II year MECH Judo (M) Aswin A, II year ECE Judo (M) Vimal Raj M, IV year MECH Judo (M) Bronze medal Aswath M, II year MECH Judo (M)",2023-24,0.8,https://www.tce.edu/campuslife/sports/annual-sports-day
828,RenlinReshmi RS CIVIL(II) 21B082 Discus Throw Third TCE FOUNDERS TROPHY,2023-24,0.8,https://www.tce.edu/campuslife/sports/annual-sports-day
829,"Thiru Karumuttu Thiagarajar Chettiar Second Memorial State Level Inter College Engineering Men's Cricket Tournament(From 11 To 13 April, 2024) 7 th Dr (Mrs) Radha Thiagarajan Memorial State Level Open And Children Chess",2023-24,0.8,https://www.tce.edu/campuslife/sports/annual-sports-day
830,1 st Karumuttu T.Kannan Memorial Open State Level (Non Medalist) Badminton Men Tournament 2023-24,2023-24,0.8,https://www.tce.edu/campuslife/sports/annual-sports-day
831,THIAGARAJAR COLLEGE OF ENGINEERING Sports Day 2023-24 (TCE Sports Day),2023-24,0.8,https://www.tce.edu/campuslife/sports/annual-sports-day
832,12 Kho-Kho Kho-Kho 13 Tennis Tennis 14 Tabl etennis Tabl etennis 15 Volleyball Volleyball TCE Sports Alumni Meet 2023-2024 Dates Sl.No Dates Teams S.N Dates Teams 1.,2023-24,0.8,https://www.tce.edu/campuslife/sports/annual-sports-day
833,M.Plan. Urban Planning - Best Outgoing Student of the Department - POOMIJA C A,2025-26,0.8,https://www.tce.edu/campuslife/bos/college-day-awards-2026
834,Best Outgoing NCC Cadet (Boy) - VISHNU SANKAR V,2025-26,0.8,https://www.tce.edu/campuslife/bos/college-day-awards-2026
835,Best Outgoing NCC Cadet (Girl) - SUBHASHINI M,2025-26,0.8,https://www.tce.edu/campuslife/bos/college-day-awards-2026
836,Best Outgoing NSS Volunteer (Boy) - AKASH B S,2025-26,0.8,https://www.tce.edu/campuslife/bos/college-day-awards-2026
837,Best Outgoing YRC Volunteer (Girl) - RASMI S,2025-26,0.8,https://www.tce.edu/campuslife/bos/college-day-awards-2026
838,Best Outgoing Sports Person (Boy) - TANISH MILIND SALUNKHE,2025-26,0.8,https://www.tce.edu/campuslife/bos/college-day-awards-2026
839,Home > Campus Life > Best Outgoing Students > College Day Awards - 2025 College Day Awards - 2025 Recipient of Medals - College Day 2025 S.No Name of the Award Name of the Student Department 1 Medal for Best Outgoing,2024-25,0.8,https://www.tce.edu/campuslife/bos/college-day-awards-2025
840,Home > Campus Life > Best Outgoing Students > College Day Awards - 2024 College Day Awards - 2024 Recipient of Medals - College Day 2024 S.No Name of the Award Name of the Student Department 1 Medal for Best Outgoing,2023-24,0.8,https://www.tce.edu/campuslife/bos/college-day-awards-2024
841,Master of Computer Applications - Best Outgoing Student of the Department - AKSHARA A,2023-24,0.8,https://www.tce.edu/campuslife/bos/college-day-awards-2024
842,Best Outgoing NCC Cadet (Boy) - APRAKKETH P D M,2023-24,0.8,https://www.tce.edu/campuslife/bos/college-day-awards-2024
843,Best Outgoing NCC Cadet (Girl) - BALA SOUNDARYA V,2023-24,0.8,https://www.tce.edu/campuslife/bos/college-day-awards-2024
844,Best Outgoing NSS Volunteer (Boy) - AMRITH S,2023-24,0.8,https://www.tce.edu/campuslife/bos/college-day-awards-2024
845,Best Outgoing YRC Volunteer (Boy) - GOPI M,2023-24,0.8,https://www.tce.edu/campuslife/bos/college-day-awards-2024
846,Best Outgoing Sports Person (Boy) - MUKESH C,2023-24,0.8,https://www.tce.edu/campuslife/bos/college-day-awards-2024
847,Home > Campus Life > Best Outgoing Students > College Day Awards - 2023 College Day Awards - 2023 Recipient of Medals - College Day 2023 S.No Name of the Award Name of the Student Department 1 Medal for Best Outgoing,2022-23,0.8,https://www.tce.edu/campuslife/bos/college-day-awards-2023
848,Master of Computer Applications - Best Outgoing Student of the Department - MADHUMITHAA N,2022-23,0.8,https://www.tce.edu/campuslife/bos/college-day-awards-2023
849,Best Outgoing NCC Cadet (Boy) - MITHUL KANNAN KR,2022-23,0.8,https://www.tce.edu/campuslife/bos/college-day-awards-2023
850,Best Outgoing NCC Cadet (Girl) - GOPIKA GS,2022-23,0.8,https://www.tce.edu/campuslife/bos/college-day-awards-2023
851,Best Outgoing NSS Volunteer (Boy) - APARAJITHAN MVV,2022-23,0.8,https://www.tce.edu/campuslife/bos/college-day-awards-2023
852,Best Outgoing NSS Volunteer (Girl) - GNANA DHEEPIKA GG,2022-23,0.8,https://www.tce.edu/campuslife/bos/college-day-awards-2023
853,Best Outgoing Sports Person (Boy) - SHYAM K,2022-23,0.8,https://www.tce.edu/campuslife/bos/college-day-awards-2023
854,Home > Campus Life > Best Outgoing Students > College Day Awards - 2022 College Day Awards - 2022 Recipient of Medals - College Day 2022 S.No Name of the Award Name of the Student Department 1 Medal for Outgoing Student,2021-22,0.8,https://www.tce.edu/campuslife/bos/college-day-awards-2022
855,Computer Science and Engineering KALAIVANI K.T.L 19 M.Arch SIVASANKARI S 20 Master of Computer Application (3 Years) HARIHARAN E 21 Master of Computer Application (2 Years) VISHAKA K.M ExtraCurricular Activities 22 Best,2021-22,0.8,https://www.tce.edu/campuslife/bos/college-day-awards-2022
856,Home > Campus Life > Best Outgoing Students > College Day Awards - 2021 College Day Awards - 2021 Recipient of Medals - College Day 2021 S.No Name of the Award Name of the Student Department 1 Medal for Outgoing Student,,0.8,https://www.tce.edu/campuslife/bos/college-day-awards-2021
857,Name of the Award Name of the Student Department 1 Medal For Outgoing Student Excellence (Boy) ADP.,,0.8,https://www.tce.edu/campuslife/bos/college-day-awards-2020
858,Sruthi Civil 5 CTS - Best Outgoing Student Award M.P.,,0.8,https://www.tce.edu/campuslife/bos/college-day-awards-2020
859,Mechatronics S.Karthikeyan 26 Master of Architecture L.Lakshmi 27 MCA T.Ram Kumar 28 Best Outgoing NCC Cadet (Boy) K.Cibi Siddharth Civil 29 Best Outgoing NCC Cadet (Girl) J.Aro Robina Kiruthi ECE 30 Best Outgoing NSS,,0.8,https://www.tce.edu/campuslife/bos/college-day-awards-2020
860,Name of the Award Reg.No.,,0.8,https://www.tce.edu/campuslife/bos/college-day-awards-2019
861,Name of the Student Department 1 Medal For Outgoing Student Excellence (Boy) 15IT026 Gokul Karthik IT 2 Medal For Outgoing Student Excellence (Girl) 15E032 P.Ishwaryah EEE 3 Medal For Best Outgoing Student (Boy) 15D010,,0.8,https://www.tce.edu/campuslife/bos/college-day-awards-2019
862,Computer Science and information Security 17IS004 V.Pavithra CSE 24 MCA 16Y015 V.Guruseelan MCA Extracurricular Activities 25 Best Outgoing NCC Cadet (Boy) 15F024 S.Karunamoorthy Mechatronics 26 Best Outgoing NCC Cadet,,0.8,https://www.tce.edu/campuslife/bos/college-day-awards-2019
863,Name of the Award Reg.No.,,0.8,https://www.tce.edu/student/bos/college-day-awards-2018
864,TCS Best Student Award 14D111 S.Varshika ECE Best Outgoing Student of the Department (Programme wise) 6.,,0.8,https://www.tce.edu/student/bos/college-day-awards-2018
865,Best Outgoing NCC Cadet (Boy) 14F32 V.Muthu Krishnan Mechatronics 28.,,0.8,https://www.tce.edu/student/bos/college-day-awards-2018
866,Best Outgoing NCC Cadet (Girl) 14E08 K.Anjali Choudhary EEE 29.,,0.8,https://www.tce.edu/student/bos/college-day-awards-2018
867,Best Outgoing NSS Volunteer (Boy) 14E113 R.Vasanthan EEE 30.,,0.8,https://www.tce.edu/student/bos/college-day-awards-2018
868,Best Outgoing NSS Volunteer (Girl) 14E102 R.G.Sharmila Devi EEE 31.,,0.8,https://www.tce.edu/student/bos/college-day-awards-2018
869,Best Outgoing Sports Person (Boy) 14D95 K.Sree Vishnuram ECE 32.,,0.8,https://www.tce.edu/student/bos/college-day-awards-2018
870,Best Outgoing Sports Person (Girl) 14E43 J.Jensih Sweetlin Bright EEE 33.,,0.8,https://www.tce.edu/student/bos/college-day-awards-2018
871,TCS Best Student Award 14D111 S.Varshika ECE Best Outgoing Student of the Department (Programme wise),,0.8,https://www.tce.edu/student/bos/college-day-awards-2018
872,Best Outgoing NCC Cadet (Boy) 14F32 V.Muthu Krishnan Mechatronics,,0.8,https://www.tce.edu/student/bos/college-day-awards-2018
873,Best Outgoing NCC Cadet (Girl) 14E08 K.Anjali Choudhary EEE,,0.8,https://www.tce.edu/student/bos/college-day-awards-2018
874,Best Outgoing NSS Volunteer (Boy) 14E113 R.Vasanthan EEE,,0.8,https://www.tce.edu/student/bos/college-day-awards-2018
875,Best Outgoing NSS Volunteer (Girl) 14E102 R.G.Sharmila Devi EEE,,0.8,https://www.tce.edu/student/bos/college-day-awards-2018
876,Best Outgoing Sports Person (Boy) 14D95 K.Sree Vishnuram ECE,,0.8,https://www.tce.edu/student/bos/college-day-awards-2018
877,Best Outgoing Sports Person (Girl) 14E43 J.Jensih Sweetlin Bright EEE,,0.8,https://www.tce.edu/student/bos/college-day-awards-2018
878,Name of the Award Reg.No.,,0.8,https://www.tce.edu/student/bos/college-day-awards-2017
879,Mechatronics 15MC006 M.Karl Marx 24 MCA 14Y22 Lavanya Ravindran Extracurricular Activities 25 Best Outgoing NCC Cadet (Boy) 13G100 S.Udayabaskar 26 Best Outgoing NCC Cadet (Girl) 13D84 G.S.Sasirekha 27 Best Outgoing NSS,,0.8,https://www.tce.edu/student/bos/college-day-awards-2017
2230,Awarded Third Place in ZEMCH 2021 UAEU Design Workshop,2021-22,0.8,https://www.tce.edu/academics/departments/architecture/achievements
2231,Best paper award in national conference NITT – NIT Trichy,,0.8,https://www.tce.edu/academics/departments/architecture/achievements
2232,"Best Teacher Award, Indian Institute of Architects, TN Chapter- Chennai – IIA",,0.8,https://www.tce.edu/academics/departments/architecture/achievements
2233,"Board of Studies member, Architecture Department, School of Architecture and Planning, Anna University, Chennai – BOS",,0.8,https://www.tce.edu/academics/departments/architecture/achievements
2234,"Board of Studies member, Architecture Department, Vinayaka Missions University, Salem – Reviewer",,0.8,https://www.tce.edu/academics/departments/architecture/achievements
2235,"Board of Studies member for syllabus and curriculum for M. Arch (Environmental architecture), School of Architecture and Planning, Anna University, – BOS",,0.8,https://www.tce.edu/academics/departments/architecture/achievements
2236,Certificate of Reviewing – Sustainable Cities and Society,2025-26,0.8,https://www.tce.edu/academics/departments/architecture/achievements
2237,Elite + Silver Medal in NPTEL – IIT Roorkee,,0.8,https://www.tce.edu/academics/departments/architecture/achievements
2238,Green Consultant - Best Built House – ICI Ultratech Awards 2024,2024-25,0.8,https://www.tce.edu/academics/departments/architecture/achievements
2239,High Scorer – NPTEL,2023-24,0.8,https://www.tce.edu/academics/departments/architecture/achievements
2240,High Scorer - Topper 5% – NPTEL,2025-26,0.8,https://www.tce.edu/academics/departments/architecture/achievements
2241,LEED Green Associate – U.S. Green Building Council,2021-22,0.8,https://www.tce.edu/academics/departments/architecture/achievements
2242,LEED Green Associate – USGBC,2021-22,0.8,https://www.tce.edu/academics/departments/architecture/achievements
2243,Reviewer of Journal of Renewable and Sustainable Energy,,0.8,https://www.tce.edu/academics/departments/architecture/achievements
2244,"Reviewer of Journals for Passive Low Energy Architecture Design conference 2017, Edinburgh",,0.8,https://www.tce.edu/academics/departments/architecture/achievements
2245,Silver Medal – NPTEL,2023-24,0.8,https://www.tce.edu/academics/departments/architecture/achievements
2246,TCE Faculty recognition Award,,0.8,https://www.tce.edu/academics/departments/architecture/achievements
2247,TCE Faculty recognition award A category,2021-22,0.8,https://www.tce.edu/academics/departments/architecture/achievements
2248,TCE Faculty recognition award B category,2021-22,0.8,https://www.tce.edu/academics/departments/architecture/achievements
2249,Topper 5% – NPTEL,2023-24,0.8,https://www.tce.edu/academics/departments/architecture/achievements
2250,பாவலர் ' பட்டம் from a France literary organization – கம்பன் கழகம் ரான்,,0.8,https://www.tce.edu/academics/departments/architecture/achievements
2251,GATE,2025-26,0.8,https://www.tce.edu/academics/departments/architecture/achievements
2252,1st place,2023-24,0.8,https://www.tce.edu/academics/departments/architecture/achievements
2253,2nd Place,2022-23,0.8,https://www.tce.edu/academics/departments/architecture/achievements
2254,Best proposal in Education and Knowledge transfer,2024-25,0.8,https://www.tce.edu/academics/departments/architecture/achievements
2255,Participation,2023-24,0.8,https://www.tce.edu/academics/departments/architecture/achievements
2256,Special Mention,2024-25,0.8,https://www.tce.edu/academics/departments/architecture/achievements
2257,Top 50,2024-25,0.8,https://www.tce.edu/academics/departments/architecture/achievements
2258,Winner,2023-24,0.8,https://www.tce.edu/academics/departments/architecture/achievements
2259,NASA,2024-25,0.8,https://www.tce.edu/academics/departments/architecture/achievements
2260,FOAID,2024-25,0.8,https://www.tce.edu/academics/departments/architecture/achievements
2261,ARCHDAIS,2024-25,0.8,https://www.tce.edu/academics/departments/architecture/achievements
2262,VOLUME ZERO,2024-25,0.8,https://www.tce.edu/academics/departments/architecture/achievements
2263,Cricket & Badminton event,2023-24,0.8,https://www.tce.edu/academics/departments/architecture/associations
2264,Ethnic Day -Student body,2023-24,0.8,https://www.tce.edu/academics/departments/architecture/associations
2265,Jamming Session - Student body,2023-24,0.8,https://www.tce.edu/academics/departments/architecture/associations
2266,Diwali Celebration - Student body,2023-24,0.8,https://www.tce.edu/academics/departments/architecture/associations
2267,Workshop-Parametric architecture - Techutsav'23,2023-24,0.8,https://www.tce.edu/academics/departments/architecture/associations
2268,Design competition - Techutsav'23,2023-24,0.8,https://www.tce.edu/academics/departments/architecture/associations
2269,Modelling Competition - Endurance - Techutsav'23,2023-24,0.8,https://www.tce.edu/academics/departments/architecture/associations
2270,Photography competition - shuttberg shutdown - Techutsav'23,2023-24,0.8,https://www.tce.edu/academics/departments/architecture/associations
2271,Extraterstrial Adobe - AI Generated design competition - Techutsav'23,2023-24,0.8,https://www.tce.edu/academics/departments/architecture/associations
2272,Photography Competition,2023-24,0.8,https://www.tce.edu/academics/departments/architecture/associations
2273,Skill Development workshop,2023-24,0.8,https://www.tce.edu/academics/departments/architecture/associations
2274,Vibe Carnival,2023-24,0.8,https://www.tce.edu/academics/departments/architecture/associations
2275,Portfolio Making workshop,2023-24,0.8,https://www.tce.edu/academics/departments/architecture/associations
2276,Last Revel,2023-24,0.8,https://www.tce.edu/academics/departments/architecture/associations
2277,The Klaurt,2023-24,0.8,https://www.tce.edu/academics/departments/architecture/associations
2278,Metal Workshop,2024-25,0.8,https://www.tce.edu/academics/departments/architecture/associations
2279,Dance Workshop,2024-25,0.8,https://www.tce.edu/academics/departments/architecture/associations
2280,Spaghetti bridge,2024-25,0.8,https://www.tce.edu/academics/departments/architecture/associations
2281,Paint Fiesta,2023-24,0.8,https://www.tce.edu/academics/departments/architecture/associations
2282,Onam Celebration,2024-25,0.8,https://www.tce.edu/academics/departments/architecture/associations
2283,Box Cricket,2024-25,0.8,https://www.tce.edu/academics/departments/architecture/associations
2284,Enigma,2024-25,0.8,https://www.tce.edu/academics/departments/architecture/associations
2285,Pongal Celebration,2024-25,0.8,https://www.tce.edu/academics/departments/architecture/associations
2286,Student Body - Club Inauguration,2024-25,0.8,https://www.tce.edu/academics/departments/architecture/associations
2287,Movie Trivia,2024-25,0.8,https://www.tce.edu/academics/departments/architecture/associations
2288,Clay Modelling Workshop,2024-25,0.8,https://www.tce.edu/academics/departments/architecture/associations
2289,Zine comic workshop[,2024-25,0.8,https://www.tce.edu/academics/departments/architecture/associations
2290,Holi Celebration,2024-25,0.8,https://www.tce.edu/academics/departments/architecture/associations
2291,Ethnic Day,2024-25,0.8,https://www.tce.edu/academics/departments/architecture/associations
2292,Nexus' 25,2024-25,0.8,https://www.tce.edu/academics/departments/architecture/associations
2293,Preparation of Detail Project Report [DPR],2025-26,0.8,https://www.tce.edu/academics/departments/architecture/consultancy-projects
2294,Worker’s Hostel,2025-26,0.8,https://www.tce.edu/academics/departments/architecture/consultancy-projects
2295,TC - Dean Office,2025-26,0.8,https://www.tce.edu/academics/departments/architecture/consultancy-projects
2296,"TCE Common Toilet, TCE Campus",2024-25,0.8,https://www.tce.edu/academics/departments/architecture/consultancy-projects
2297,Renovation and Interior Design of TCE Administration Office,2024-25,0.8,https://www.tce.edu/academics/departments/architecture/consultancy-projects
2298,Primary Health Care Service of Urban India – Survey of Madurai,2024-25,0.8,https://www.tce.edu/academics/departments/architecture/consultancy-projects
2299,"Interior Design of Kalaignar Memorial Library, Madurai",2022-23,0.8,https://www.tce.edu/academics/departments/architecture/consultancy-projects
2300,"Landscape Design of Kalaignar Memorial Library, Madurai",2022-23,0.8,https://www.tce.edu/academics/departments/architecture/consultancy-projects
2301,TMILLS Guest House,2022-23,0.8,https://www.tce.edu/academics/departments/architecture/consultancy-projects
2302,"Vaigai River Front Development, Madurai [Smart city Project]",2022-23,0.8,https://www.tce.edu/academics/departments/architecture/consultancy-projects
2303,"Fort Wall Redesign, Madurai",2021-22,0.8,https://www.tce.edu/academics/departments/architecture/consultancy-projects
2304,Sustainable Neighbourhood Survey of Madurai,2021-22,0.8,https://www.tce.edu/academics/departments/architecture/consultancy-projects
2305,Textile Exhibition - Interiors,,0.8,https://www.tce.edu/academics/departments/architecture/consultancy-projects
2306,TCE TBI @ Coimbatore,,0.8,https://www.tce.edu/academics/departments/architecture/consultancy-projects
2307,TMILLS – Rest House,2022-23,0.8,https://www.tce.edu/academics/departments/architecture/consultancy-projects
2308,UMAY,,0.8,https://www.tce.edu/academics/departments/architecture/consultancy-projects
2309,TCE Canteen Block,,0.8,https://www.tce.edu/academics/departments/architecture/consultancy-projects
2310,TCE Girls Hostel Extension,,0.8,https://www.tce.edu/academics/departments/architecture/consultancy-projects
2311,Guest House Extension,,0.8,https://www.tce.edu/academics/departments/architecture/consultancy-projects
2312,"TC - Placement Cell, Interview and Seminar Hall",2024-25,0.8,https://www.tce.edu/academics/departments/architecture/consultancy-projects
2313,Ecopark Children’s Library,2024-25,0.8,https://www.tce.edu/academics/departments/architecture/consultancy-projects
2314,TCE Guest House Dining and Extension,2024-25,0.8,https://www.tce.edu/academics/departments/architecture/consultancy-projects
2315,VTM Aalampatti Office,2024-25,0.8,https://www.tce.edu/academics/departments/architecture/consultancy-projects
2316,Principal Chamber Interiors,2024-25,0.8,https://www.tce.edu/academics/departments/architecture/consultancy-projects
2317,Makers Space @ TSSCAR,2023-24,0.8,https://www.tce.edu/academics/departments/architecture/consultancy-projects
2318,New School Nursery in Existing Old Staff Housing,2023-24,0.8,https://www.tce.edu/academics/departments/architecture/consultancy-projects
2319,TC Logo,2023-24,0.8,https://www.tce.edu/academics/departments/architecture/consultancy-projects
2320,TCE B Halls Interior Colours and Layout,2023-24,0.8,https://www.tce.edu/academics/departments/architecture/consultancy-projects
2321,TCE Mech Seminar Hall Interior,2023-24,0.8,https://www.tce.edu/academics/departments/architecture/consultancy-projects
2322,TCE Selfie Spot,2023-24,0.8,https://www.tce.edu/academics/departments/architecture/consultancy-projects
2323,TCE Souvenir Shop,2023-24,0.8,https://www.tce.edu/academics/departments/architecture/consultancy-projects
2324,New School Play Area,2023-24,0.8,https://www.tce.edu/academics/departments/architecture/consultancy-projects
2325,New School Fountain,2023-24,0.8,https://www.tce.edu/academics/departments/architecture/consultancy-projects
2326,TCE Academic Block,2022-23,0.8,https://www.tce.edu/academics/departments/architecture/consultancy-projects
2327,IT Block Extension,2022-23,0.8,https://www.tce.edu/academics/departments/architecture/consultancy-projects
2328,Ladies Hostel Gate,2022-23,0.8,https://www.tce.edu/academics/departments/architecture/consultancy-projects
2329,TCE MCA Staff Cabin,2022-23,0.8,https://www.tce.edu/academics/departments/architecture/consultancy-projects
2330,Thekkur House Documentation,2022-23,0.8,https://www.tce.edu/academics/departments/architecture/consultancy-projects
2331,Men’s Hostel for AICTE,2025-26,0.8,https://www.tce.edu/academics/departments/architecture/consultancy-projects
2332,TCE QUADRANGLE,,0.8,https://www.tce.edu/academics/departments/architecture/consultancy-projects
2333,TARC RESTROOMS,,0.8,https://www.tce.edu/academics/departments/architecture/consultancy-projects
2334,MoU with Conserve Consultants Private Limited,,0.8,https://www.tce.edu/academics/departments/architecture/mou
2335,MoU with Energy Livingscape,2025-26,0.8,https://www.tce.edu/academics/departments/architecture/mou
2336,MoU with Integrated Research and Action for Development (IRADE),2023-24,0.8,https://www.tce.edu/academics/departments/architecture/mou
2337,MoU with Indian Society of Landscape Architects,2021-22,0.8,https://www.tce.edu/academics/departments/architecture/mou
2338,MoU with International Finance Corporation,2021-22,0.8,https://www.tce.edu/academics/departments/architecture/mou
2339,MoU with Zero Energy Mass Custom Home (ZEMCH),2021-22,0.8,https://www.tce.edu/academics/departments/architecture/mou
2340,"MoU with CEPT University, Ahmedabad - M.Plan",2024-25,0.8,https://www.tce.edu/academics/departments/architecture/mou
2341,"MoU with School of Planning and Architecture, Bhopal",2021-22,0.8,https://www.tce.edu/academics/departments/architecture/mou
2342,MoU with KENT University,2021-22,0.8,https://www.tce.edu/academics/departments/architecture/mou
2343,MoU with National University of Urban Affairs,2021-22,0.8,https://www.tce.edu/academics/departments/architecture/mou
2344,"MoU with CEPT University, Ahmedabad",2021-22,0.8,https://www.tce.edu/academics/departments/architecture/mou
2345,Madurai Climate Summit,2025-26,0.8,https://www.tce.edu/academics/departments/architecture/outreach-activities
2346,Motivational talk by Adv. Agasthyabharathy,2025-26,0.8,https://www.tce.edu/academics/departments/architecture/outreach-activities
2347,Architect’s Day event,2025-26,0.8,https://www.tce.edu/academics/departments/architecture/outreach-activities
2348,Techutsav ‘26 - Nexus 3.0,2025-26,0.8,https://www.tce.edu/academics/departments/architecture/outreach-activities
2349,Valedictory ceremony,2025-26,0.8,https://www.tce.edu/academics/departments/architecture/outreach-activities
2350,Portfolio - 24' An Exhibition of Academic works,2023-24,0.8,https://www.tce.edu/academics/departments/architecture/outreach-activities
2351,Joint Studio for 7th semester students,2024-25,0.8,https://www.tce.edu/academics/departments/architecture/outreach-activities
2352,Waterman - Vaigai River Restoration Initiatives,2024-25,0.8,https://www.tce.edu/academics/departments/architecture/outreach-activities
2353,Design Arch fest 2024,2024-25,0.8,https://www.tce.edu/academics/departments/architecture/outreach-activities
2354,"School Outreach program for 9th, 10th, 11th & 12th school students",2024-25,0.8,https://www.tce.edu/academics/departments/architecture/outreach-activities
2355,International Winter studio,2024-25,0.8,https://www.tce.edu/academics/departments/architecture/outreach-activities
2356,Career Guidance Program,2024-25,0.8,https://www.tce.edu/academics/departments/architecture/outreach-activities
2357,Summer Leadership camp for school students,2024-25,0.8,https://www.tce.edu/academics/departments/architecture/outreach-activities
2358,Certificate course on 3D visualization using Sketchup,2024-25,0.8,https://www.tce.edu/academics/departments/architecture/outreach-activities
2359,Nexus' 25 - Alumni connect,2024-25,0.8,https://www.tce.edu/academics/departments/architecture/outreach-activities
2360,Nexus' 25 - School students outreach,2024-25,0.8,https://www.tce.edu/academics/departments/architecture/outreach-activities
2361,Volunteer training session for Heritage walk,2023-24,0.8,https://www.tce.edu/academics/departments/architecture/outreach-activities
2362,Placemaking week India 2024 - Temple town making,2023-24,0.8,https://www.tce.edu/academics/departments/architecture/outreach-activities
2363,Open house,2023-24,0.8,https://www.tce.edu/academics/departments/architecture/outreach-activities
2364,Madurai Heritage walk for JK cement awards jury members,2023-24,0.8,https://www.tce.edu/academics/departments/architecture/outreach-activities
2365,"Mentorship program with CEPT, Ahmedabad, Chief guests: Mr. Anshul Mishra I.A.S, Mr. Bargur Mehta & Srivathsan Aravamuthan",2023-24,0.8,https://www.tce.edu/academics/departments/architecture/outreach-activities
2366,Mapping Urban Vulnerabilities assessing the impact of neighbourhood safety on the mobility and well being of working woman professionals(16th May 2025),2025-26,0.8,https://www.tce.edu/academics/departments/architecture/sponsored-research
2367,Climate Smart Cities Assessment Framework Phase 3.0,,0.8,https://www.tce.edu/academics/departments/architecture/sponsored-research
2368,Climate Smart Cities Assessment Framework Phase 2.0,,0.8,https://www.tce.edu/academics/departments/architecture/sponsored-research
2369,"Best Oral Presentation Award – SSN Doctoral Day, SSN College of Engineering, Chennai",2023-24,0.8,https://www.tce.edu/academics/departments/artificial-intelligence/achievements
2370,"Best Paper Award – 8th Research Scholar's Colloquium (IEEE MAS & ACM Chennai), SSN College of",2023-24,0.8,https://www.tce.edu/academics/departments/artificial-intelligence/achievements
2371,Elite Gold (Top 1%) – NPTEL,2025-26,0.8,https://www.tce.edu/academics/departments/artificial-intelligence/achievements
2372,Foundation of Cloud IoT Edge ML(Elite) – NPTEL,2025-26,0.8,https://www.tce.edu/academics/departments/artificial-intelligence/achievements
2373,Introduction to Internet of Things NPTEL (Elite with Silver),2024-25,0.8,https://www.tce.edu/academics/departments/artificial-intelligence/achievements
2374,"NPTEL Certification – Elite Grade (12-week course) – ""Introduction to Large Language Models (LLM)"", IIT Delhi",2025-26,0.8,https://www.tce.edu/academics/departments/artificial-intelligence/achievements
2375,Privacy and Security in Online Social Media(Elite) – NPTEL,2025-26,0.8,https://www.tce.edu/academics/departments/artificial-intelligence/achievements
2376,"Qualified UGC-NET (Assistant Professor eligibility, Computer Application) – UGC National Eligibility Test",2021-22,0.8,https://www.tce.edu/academics/departments/artificial-intelligence/achievements
2377,"Qualified UGC-NET (Assistant Professor eligibility, CSE) – UGC National Eligibility Test",,0.8,https://www.tce.edu/academics/departments/artificial-intelligence/achievements
2378,"Topper 5% – Elite Silver Medal (12-week NPTEL course) – ""Data Analytics with Python"", IIT Roorkee",2025-26,0.8,https://www.tce.edu/academics/departments/artificial-intelligence/achievements
2379,"Blood donor representing - NCC – Blood-donation camp conducted by NSS , YRC",2025-26,0.8,https://www.tce.edu/academics/departments/artificial-intelligence/achievements
2380,(CSE department )second prize winner – Inter-Department Marathon Tournament conducted by Thiagarajar college,2025-26,0.8,https://www.tce.edu/academics/departments/artificial-intelligence/achievements
2381,Finalist – Code feast,2025-26,0.8,https://www.tce.edu/academics/departments/artificial-intelligence/achievements
2382,First Prize – Ideathon – CSEA,2025-26,0.8,https://www.tce.edu/academics/departments/artificial-intelligence/achievements
2383,"Lead NCC, student council students – Admission day Volunteering",2025-26,0.8,https://www.tce.edu/academics/departments/artificial-intelligence/achievements
2384,Mystic circuits 2nd place winner – IOT CLUB. 2025,2025-26,0.8,https://www.tce.edu/academics/departments/artificial-intelligence/achievements
2385,On-going – BEACON Cohort hackathon,2025-26,0.8,https://www.tce.edu/academics/departments/artificial-intelligence/achievements
2386,On-going – ZeAI made in India hackathon,2025-26,0.8,https://www.tce.edu/academics/departments/artificial-intelligence/achievements
2387,Participant – 2-day AI Summit 2026 (TCE AI Consortium),2025-26,0.8,https://www.tce.edu/academics/departments/artificial-intelligence/achievements
2388,Participant – 2-DAY TRIVENI Summit E-CELL,2025-26,0.8,https://www.tce.edu/academics/departments/artificial-intelligence/achievements
2389,Participant – Emini hack,2025-26,0.8,https://www.tce.edu/academics/departments/artificial-intelligence/achievements
2390,Participant – IETSC in Collaboration with the Abdul Kalam Foundation Innovation Initiative,2025-26,0.8,https://www.tce.edu/academics/departments/artificial-intelligence/achievements
2391,Participant – Nimirndhu Nil EDTN Hackathon,2025-26,0.8,https://www.tce.edu/academics/departments/artificial-intelligence/achievements
2392,Participant (1st Year CSE Qualifier Winner) – Inter-Department Badminton Tournament conducted by Thiagarajar college,2025-26,0.8,https://www.tce.edu/academics/departments/artificial-intelligence/achievements
2393,"Runner-up (Women's Judo) – Inter-Department Sports Competition, Thiagarajar College (CSE Department)",2025-26,0.8,https://www.tce.edu/academics/departments/artificial-intelligence/achievements
2394,Second Prize – LogiQuest – CSI Student Branch Contest,2025-26,0.8,https://www.tce.edu/academics/departments/artificial-intelligence/achievements
2395,Second Prize – Mystic Circuits – IoT Club,2025-26,0.8,https://www.tce.edu/academics/departments/artificial-intelligence/achievements
2396,Second Prize – Trivia Night – Student Research Council (SRC),2025-26,0.8,https://www.tce.edu/academics/departments/artificial-intelligence/achievements
2397,Third Prize – Mystic Circuits – IoT Club,2025-26,0.8,https://www.tce.edu/academics/departments/artificial-intelligence/achievements
2398,Third Prize – Tech Hunt – CSEA,2025-26,0.8,https://www.tce.edu/academics/departments/artificial-intelligence/achievements
2399,"Top 10 – Toolathon Event organized by IEEE CIS, TCE Coders Club, and the ACM Student",2025-26,0.8,https://www.tce.edu/academics/departments/artificial-intelligence/achievements
2400,Advancements In Agriculture: The role of Machine Learning and Biotechnology in Autonomous Harvesting and Data-Driven Management,2023-24,0.8,https://www.tce.edu/academics/departments/artificial-intelligence/patents
2401,AI Legal Assistant for Filing First Information Report,2024-25,0.8,https://www.tce.edu/academics/departments/artificial-intelligence/patents
2402,Machine Learning-Based Early Prediction of Dislodgement in Cable Belt Conveyors with Sensor Integration,2024-25,0.8,https://www.tce.edu/academics/departments/artificial-intelligence/patents
2403,Mobility-Aware Intelligent Framework For Fog Based Ambulatory Services,2021-22,0.8,https://www.tce.edu/academics/departments/artificial-intelligence/patents
2404,Augmented Reality Glasses for Skin Cancer Classification (Design),2022-23,0.8,https://www.tce.edu/academics/departments/artificial-intelligence/patents
2405,Automated Feedback System to Know the Exact Location of Non-Functional Streetlights in the Rural and Urban Areas,2023-24,0.8,https://www.tce.edu/academics/departments/artificial-intelligence/patents
2406,An Agent Based Cloud Revenue Model for Women Empowerment in Rural areas,,0.8,https://www.tce.edu/academics/departments/artificial-intelligence/sponsored-research
2407,Cognitive state-based content personalization system using Gen AI,,0.8,https://www.tce.edu/academics/departments/artificial-intelligence/sponsored-research
2408,Asian Scientist 100 (AS100) – Asian Scientist Magazine,,0.8,https://www.tce.edu/academics/departments/chemistry/achievements
2409,"Best lab Maintenance award- Chemistry Laboratory – 2 nd Prize – 5S – Thiagarajar college of Engineering, Madurai",2025-26,0.8,https://www.tce.edu/academics/departments/chemistry/achievements
2410,"Best lab Maintenance award- Chemistry Laboratory – 3 nd Prize – 5S – Thiagarajar college of Engineering, Madurai",2024-25,0.8,https://www.tce.edu/academics/departments/chemistry/achievements
2411,Best paper Award – Presentation at HSSRC conclave held at NIT Warangal,2024-25,0.8,https://www.tce.edu/academics/departments/chemistry/achievements
2412,"Best Paper Award | Conference: DESINES’25 – Thiagarajar college of Engineering, Madurai",2025-26,0.8,https://www.tce.edu/academics/departments/chemistry/achievements
2413,"Best Teaching and Research Excellence Award – The Global K. Kamaraj Educational Development Awards 2026, presented by LKP",2025-26,0.8,https://www.tce.edu/academics/departments/chemistry/achievements
2414,Dr.A.P.J.Abdul Kalam Memorial Award – Kalam centre New Delhi,,0.8,https://www.tce.edu/academics/departments/chemistry/achievements
2415,Elite + Silver – NPTEL course - Coordination Chemistry,2024-25,0.8,https://www.tce.edu/academics/departments/chemistry/achievements
2416,Elite + Silver – NPTEL course - Introduction to Biomimicry,2024-25,0.8,https://www.tce.edu/academics/departments/chemistry/achievements
2417,Elite + Silver – NPTEL course on Coordination Chemistry,2024-25,0.8,https://www.tce.edu/academics/departments/chemistry/achievements
2418,"Excellent Award – Catalyst Quality Circle, in 17 th convention on Quality Circles in Education",,0.8,https://www.tce.edu/academics/departments/chemistry/achievements
2419,Honorary Fellow – Indian Plastic Institute,2023-24,0.8,https://www.tce.edu/academics/departments/chemistry/achievements
2420,Padma Shri Award – Government of India,,0.8,https://www.tce.edu/academics/departments/chemistry/achievements
2421,Young researcher and academician – London Horizon Magazine,2025-26,0.8,https://www.tce.edu/academics/departments/chemistry/achievements
2422,"Young Researcher Award – The Global K. Kamaraj Educational Development Awards 2026, presented by LKP",2025-26,0.8,https://www.tce.edu/academics/departments/chemistry/achievements
2423,Mix Design,,0.8,https://www.tce.edu/academics/departments/chemistry/consultancy-projects
2424,Material testing,,0.8,https://www.tce.edu/academics/departments/chemistry/consultancy-projects
2425,Skid resistance testing,,0.8,https://www.tce.edu/academics/departments/chemistry/consultancy-projects
2426,Plastic Tar road laying,2021-22,0.8,https://www.tce.edu/academics/departments/chemistry/consultancy-projects
2427,Polymer Testing,,0.8,https://www.tce.edu/academics/departments/chemistry/consultancy-projects
2428,Road Testing,,0.8,https://www.tce.edu/academics/departments/chemistry/consultancy-projects
2429,Plastone making,2022-23,0.8,https://www.tce.edu/academics/departments/chemistry/consultancy-projects
2430,Road Laying,2021-22,0.8,https://www.tce.edu/academics/departments/chemistry/consultancy-projects
2431,Fly Ash Testing,,0.8,https://www.tce.edu/academics/departments/chemistry/consultancy-projects
2432,Polymer Analysis,,0.8,https://www.tce.edu/academics/departments/chemistry/consultancy-projects
2433,"MoU with Kewaunee Scientific Ltd, Bengaluru",,0.8,https://www.tce.edu/academics/departments/chemistry/mou
2434,"MoU with Reliance Industries, Mumbai",,0.8,https://www.tce.edu/academics/departments/chemistry/mou
2435,"MoU with GHCL, Gujarat",,0.8,https://www.tce.edu/academics/departments/chemistry/mou
2436,"MoU with MS. Sundaram Brake Linings, Ltd",,0.8,https://www.tce.edu/academics/departments/chemistry/mou
2437,"MoU with Renergy , Malaysia",,0.8,https://www.tce.edu/academics/departments/chemistry/mou
2438,"MoU with Ms. Honeywell Technology Solutions, Bengaluru",,0.8,https://www.tce.edu/academics/departments/chemistry/mou
2439,"MoU with Paving +, Ecostone Manufacturers, Kolkata",,0.8,https://www.tce.edu/academics/departments/chemistry/mou
2440,Short- Term Certificate Course for School students ‘Exploring the world of Chemistry: Combined theoretical and experimental approach,2025-26,0.8,https://www.tce.edu/academics/departments/chemistry/outreach-activities
2441,A new mix design of waste plastics- aggregate – bitumen for flexible pavement,,0.8,https://www.tce.edu/academics/departments/chemistry/patents
2442,A process and a system for manufacturing of tiles/blocks from waste plastics,,0.8,https://www.tce.edu/academics/departments/chemistry/patents
2443,New process for the Conversion of waste plastics to petroleum fuels using chemically Modified rice husk derived silica catalyst,,0.8,https://www.tce.edu/academics/departments/chemistry/patents
2444,A chromatographic method for Separation of beta-dibromo- and tribromo- meso- tetraphenylporph yrins,,0.8,https://www.tce.edu/academics/departments/chemistry/patents
2445,Construction blocks prepared using waste plastics and aggregates,2022-23,0.8,https://www.tce.edu/academics/departments/chemistry/patents
2446,A method of electro chemical machining (ecm) of a Sample of an alloy for fine surface finish,2023-24,0.8,https://www.tce.edu/academics/departments/chemistry/patents
2447,Ecoheat Cooker,2023-24,0.8,https://www.tce.edu/academics/departments/chemistry/patents
2448,TCE ENVIS Environmental Information System - Centre for Plastic Waste Management,,0.8,https://www.tce.edu/academics/departments/chemistry/sponsored-research
2449,"TCE EIACP PC- RP- Environmental Information, Awareness, Capacity Building and Livelihood Program- Program Centre",2021-22,0.8,https://www.tce.edu/academics/departments/chemistry/sponsored-research
2450,Developing Metal Organic Frameworks ( MOFs) materials for Heavy metal Removal from industrial wastewater,,0.8,https://www.tce.edu/academics/departments/chemistry/sponsored-research
2451,ICI-Ultratech Award 2024 – Outstanding Doctoral Thesis Guide,2023-24,0.8,https://www.tce.edu/academics/departments/civil-engineering/achievements
2452,"Inspiring Real Hero 2021 – Women’s Professionals Connect, Madurai",2021-22,0.8,https://www.tce.edu/academics/departments/civil-engineering/achievements
2453,Cash prize– Rs.3000,2023-24,0.8,https://www.tce.edu/academics/departments/civil-engineering/achievements
2454,Cash prize– Rs.4000,2023-24,0.8,https://www.tce.edu/academics/departments/civil-engineering/achievements
2455,"Cash Prize (Rs.50,000)",2023-24,0.8,https://www.tce.edu/academics/departments/civil-engineering/achievements
2456,Cash prize– Rs.5000,2023-24,0.8,https://www.tce.edu/academics/departments/civil-engineering/achievements
2457,Finalist,2025-26,0.8,https://www.tce.edu/academics/departments/civil-engineering/achievements
2458,Participated,2023-24,0.8,https://www.tce.edu/academics/departments/civil-engineering/achievements
2459,Third position,2023-24,0.8,https://www.tce.edu/academics/departments/civil-engineering/achievements
2461,Civil Engineering Association,2022-23,0.8,https://www.tce.edu/academics/departments/civil-engineering/associations
2462,Civil Engineering Association,2023-24,0.8,https://www.tce.edu/academics/departments/civil-engineering/associations
2463,Civil Engineering Association,2023-24,0.8,https://www.tce.edu/academics/departments/civil-engineering/associations
2464,Civil Engineering Association,2023-24,0.8,https://www.tce.edu/academics/departments/civil-engineering/associations
2465,Civil Engineering Association,2024-25,0.8,https://www.tce.edu/academics/departments/civil-engineering/associations
2466,Civil Engineering Association,2024-25,0.8,https://www.tce.edu/academics/departments/civil-engineering/associations
2467,Civil Engineering Association,2024-25,0.8,https://www.tce.edu/academics/departments/civil-engineering/associations
2468,Civil Engineering Association,2024-25,0.8,https://www.tce.edu/academics/departments/civil-engineering/associations
2469,CONSULTANCY,,0.8,https://www.tce.edu/academics/departments/civil-engineering/consultancy-projects
2470,CONCRETE MIX DESIGN,,0.8,https://www.tce.edu/academics/departments/civil-engineering/consultancy-projects
2471,Design of Concrete mix as per IS method (without super plasticizer),,0.8,https://www.tce.edu/academics/departments/civil-engineering/consultancy-projects
2472,STEEL RODS,,0.8,https://www.tce.edu/academics/departments/civil-engineering/consultancy-projects
2473,"Yield stress, tensile stress and elongation test on steel rods / Plates /Sections with stress-strain graph",,0.8,https://www.tce.edu/academics/departments/civil-engineering/consultancy-projects
2474,OTHER CONSULTANCY WORKS,,0.8,https://www.tce.edu/academics/departments/civil-engineering/consultancy-projects
2475,Flexure test on RCC beams using UTM (upto 1m),,0.8,https://www.tce.edu/academics/departments/civil-engineering/consultancy-projects
2476,TEST,,0.8,https://www.tce.edu/academics/departments/civil-engineering/consultancy-projects
2477,CEMENT,,0.8,https://www.tce.edu/academics/departments/civil-engineering/consultancy-projects
2478,Fineness-90micron sieve,,0.8,https://www.tce.edu/academics/departments/civil-engineering/consultancy-projects
2479,Setting time of cement (Initial and final),,0.8,https://www.tce.edu/academics/departments/civil-engineering/consultancy-projects
2480,Soundness,,0.8,https://www.tce.edu/academics/departments/civil-engineering/consultancy-projects
2481,Specific Gravity,,0.8,https://www.tce.edu/academics/departments/civil-engineering/consultancy-projects
2482,Compressive Strength of Mortar cubes (9nos.),,0.8,https://www.tce.edu/academics/departments/civil-engineering/consultancy-projects
2483,Normal consistency,,0.8,https://www.tce.edu/academics/departments/civil-engineering/consultancy-projects
2484,Specific surface area,,0.8,https://www.tce.edu/academics/departments/civil-engineering/consultancy-projects
2485,SAND,,0.8,https://www.tce.edu/academics/departments/civil-engineering/consultancy-projects
2486,Grading and Fineness/sieve analysis & zone determination,,0.8,https://www.tce.edu/academics/departments/civil-engineering/consultancy-projects
2487,Bulk density,,0.8,https://www.tce.edu/academics/departments/civil-engineering/consultancy-projects
2488,Bulking of sand,,0.8,https://www.tce.edu/academics/departments/civil-engineering/consultancy-projects
2489,Zone Determination,,0.8,https://www.tce.edu/academics/departments/civil-engineering/consultancy-projects
2490,Silt content in sand,,0.8,https://www.tce.edu/academics/departments/civil-engineering/consultancy-projects
2491,Water absorption,,0.8,https://www.tce.edu/academics/departments/civil-engineering/consultancy-projects
2492,Moisture content,,0.8,https://www.tce.edu/academics/departments/civil-engineering/consultancy-projects
2493,Porosity,,0.8,https://www.tce.edu/academics/departments/civil-engineering/consultancy-projects
2494,Organic impurities,,0.8,https://www.tce.edu/academics/departments/civil-engineering/consultancy-projects
2495,COARSE AGGREGATE,,0.8,https://www.tce.edu/academics/departments/civil-engineering/consultancy-projects
2496,Grading and Fineness modulus,,0.8,https://www.tce.edu/academics/departments/civil-engineering/consultancy-projects
2497,Crushing value (Passing 12.5 mm and retaining in 10mm),,0.8,https://www.tce.edu/academics/departments/civil-engineering/consultancy-projects
2498,Ten percent fines value,,0.8,https://www.tce.edu/academics/departments/civil-engineering/consultancy-projects
2499,True and apparent specific gravity,,0.8,https://www.tce.edu/academics/departments/civil-engineering/consultancy-projects
2500,Impact value (Passing 12.5 mm and retaining in 10mm),,0.8,https://www.tce.edu/academics/departments/civil-engineering/consultancy-projects
2501,Soundness test on aggregates (67% of 20 mm passed and 12.5 mm retained+33 % of 12.5 mm passes and 10 mm retained),,0.8,https://www.tce.edu/academics/departments/civil-engineering/consultancy-projects
2502,Flakiness and Elongation index,,0.8,https://www.tce.edu/academics/departments/civil-engineering/consultancy-projects
2503,CONCRETE CUBE,,0.8,https://www.tce.edu/academics/departments/civil-engineering/consultancy-projects
2504,Cube compressive Strength (3 cubes of size 150x150x150mm),,0.8,https://www.tce.edu/academics/departments/civil-engineering/consultancy-projects
2505,Split tensile strength (cylinder or cube),,0.8,https://www.tce.edu/academics/departments/civil-engineering/consultancy-projects
2506,"HOLLOW BLOCKS,SOLID BLOCKS and INTERLOCKING BLOCKS",,0.8,https://www.tce.edu/academics/departments/civil-engineering/consultancy-projects
2507,Compressive strength per block,,0.8,https://www.tce.edu/academics/departments/civil-engineering/consultancy-projects
2508,Water absorption test per block,,0.8,https://www.tce.edu/academics/departments/civil-engineering/consultancy-projects
2509,STONE,,0.8,https://www.tce.edu/academics/departments/civil-engineering/consultancy-projects
2510,Compressive strength per block (5cm x 5 cm x 5cm) Parallel and Perpendicular grains - wet condition,,0.8,https://www.tce.edu/academics/departments/civil-engineering/consultancy-projects
2511,"Compressive strength per block (5cm x 5 cm x 5cm), Parallel and Perpendicular grains- Dry condition",,0.8,https://www.tce.edu/academics/departments/civil-engineering/consultancy-projects
2512,Water absorption test,,0.8,https://www.tce.edu/academics/departments/civil-engineering/consultancy-projects
2513,True specific gravity (150micron passed),,0.8,https://www.tce.edu/academics/departments/civil-engineering/consultancy-projects
2514,Apparent specific gravity (20mm passed-10mm retained),,0.8,https://www.tce.edu/academics/departments/civil-engineering/consultancy-projects
2515,Transverse/Flexure test on block (20 cm x 5 cm x 5 cm) Wet and Dry,,0.8,https://www.tce.edu/academics/departments/civil-engineering/consultancy-projects
2516,Porosity (True & Apparent),,0.8,https://www.tce.edu/academics/departments/civil-engineering/consultancy-projects
2517,WOOD,,0.8,https://www.tce.edu/academics/departments/civil-engineering/consultancy-projects
2518,Static Bending test5 X 5 cm in cross-section and 100 cm in length or 2 X 2 cm in cross-section and 40 cm in length,,0.8,https://www.tce.edu/academics/departments/civil-engineering/consultancy-projects
2519,Compression test on timber -Parallel and perpendicular grains (5 x 5 cm x 6cm or 2 x 2 x 20 cm ) -wet and dry,,0.8,https://www.tce.edu/academics/departments/civil-engineering/consultancy-projects
2520,Specific gravity (5 x 5 cm in cross-section and 15 cm in length or 2 x 2 crn in cross-section and 6 cm in length),,0.8,https://www.tce.edu/academics/departments/civil-engineering/consultancy-projects
2521,BRICKS & INTERLOCKING BRICKS,,0.8,https://www.tce.edu/academics/departments/civil-engineering/consultancy-projects
2522,Compressive Strength on fly ash /burnt clay bricks (Actual size),,0.8,https://www.tce.edu/academics/departments/civil-engineering/consultancy-projects
2523,Compressive strength on interlocking bricks,,0.8,https://www.tce.edu/academics/departments/civil-engineering/consultancy-projects
2524,Efflorescence,,0.8,https://www.tce.edu/academics/departments/civil-engineering/consultancy-projects
2525,FLOOR & WEATHERING TILES,,0.8,https://www.tce.edu/academics/departments/civil-engineering/consultancy-projects
2526,Transverse Test (dry condition) (Actual size),,0.8,https://www.tce.edu/academics/departments/civil-engineering/consultancy-projects
2527,Transverse Test (wet condition),,0.8,https://www.tce.edu/academics/departments/civil-engineering/consultancy-projects
2528,Water absorption test on tiles,,0.8,https://www.tce.edu/academics/departments/civil-engineering/consultancy-projects
2529,STEEL,,0.8,https://www.tce.edu/academics/departments/civil-engineering/consultancy-projects
2530,Section weight of bars (1m length bars with different dia.upto 40mm),,0.8,https://www.tce.edu/academics/departments/civil-engineering/consultancy-projects
2531,"Section weight of flats,angles etc",,0.8,https://www.tce.edu/academics/departments/civil-engineering/consultancy-projects
2532,GSM Value,,0.8,https://www.tce.edu/academics/departments/civil-engineering/consultancy-projects
2533,"Rockwell/Brinell Hardness tests on various sections (Steel, Copper, Aluminium etc)",,0.8,https://www.tce.edu/academics/departments/civil-engineering/consultancy-projects
2534,"Fatigue test on various sections (Steel, Copper, Aluminium etc.)",,0.8,https://www.tce.edu/academics/departments/civil-engineering/consultancy-projects
2535,PAVER BLOCKS,,0.8,https://www.tce.edu/academics/departments/civil-engineering/consultancy-projects
2536,Water absorption tests on paver blocks,,0.8,https://www.tce.edu/academics/departments/civil-engineering/consultancy-projects
2537,Split tensile strength,,0.8,https://www.tce.edu/academics/departments/civil-engineering/consultancy-projects
2538,Flexural strength,,0.8,https://www.tce.edu/academics/departments/civil-engineering/consultancy-projects
2539,AAC BLOCKS,,0.8,https://www.tce.edu/academics/departments/civil-engineering/consultancy-projects
2540,Compressive strength (Cut into 150mm x 150 mm x 150mm)- 3nos,,0.8,https://www.tce.edu/academics/departments/civil-engineering/consultancy-projects
2541,Water absorption tests on paver blocks (Cut into 150mm x 150 mm x 150mm),,0.8,https://www.tce.edu/academics/departments/civil-engineering/consultancy-projects
2542,CONCRETE CORE DRILLING TEST,,0.8,https://www.tce.edu/academics/departments/civil-engineering/consultancy-projects
2543,Concrete core compression test (Taken from PCC element),,0.8,https://www.tce.edu/academics/departments/civil-engineering/consultancy-projects
2544,Concrete core compression test (Taken from RCC element),,0.8,https://www.tce.edu/academics/departments/civil-engineering/consultancy-projects
2545,NON DESTRUCTIVE TEST,,0.8,https://www.tce.edu/academics/departments/civil-engineering/consultancy-projects
2546,Ultrasonic Pulse Velocity (UPV) Test,,0.8,https://www.tce.edu/academics/departments/civil-engineering/consultancy-projects
2547,Rebound Hammer Test,,0.8,https://www.tce.edu/academics/departments/civil-engineering/consultancy-projects
2548,Rebar Scanning with Corrosion Assessment,,0.8,https://www.tce.edu/academics/departments/civil-engineering/consultancy-projects
2549,Core Cutting with Carbonation Testing,,0.8,https://www.tce.edu/academics/departments/civil-engineering/consultancy-projects
2550,Core Compression Strength Test,,0.8,https://www.tce.edu/academics/departments/civil-engineering/consultancy-projects
2551,Site Inspection and Visual Assessment,,0.8,https://www.tce.edu/academics/departments/civil-engineering/consultancy-projects
2552,TESTING SERVICES,,0.8,https://www.tce.edu/academics/departments/civil-engineering/consultancy-projects
2553,NANO MATERIAL TESTING EQUIPMENT (25 KN CAPACITY),,0.8,https://www.tce.edu/academics/departments/civil-engineering/consultancy-projects
2554,Tensile Test (Coupon Specimen),,0.8,https://www.tce.edu/academics/departments/civil-engineering/consultancy-projects
2555,Nano Compression Test,,0.8,https://www.tce.edu/academics/departments/civil-engineering/consultancy-projects
2556,Nano Bending Test,,0.8,https://www.tce.edu/academics/departments/civil-engineering/consultancy-projects
2557,I. Standard Penetration Test,,0.8,https://www.tce.edu/academics/departments/civil-engineering/consultancy-projects
2558,a) Field Investigation and Sample Collection,,0.8,https://www.tce.edu/academics/departments/civil-engineering/consultancy-projects
2559,b) Laboratory Investigation,,0.8,https://www.tce.edu/academics/departments/civil-engineering/consultancy-projects
2560,1. Sieve Analysis,,0.8,https://www.tce.edu/academics/departments/civil-engineering/consultancy-projects
2561,2. Liquid Limit,,0.8,https://www.tce.edu/academics/departments/civil-engineering/consultancy-projects
2562,3.Plastic Limit,,0.8,https://www.tce.edu/academics/departments/civil-engineering/consultancy-projects
2563,4.Free Swell Index,,0.8,https://www.tce.edu/academics/departments/civil-engineering/consultancy-projects
2564,II. Formation and Blanketing Material,,0.8,https://www.tce.edu/academics/departments/civil-engineering/consultancy-projects
2565,a) Sieve Analysis with Hydrometer Analysis,,0.8,https://www.tce.edu/academics/departments/civil-engineering/consultancy-projects
2566,b) Liquid Limit,,0.8,https://www.tce.edu/academics/departments/civil-engineering/consultancy-projects
2567,c) Plastic Limit,,0.8,https://www.tce.edu/academics/departments/civil-engineering/consultancy-projects
2568,d) Proctor Compaction Test ( Heavy Compaction),,0.8,https://www.tce.edu/academics/departments/civil-engineering/consultancy-projects
2569,e) California Bearing Ratio Test ( Soaked & UnSoaked),,0.8,https://www.tce.edu/academics/departments/civil-engineering/consultancy-projects
2570,f) Specific Gravity,,0.8,https://www.tce.edu/academics/departments/civil-engineering/consultancy-projects
2571,III. Field Density & Relative Compaction,,0.8,https://www.tce.edu/academics/departments/civil-engineering/consultancy-projects
2572,a) Core Cutter Method & Sand Pouring Cylinder Method,,0.8,https://www.tce.edu/academics/departments/civil-engineering/consultancy-projects
2573,b) Proctor Compaction Test,,0.8,https://www.tce.edu/academics/departments/civil-engineering/consultancy-projects
2574,Description of Testing Services,,0.8,https://www.tce.edu/academics/departments/civil-engineering/consultancy-projects
2575,Backfilling and Road filling Materials,,0.8,https://www.tce.edu/academics/departments/civil-engineering/consultancy-projects
2576,d) Proctor Compaction Test (Light Compaction),,0.8,https://www.tce.edu/academics/departments/civil-engineering/consultancy-projects
2577,g) Dirct Shear Test,,0.8,https://www.tce.edu/academics/departments/civil-engineering/consultancy-projects
2578,h) Permeability Test ( Constand Head & Variable Head Method),,0.8,https://www.tce.edu/academics/departments/civil-engineering/consultancy-projects
2579,i) Consolidation Test ( Project Work),,0.8,https://www.tce.edu/academics/departments/civil-engineering/consultancy-projects
2580,j) Unconfined Compression test on Clay ( Project Work),,0.8,https://www.tce.edu/academics/departments/civil-engineering/consultancy-projects
2581,k) Triaxial Test (Project Work),,0.8,https://www.tce.edu/academics/departments/civil-engineering/consultancy-projects
2582,Testing of Aggregates for Railways and Construction Works,,0.8,https://www.tce.edu/academics/departments/civil-engineering/consultancy-projects
2583,a) Aggregate Impact Value,,0.8,https://www.tce.edu/academics/departments/civil-engineering/consultancy-projects
2584,b) Water Absorption Test,,0.8,https://www.tce.edu/academics/departments/civil-engineering/consultancy-projects
2585,c) Flakiness & Elongation Index ( Shape Test),,0.8,https://www.tce.edu/academics/departments/civil-engineering/consultancy-projects
2586,d) Los Angeles Abrasion Test,,0.8,https://www.tce.edu/academics/departments/civil-engineering/consultancy-projects
2587,Testing of Granular Sub Base Material for Road Works,,0.8,https://www.tce.edu/academics/departments/civil-engineering/consultancy-projects
2588,a) Gradation Test,,0.8,https://www.tce.edu/academics/departments/civil-engineering/consultancy-projects
2589,b) Proctor Compaction Test (Heavy Compaction),,0.8,https://www.tce.edu/academics/departments/civil-engineering/consultancy-projects
2590,c) California Bearing Ratio Test ( Soaked and UnSoaked),,0.8,https://www.tce.edu/academics/departments/civil-engineering/consultancy-projects
2591,d) Liquid Limit,,0.8,https://www.tce.edu/academics/departments/civil-engineering/consultancy-projects
2592,Description of Consultancy Services,,0.8,https://www.tce.edu/academics/departments/civil-engineering/consultancy-projects
2593,Physical Characterisation Municipal Solid Waste,,0.8,https://www.tce.edu/academics/departments/civil-engineering/consultancy-projects
2594,Design and Vetting of wastewater Treatment plant,,0.8,https://www.tce.edu/academics/departments/civil-engineering/consultancy-projects
2595,Design and Vetting of Industrial Effluent Treatment plant,,0.8,https://www.tce.edu/academics/departments/civil-engineering/consultancy-projects
2596,Design and Vetting of Water Treatment plant,,0.8,https://www.tce.edu/academics/departments/civil-engineering/consultancy-projects
2597,Perfomance evaluation of wastewater Treatment plant,,0.8,https://www.tce.edu/academics/departments/civil-engineering/consultancy-projects
2598,Perfomance evaluationof Industrial Effluent Treatment plant,,0.8,https://www.tce.edu/academics/departments/civil-engineering/consultancy-projects
2599,Perfomance evaluation of Water Treatment plant,,0.8,https://www.tce.edu/academics/departments/civil-engineering/consultancy-projects
2600,WATER QUALITY TESTING,,0.8,https://www.tce.edu/academics/departments/civil-engineering/consultancy-projects
2601,a)pH,,0.8,https://www.tce.edu/academics/departments/civil-engineering/consultancy-projects
2602,b)Total Dissolved Solids,,0.8,https://www.tce.edu/academics/departments/civil-engineering/consultancy-projects
2603,c)Total Hardness (as CaCO3),,0.8,https://www.tce.edu/academics/departments/civil-engineering/consultancy-projects
2604,d)Calcium Hardness (as Ca),,0.8,https://www.tce.edu/academics/departments/civil-engineering/consultancy-projects
2605,e)Magnesium Hardness (as Mg),,0.8,https://www.tce.edu/academics/departments/civil-engineering/consultancy-projects
2606,f)Chlorides,,0.8,https://www.tce.edu/academics/departments/civil-engineering/consultancy-projects
2607,g)Dissolved Oxygen,,0.8,https://www.tce.edu/academics/departments/civil-engineering/consultancy-projects
2608,h)Nitrates,,0.8,https://www.tce.edu/academics/departments/civil-engineering/consultancy-projects
2609,i)Total Volatile solids(organic),,0.8,https://www.tce.edu/academics/departments/civil-engineering/consultancy-projects
2610,j)Total fixed solids(inorganic),,0.8,https://www.tce.edu/academics/departments/civil-engineering/consultancy-projects
2611,k)Total Suspended solids,,0.8,https://www.tce.edu/academics/departments/civil-engineering/consultancy-projects
2612,l)Sulphates,,0.8,https://www.tce.edu/academics/departments/civil-engineering/consultancy-projects
2613,m)Total Alkalinity as CaCO3,,0.8,https://www.tce.edu/academics/departments/civil-engineering/consultancy-projects
2614,n)Total Acidity as CaCO3,,0.8,https://www.tce.edu/academics/departments/civil-engineering/consultancy-projects
2615,o)Lead (Pb),,0.8,https://www.tce.edu/academics/departments/civil-engineering/consultancy-projects
2616,p)Chromium(Cr),,0.8,https://www.tce.edu/academics/departments/civil-engineering/consultancy-projects
2617,q)Nickel (Ni),,0.8,https://www.tce.edu/academics/departments/civil-engineering/consultancy-projects
2618,r)Cadmium (Cd),,0.8,https://www.tce.edu/academics/departments/civil-engineering/consultancy-projects
2619,s)Mercury(Hg),,0.8,https://www.tce.edu/academics/departments/civil-engineering/consultancy-projects
2620,t)Zinc(Zn),,0.8,https://www.tce.edu/academics/departments/civil-engineering/consultancy-projects
2621,u)Copper (Cu),,0.8,https://www.tce.edu/academics/departments/civil-engineering/consultancy-projects
2622,WASTE WATER QUALITY TESTING,,0.8,https://www.tce.edu/academics/departments/civil-engineering/consultancy-projects
2623,b)Odour,,0.8,https://www.tce.edu/academics/departments/civil-engineering/consultancy-projects
2624,c)Turbidity (NTU),,0.8,https://www.tce.edu/academics/departments/civil-engineering/consultancy-projects
2625,d)Electrical Conductivity,,0.8,https://www.tce.edu/academics/departments/civil-engineering/consultancy-projects
2626,e)Total Suspended Solids,,0.8,https://www.tce.edu/academics/departments/civil-engineering/consultancy-projects
2627,f)Total Dissolved Solids,,0.8,https://www.tce.edu/academics/departments/civil-engineering/consultancy-projects
2628,g)Chemical Oxygen Demand,,0.8,https://www.tce.edu/academics/departments/civil-engineering/consultancy-projects
2629,h)Bio-Chemical Oxygen Demand 3 days @27oC,,0.8,https://www.tce.edu/academics/departments/civil-engineering/consultancy-projects
2630,i)Oil and grease,,0.8,https://www.tce.edu/academics/departments/civil-engineering/consultancy-projects
2631,j)Total Nitrogen,,0.8,https://www.tce.edu/academics/departments/civil-engineering/consultancy-projects
2632,k)Total phosphorus,,0.8,https://www.tce.edu/academics/departments/civil-engineering/consultancy-projects
2633,a)Acid Solubility,,0.8,https://www.tce.edu/academics/departments/civil-engineering/consultancy-projects
2634,b)Loss of Ignition,,0.8,https://www.tce.edu/academics/departments/civil-engineering/consultancy-projects
2635,c)Volume of Impurities,,0.8,https://www.tce.edu/academics/departments/civil-engineering/consultancy-projects
2636,MoU with M/s Energy Living scape Pvt. Ltd,2025-26,0.8,https://www.tce.edu/academics/departments/civil-engineering/mou
2637,MoU with L & T AIIMS Madurai Project,2025-26,0.8,https://www.tce.edu/academics/departments/civil-engineering/mou
2638,MoU with Coimbatore builders and Contractors Association,2024-25,0.8,https://www.tce.edu/academics/departments/civil-engineering/mou
2639,MoU with The Ramco Cements Limited,2023-24,0.8,https://www.tce.edu/academics/departments/civil-engineering/mou
2640,"MoU with MIDAS R&D Centre, IndiaPvt., Ltd, and its authorized training partner TechApps Consulting Pvt., Ltd, Chennai",,0.8,https://www.tce.edu/academics/departments/civil-engineering/mou
2641,Geo-polymer Blocks and method of manufacturing thereof,2025-26,0.8,https://www.tce.edu/academics/departments/civil-engineering/patents
2642,A Process for Preparing a High Performance Concrete Mixture with Enhanced CO2 Absorption,2025-26,0.8,https://www.tce.edu/academics/departments/civil-engineering/patents
2643,A Concrete Admixture infilled in a composite column,2023-24,0.8,https://www.tce.edu/academics/departments/civil-engineering/patents
2644,PAVER BLOCK,2024-25,0.8,https://www.tce.edu/academics/departments/civil-engineering/patents
2645,Automated Road Surface Inspection Drone,2023-24,0.8,https://www.tce.edu/academics/departments/civil-engineering/patents
2646,Method of Preparation of Geopolymer Concrete Using Alternative Fine Aggregate Under Ambient Curing Conditions,,0.8,https://www.tce.edu/academics/departments/civil-engineering/patents
2647,Identification of flood vulnerability zones in upper vaigai sub basin using MIKE Hydropower,,0.8,https://www.tce.edu/academics/departments/civil-engineering/sponsored-research
2648,WOS-A Investigation of Geopolymer Concrete using M-Sand and Dredged Marine Sand under ambient curing conditions (as mentor),,0.8,https://www.tce.edu/academics/departments/civil-engineering/sponsored-research
2649,Investigation of flyash Based Geopolymer Concrete for cost effective construction,,0.8,https://www.tce.edu/academics/departments/civil-engineering/sponsored-research
2650,Influence of hybrid fibres and copperslag in concrete under static loading condition,,0.8,https://www.tce.edu/academics/departments/civil-engineering/sponsored-research
2651,Improved Performance and Cost-Efficient Steel- Concrete Composite Beam with Profiled Deck Sheet for Fast Track` Construction in Building Sector,,0.8,https://www.tce.edu/academics/departments/civil-engineering/sponsored-research
2652,Innovative applications of FRP composites in strengthening of concrete filled steel tubular (CFST) sections under flexure,,0.8,https://www.tce.edu/academics/departments/civil-engineering/sponsored-research
2653,Strengthening of Concrete Filled Steel Tubular (CFST) Members in Compression using Advanced FRP Composites,,0.8,https://www.tce.edu/academics/departments/civil-engineering/sponsored-research
2654,“Study on the reclamation of wasteland using treated/untreated wastewater”,,0.8,https://www.tce.edu/academics/departments/civil-engineering/sponsored-research
2655,“Bioremediation of Urban sites contaminated due to Municipal wastewater disposal”,,0.8,https://www.tce.edu/academics/departments/civil-engineering/sponsored-research
2656,"Assessment of LFG recovery, utilization and reduction in GHG emission at Madurai Landfill site, Tamil Nadu, India",,0.8,https://www.tce.edu/academics/departments/civil-engineering/sponsored-research
2657,MODROB,,0.8,https://www.tce.edu/academics/departments/civil-engineering/sponsored-research
2658,Characterization and development of Ultra high performance geopolymer concrete with improved radiation and blast resistance for nuclear application,,0.8,https://www.tce.edu/academics/departments/civil-engineering/sponsored-research
2659,Advances in BIM Revit ( 27.10.2025 to 29.10.2025 ),2025-26,0.8,https://www.tce.edu/academics/departments/civil-engineering/upcoming-events
2660,BIM – Revit,2025-26,0.8,https://www.tce.edu/academics/departments/civil-engineering/upcoming-events
2661,Sustainable Construction Materials/ Revolution of Nano Materials in Construction,2025-26,0.8,https://www.tce.edu/academics/departments/civil-engineering/upcoming-events
2662,Emerging Trends in AI and Machine Learning for Environmental Engineering,2025-26,0.8,https://www.tce.edu/academics/departments/civil-engineering/upcoming-events
2663,Geotechnical lab,2025-26,0.8,https://www.tce.edu/academics/departments/civil-engineering/upcoming-events
2664,Non-destructive Testing and Material Characterization,2025-26,0.8,https://www.tce.edu/academics/departments/civil-engineering/upcoming-events
2665,Total station,2025-26,0.8,https://www.tce.edu/academics/departments/civil-engineering/upcoming-events
2666,STAAD PRO,2025-26,0.8,https://www.tce.edu/academics/departments/civil-engineering/upcoming-events
2667,MIC,2025-26,0.8,https://www.tce.edu/academics/departments/civil-engineering/upcoming-events
2668,Bid wars,,0.8,https://www.tce.edu/academics/departments/computer-applications/achievements
2669,Design fusion,2025-26,0.8,https://www.tce.edu/academics/departments/computer-applications/achievements
2670,Consultancy project,,0.8,https://www.tce.edu/academics/departments/computer-applications/industry-interface
2671,Awareness program on Trends in Artificial intelligence,2024-25,0.8,https://www.tce.edu/academics/departments/computer-applications/outreach-activities
2672,Accelerating the machine learning models for sacrificial anode based corrosion protections method for Engineering Systems,,0.8,https://www.tce.edu/academics/departments/computer-applications/sponsored-research
2673,Scheduling algorithm to minimize the Worst Case Execution time of safety critical applications on Multicore Processors,,0.8,https://www.tce.edu/academics/departments/computer-applications/sponsored-research
2674,Determinstic execution time analysis of Real time applications on Multicore Processors,,0.8,https://www.tce.edu/academics/departments/computer-applications/sponsored-research
2675,Parallel Decision supporting algorithm for agriculture,,0.8,https://www.tce.edu/academics/departments/computer-applications/sponsored-research
2676,Multi-Objective Evolutionary Algorithm for Cancer Classification Using Multicrore Processor,,0.8,https://www.tce.edu/academics/departments/computer-applications/sponsored-research
2677,Parallel Framework for Solving Cryptographic Algorithms on Multicore processors,,0.8,https://www.tce.edu/academics/departments/computer-applications/sponsored-research
2678,Multiobjective Evolutionary Algorithms for Earthquake Prediction in Coastal regions,,0.8,https://www.tce.edu/academics/departments/computer-applications/sponsored-research
2679,IIT Delhi – Summer Faculty Research Fellowship,2024-25,0.8,https://www.tce.edu/academics/departments/computer-science-and-business-system/awards-recognitions
2680,"Faculty - Industry Internship – Atindriya Systems, Bangalore",2025-26,0.8,https://www.tce.edu/academics/departments/computer-science-and-business-system/awards-recognitions
2681,"Mentor-Appreciation Prize of ₹25,000 – GST Analytics Hackathon",2024-25,0.8,https://www.tce.edu/academics/departments/computer-science-and-business-system/awards-recognitions
2682,"Mentor-Second Prize of ₹50,000 – Honeywell Hackathon 2025",2024-25,0.8,https://www.tce.edu/academics/departments/computer-science-and-business-system/awards-recognitions
2683,NPTEL DISCIPLINE STAR,2024-25,0.8,https://www.tce.edu/academics/departments/computer-science-and-business-system/awards-recognitions
2684,"ACEi Hackathon - 5th Place, Cash Prize Rs. 10,000",2025-26,0.8,https://www.tce.edu/academics/departments/computer-science-and-business-system/awards-recognitions
2685,Annual Sports Meet- Runner,2025-26,0.8,https://www.tce.edu/academics/departments/computer-science-and-business-system/awards-recognitions
2686,Ball Badminton - Inter Department Match- Man of the Match,2025-26,0.8,https://www.tce.edu/academics/departments/computer-science-and-business-system/awards-recognitions
2687,Code Hunt 4.0 - 2nd Place,2025-26,0.8,https://www.tce.edu/academics/departments/computer-science-and-business-system/awards-recognitions
2688,Code Hunt 4.0- Third Place,2025-26,0.8,https://www.tce.edu/academics/departments/computer-science-and-business-system/awards-recognitions
2689,Crack the Market- second prize,2025-26,0.8,https://www.tce.edu/academics/departments/computer-science-and-business-system/awards-recognitions
2690,Crypt Wizard - 2nd Place,2025-26,0.8,https://www.tce.edu/academics/departments/computer-science-and-business-system/awards-recognitions
2691,Data Detective – second prize,2025-26,0.8,https://www.tce.edu/academics/departments/computer-science-and-business-system/awards-recognitions
2692,EduAIThon - 2nd Place,2025-26,0.8,https://www.tce.edu/academics/departments/computer-science-and-business-system/awards-recognitions
2693,"Energython 25' - Best Project Award (Rs. 3,000)",2025-26,0.8,https://www.tce.edu/academics/departments/computer-science-and-business-system/awards-recognitions
2694,HackSky 2025 - Selected among Top 60,2024-25,0.8,https://www.tce.edu/academics/departments/computer-science-and-business-system/awards-recognitions
2695,Honeywell Tech Pupa Challenge 2025,2024-25,0.8,https://www.tce.edu/academics/departments/computer-science-and-business-system/awards-recognitions
2696,"India Japan Science, Technology Innovation Forum (Cognisance Arena) - 2nd Prize (Rs. 30,000)",2025-26,0.8,https://www.tce.edu/academics/departments/computer-science-and-business-system/awards-recognitions
2697,Ingenium / Ingenium 2025 - 1st Place,2025-26,0.8,https://www.tce.edu/academics/departments/computer-science-and-business-system/awards-recognitions
2698,"International Hackathon AGRO'360 (Phase II) - 3rd Place (Rs. 20,000)",2025-26,0.8,https://www.tce.edu/academics/departments/computer-science-and-business-system/awards-recognitions
2699,Vibe Coding Challenge - 1st Place,2025-26,0.8,https://www.tce.edu/academics/departments/computer-science-and-business-system/awards-recognitions
2700,Vibe Coding Challenge Event - 1st Place,2025-26,0.8,https://www.tce.edu/academics/departments/computer-science-and-business-system/awards-recognitions
2701,Vibe Coding Challenge Event – First Place,2025-26,0.8,https://www.tce.edu/academics/departments/computer-science-and-business-system/awards-recognitions
2702,Who Am I - 1st Place,2025-26,0.8,https://www.tce.edu/academics/departments/computer-science-and-business-system/awards-recognitions
2703,Xylem Global Student Innovation Challenge - 25$ Incentive,2024-25,0.8,https://www.tce.edu/academics/departments/computer-science-and-business-system/awards-recognitions
2704,2 nd Prize,2024-25,0.8,https://www.tce.edu/academics/departments/computer-science-and-business-system/awards-recognitions
2705,3 rd Prize,2023-24,0.8,https://www.tce.edu/academics/departments/computer-science-and-business-system/awards-recognitions
2706,Pre Incubate,2024-25,0.8,https://www.tce.edu/academics/departments/computer-science-and-business-system/awards-recognitions
2707,TN State 5 th,2024-25,0.8,https://www.tce.edu/academics/departments/computer-science-and-business-system/awards-recognitions
2708,Top 1% NPTEL,2022-23,0.8,https://www.tce.edu/academics/departments/computer-science-and-business-system/awards-recognitions
2709,Top 5% NPTEL,2022-23,0.8,https://www.tce.edu/academics/departments/computer-science-and-business-system/awards-recognitions
2710,MoU with Tata Consultancy Services,,0.8,https://www.tce.edu/academics/departments/computer-science-and-business-system/mou
2711,MoU with Young Indians (Yi YUVA) – Confederation of Indian Industry (CII),,0.8,https://www.tce.edu/academics/departments/computer-science-and-business-system/mou
2712,"MoU with Bharathidasan Institute of Management, Trichy",,0.8,https://www.tce.edu/academics/departments/computer-science-and-business-system/mou
2713,FDP ON CYBER SECURITY AND BUSINESS INNOVATION : Bridging the Gap for sustainable growth,2024-25,0.8,https://www.tce.edu/academics/departments/computer-science-and-business-system/outreach-activities
2714,WORKSHOP on Data Driven Decision Making Using AI,2024-25,0.8,https://www.tce.edu/academics/departments/computer-science-and-business-system/outreach-activities
2715,School students Training Program Next-Gen Modern App Development for Smart Phones,2024-25,0.8,https://www.tce.edu/academics/departments/computer-science-and-business-system/outreach-activities
2716,Summer Internship Program- 2025,2024-25,0.8,https://www.tce.edu/academics/departments/computer-science-and-business-system/outreach-activities
2717,FINTECH FUSION – Finance meets Technology,2023-24,0.8,https://www.tce.edu/academics/departments/computer-science-and-business-system/outreach-activities
2718,Dental Diagnosing Medical Apparatus,2023-24,0.8,https://www.tce.edu/academics/departments/computer-science-and-business-system/patents
2719,Object Finder Robot,2023-24,0.8,https://www.tce.edu/academics/departments/computer-science-and-business-system/patents
2720,Timely Care Band,2023-24,0.8,https://www.tce.edu/academics/departments/computer-science-and-business-system/patents
2721,Dual Compartment Insulated Water Bottle,2023-24,0.8,https://www.tce.edu/academics/departments/computer-science-and-business-system/patents
2722,AI Powered Transformer Health Analyser,2025-26,0.8,https://www.tce.edu/academics/departments/computer-science-and-business-system/patents
2723,Book Mounted Reading Distance Alert Device,2025-26,0.8,https://www.tce.edu/academics/departments/computer-science-and-business-system/patents
2724,Sign X,2025-26,0.8,https://www.tce.edu/academics/departments/computer-science-and-business-system/patents
2725,Method for Location based Coupon Hub,2025-26,0.8,https://www.tce.edu/academics/departments/computer-science-and-business-system/patents
2726,AICTE Idea Lab,,0.8,https://www.tce.edu/academics/departments/computer-science-and-business-system/sponsored-research
2727,tinyurl.com/csbsevents,,0.8,https://www.tce.edu/academics/departments/computer-science-and-business-system/upcoming-events
2728,"AI Primer Certification – Infosys, Bangalore",2022-23,0.8,https://www.tce.edu/academics/departments/computer-science-engineering/achievements
2729,"Artificial intelligence Primer Certification – Infosys, Bangalore",2022-23,0.8,https://www.tce.edu/academics/departments/computer-science-engineering/achievements
2730,Best Paper award – PSG-AI consoritum,2025-26,0.8,https://www.tce.edu/academics/departments/computer-science-engineering/achievements
2731,"Certificate of Recognition towards Top Performing Nodal Center for Virtual Labs – Amrita Vishwa Vidyapeetham-Ministry of Education, GoI",2022-23,0.8,https://www.tce.edu/academics/departments/computer-science-engineering/achievements
2732,"CertificateÂ of Appreciation for the publication of quality research papers in journals listed in Q1/Q2 SCImago Journal Ranking of the year 2022 – Thiagarajar College of Engineering, Madurai",2023-24,0.8,https://www.tce.edu/academics/departments/computer-science-engineering/achievements
2733,Course Completion Elite - Foundation of Cloud IoT Edge ML – Nptel,2023-24,0.8,https://www.tce.edu/academics/departments/computer-science-engineering/achievements
2734,Discipline Star – NPTEL,2025-26,0.8,https://www.tce.edu/academics/departments/computer-science-engineering/achievements
2735,DISTINGUISHED PAPER AWARD – IIT GUWAHATI,2023-24,0.8,https://www.tce.edu/academics/departments/computer-science-engineering/achievements
2736,Elite Certificate – NPTEL,2025-26,0.8,https://www.tce.edu/academics/departments/computer-science-engineering/achievements
2737,Elite Gold – NPTEL,2025-26,0.8,https://www.tce.edu/academics/departments/computer-science-engineering/achievements
2738,Elite Silver – NPTEL,2025-26,0.8,https://www.tce.edu/academics/departments/computer-science-engineering/achievements
2739,Enterprise Design Thinking Practitioner – IBM,2022-23,0.8,https://www.tce.edu/academics/departments/computer-science-engineering/achievements
2740,"Excellence Award for the Case Study Presentation in 20th National Convention on Quality Circles in Education, Quality Circle Forum of India – , Quality Circle, Chennai Chapter",2022-23,0.8,https://www.tce.edu/academics/departments/computer-science-engineering/achievements
2741,"INAE-CEEE 2025 Mentorship program – INAE-Infosys Foundation, IIT Madras",2025-26,0.8,https://www.tce.edu/academics/departments/computer-science-engineering/achievements
2742,"ING.PAED.IGIP, IGIP, Austria – International Society for Engineering Pedagogy",2023-24,0.8,https://www.tce.edu/academics/departments/computer-science-engineering/achievements
2743,Internship at Industry – Multicoreware Industry Internship,2023-24,0.8,https://www.tce.edu/academics/departments/computer-science-engineering/achievements
2744,IUCEE Individual Honorary Member,2025-26,0.8,https://www.tce.edu/academics/departments/computer-science-engineering/achievements
2745,Mentor for Winning Team – NTD Hackathon,2025-26,0.8,https://www.tce.edu/academics/departments/computer-science-engineering/achievements
2746,Platinum Award – National Convention on Quality Circle in Education (NCQCE-2024),2024-25,0.8,https://www.tce.edu/academics/departments/computer-science-engineering/achievements
2747,QCFI - Best Education Sector Award – National Convention on Quality Circle in Education (NCQCE-2024),2024-25,0.8,https://www.tce.edu/academics/departments/computer-science-engineering/achievements
2748,Received grant of 1 lakh rupees from AU-CFR for reserach,2023-24,0.8,https://www.tce.edu/academics/departments/computer-science-engineering/achievements
2749,Recognition as IEEE Senior Member,2025-26,0.8,https://www.tce.edu/academics/departments/computer-science-engineering/achievements
2750,"SALIS- Library Ambassador Award – Nirmala College for Women, Coimbatore",2024-25,0.8,https://www.tce.edu/academics/departments/computer-science-engineering/achievements
2751,Summer Faculty Research Fellowship – IIT Delhi,2023-24,0.8,https://www.tce.edu/academics/departments/computer-science-engineering/achievements
2752,TCE Research Award,2023-24,0.8,https://www.tce.edu/academics/departments/computer-science-engineering/achievements
2753,1st Place – ICT academy youth talk –regional finals,2024-25,0.8,https://www.tce.edu/academics/departments/computer-science-engineering/achievements
2754,2nd Place – 4*100m relay,2025-26,0.8,https://www.tce.edu/academics/departments/computer-science-engineering/achievements
2755,2nd Runner-Up – ICT academy youth talk grand finale,2024-25,0.8,https://www.tce.edu/academics/departments/computer-science-engineering/achievements
2756,3 rd place – HACKGENIX Hackathon,2025-26,0.8,https://www.tce.edu/academics/departments/computer-science-engineering/achievements
2757,3rd Place – CM Trophy(Chess),2025-26,0.8,https://www.tce.edu/academics/departments/computer-science-engineering/achievements
2758,3rd place – TT Alumni Meet Tournament,2025-26,0.8,https://www.tce.edu/academics/departments/computer-science-engineering/achievements
2759,3rd prize – Cryptoji,2025-26,0.8,https://www.tce.edu/academics/departments/computer-science-engineering/achievements
2760,3rd prize – UI Showdown X,2025-26,0.8,https://www.tce.edu/academics/departments/computer-science-engineering/achievements
2761,Author of the book “YEZHAYIN SIRIPPU”,2023-24,0.8,https://www.tce.edu/academics/departments/computer-science-engineering/achievements
2762,"Best AT(assistive technologies) initiative amongst educational institutes – EMPOWER 2022 CONFERENCE, IITM RESARCH PARK",2022-23,0.8,https://www.tce.edu/academics/departments/computer-science-engineering/achievements
2763,Filed a patent for integrated system to track and remove marine oil spills – PATENT APPLICATION NUMBER: 201841032533,,0.8,https://www.tce.edu/academics/departments/computer-science-engineering/achievements
2764,Grand Finalist Of 30 Hacks – Global Logic And Hitachi,2023-24,0.8,https://www.tce.edu/academics/departments/computer-science-engineering/achievements
2765,ILAMAAMANI GANDHI VIRUTHU-2020,,0.8,https://www.tce.edu/academics/departments/computer-science-engineering/achievements
2766,Individual - Silver – 42nd Junior National Tennikoit Championship,2025-26,0.8,https://www.tce.edu/academics/departments/computer-science-engineering/achievements
2767,Outstanding performance – IUCEE: Indo Universal Collaboration For Engineering Education Student,,0.8,https://www.tce.edu/academics/departments/computer-science-engineering/achievements
2768,Platinum Award In Quality Circle – 2ND National Convention On Quality Circles In Education,2024-25,0.8,https://www.tce.edu/academics/departments/computer-science-engineering/achievements
2769,"Published Tamil short story book “EZHUTHATHA KAHITHANGAL” – Launched by Hon. Educational Minister Mr. Anbil Mahesh Poyyamozhi, Accompanied",2021-22,0.8,https://www.tce.edu/academics/departments/computer-science-engineering/achievements
2770,Regional Finalists – ACM ICPC International Collegiate Programming Contest,,0.8,https://www.tce.edu/academics/departments/computer-science-engineering/achievements
2771,"Secured 3rd prize and won Rs. 6,000 cash prize – IDEATHON '23, Mepco Schlenk Engineering College",2023-24,0.8,https://www.tce.edu/academics/departments/computer-science-engineering/achievements
2772,"SIH Finalist – Ministry Of Education,Government Of India",2023-24,0.8,https://www.tce.edu/academics/departments/computer-science-engineering/achievements
2773,Top 5 – L&T Ideation Challenge 2.0,2025-26,0.8,https://www.tce.edu/academics/departments/computer-science-engineering/achievements
2774,Winner – AI Carnival,2025-26,0.8,https://www.tce.edu/academics/departments/computer-science-engineering/achievements
2775,Winner – Hackrax’26,2025-26,0.8,https://www.tce.edu/academics/departments/computer-science-engineering/achievements
2776,Winner – HPE Think-A-Thon,2025-26,0.8,https://www.tce.edu/academics/departments/computer-science-engineering/achievements
2777,Winner – Ideathon,2025-26,0.8,https://www.tce.edu/academics/departments/computer-science-engineering/achievements
2778,Winner – Quantumurd Hackathon,2025-26,0.8,https://www.tce.edu/academics/departments/computer-science-engineering/achievements
2779,"Won 2nd prize – INNOWAH HACKATHON, IIT MADRAS",2024-25,0.8,https://www.tce.edu/academics/departments/computer-science-engineering/achievements
2780,"Won sponsor prize (""most creative use of twilio"") – HACK UMBC FALL, UNIVERSITY OF MARYLAND",2021-22,0.8,https://www.tce.edu/academics/departments/computer-science-engineering/achievements
2781,"MoU with Thiagarajar College,Madurai-625009 – IT Infrastructure",2023-24,0.8,https://www.tce.edu/academics/departments/computer-science-engineering/industry-interface
2782,MoU with Linked In – Workload Characterization and Resource Scheduling,2021-22,0.8,https://www.tce.edu/academics/departments/computer-science-engineering/industry-interface
2783,"MoU with Vasudhara Enclave, Agrini Apartments – Website Development, Hosting and Web service Development",2021-22,0.8,https://www.tce.edu/academics/departments/computer-science-engineering/industry-interface
2784,"MoU with Thiagarajar College,Madurai-625009 – IaaS service for hosting Teaching-Learning Process",2021-22,0.8,https://www.tce.edu/academics/departments/computer-science-engineering/industry-interface
2785,MoU with Honeywell Technology Solutions Lab Pvt Ltd – Collaborative project development,,0.8,https://www.tce.edu/academics/departments/computer-science-engineering/mou
2786,MoU with FOSSEE Partner & FOSSEE Centre – IIT Bombay FOSSEE Project Partner,,0.8,https://www.tce.edu/academics/departments/computer-science-engineering/mou
2787,MoU with AERX Lab – Flight Simulators,,0.8,https://www.tce.edu/academics/departments/computer-science-engineering/mou
2788,MoU with Scrum Academy Alliance – Scrum Certification & Training,,0.8,https://www.tce.edu/academics/departments/computer-science-engineering/mou
2789,MoU with Nokia – Research & Development,,0.8,https://www.tce.edu/academics/departments/computer-science-engineering/mou
2790,MoU with Microsoft Innovation Center (MIC) – Center of Excellence in Microsoft products,,0.8,https://www.tce.edu/academics/departments/computer-science-engineering/mou
2791,MoU with SAP uAcademy – SAP training & certification,,0.8,https://www.tce.edu/academics/departments/computer-science-engineering/mou
2792,"MoU with UI Path – Student Training, Academic Interactions",,0.8,https://www.tce.edu/academics/departments/computer-science-engineering/mou
2793,"MoU with Mavel Technologies Private Limited – Student Training, Academic Interactions ,Internships",,0.8,https://www.tce.edu/academics/departments/computer-science-engineering/mou
2794,MoU with Red Hat – Student Training and Certification (till May 2023),2023-24,0.8,https://www.tce.edu/academics/departments/computer-science-engineering/mou
2795,MoU with Infosys – Student Training and Certification,2022-23,0.8,https://www.tce.edu/academics/departments/computer-science-engineering/mou
2796,MoU with UNITY – Student Training and Certification,2022-23,0.8,https://www.tce.edu/academics/departments/computer-science-engineering/mou
2797,MoU with Infosys Springboard – Faculty and Student Empowerment,2022-23,0.8,https://www.tce.edu/academics/departments/computer-science-engineering/mou
2798,MoU with SMARTCLIFF – Skill development program and internship opportunity,2022-23,0.8,https://www.tce.edu/academics/departments/computer-science-engineering/mou
2799,"MoU with Multimedia University Malaysia – Student Exchange Programme, Research & Development",,0.8,https://www.tce.edu/academics/departments/computer-science-engineering/mou
2800,MoU with IIT Bombay Resource Center – Resource Center for training,,0.8,https://www.tce.edu/academics/departments/computer-science-engineering/mou
2801,MoU with MSME Technology Development CENTRE – Design and organize Technical and skills training courses to educated employed/unemployed youth of the society,,0.8,https://www.tce.edu/academics/departments/computer-science-engineering/mou
2802,Innovatex 2026- Engineering Exploration Camp,2025-26,0.8,https://www.tce.edu/academics/departments/computer-science-engineering/outreach-activities
2803,Exploring the future: AR&VR ADVENTURES FOR YOUNG MINDS,2024-25,0.8,https://www.tce.edu/academics/departments/computer-science-engineering/outreach-activities
2804,Personalized Learning Analysis System and Method Thereof,2021-22,0.8,https://www.tce.edu/academics/departments/computer-science-engineering/patents
2805,Ride Safe- Two wheeler monitoring system,2023-24,0.8,https://www.tce.edu/academics/departments/computer-science-engineering/patents
2806,IoT-Driven System of Machine Vision Based Person Detection using Machine Learning for Visual Surveillance System,2022-23,0.8,https://www.tce.edu/academics/departments/computer-science-engineering/patents
2807,System and Method for Location Based Coupon Hub,2024-25,0.8,https://www.tce.edu/academics/departments/computer-science-engineering/patents
2808,Quantum Safe Smart Submarine Monitoring System,2025-26,0.8,https://www.tce.edu/academics/departments/computer-science-engineering/patents
2809,Image Stitching Enchanced Intelligent Mobile Surveillance Robot,2025-26,0.8,https://www.tce.edu/academics/departments/computer-science-engineering/patents
2810,Blockchain Assisted Self Sovereign Identity Management,2024-25,0.8,https://www.tce.edu/academics/departments/computer-science-engineering/sponsored-research
2811,Quantum-Safe Cloud Storage Security Solution for Healthcare Services,,0.8,https://www.tce.edu/academics/departments/computer-science-engineering/sponsored-research
2812,Mobile Application for soil analysis and crop recommendation using deep learning,,0.8,https://www.tce.edu/academics/departments/computer-science-engineering/sponsored-research
2813,Smart Passenger Vehicle Overload Estimation Model (SPV-OEM),2025-26,0.8,https://www.tce.edu/academics/departments/computer-science-engineering/sponsored-research
2814,Smart Rescue Beacon â€“ IoT And UAV-Based Intelligent Search And Rescue System,,0.8,https://www.tce.edu/academics/departments/computer-science-engineering/sponsored-research
2815,Quantum Deep Learning approaches for efficient resource scheduling in high complexity environments,,0.8,https://www.tce.edu/academics/departments/computer-science-engineering/sponsored-research
2816,Holistic Data Capture System for a Dream “TCE – Information Centre”,,0.8,https://www.tce.edu/academics/departments/computer-science-engineering/sponsored-research
2817,2nd Place (Runner-up) – Hackathon (Hackathon '26),2025-26,0.8,https://www.tce.edu/academics/departments/data-science/achievements
2818,"Co-author – Journal Publication (""CPR-SAT: A context-aware pictogram recommendation system"")",2025-26,0.8,https://www.tce.edu/academics/departments/data-science/achievements
2819,First – Dance (Cultural),2024-25,0.8,https://www.tce.edu/academics/departments/data-science/achievements
2820,First – Photography (Cultural),2024-25,0.8,https://www.tce.edu/academics/departments/data-science/achievements
2821,"First Prize – Idea Presentation (""Protecting Women from Safety Threats"")",2024-25,0.8,https://www.tce.edu/academics/departments/data-science/achievements
2822,First – Singing (Cultural),2024-25,0.8,https://www.tce.edu/academics/departments/data-science/achievements
2823,"Participation – Conference (IEEE SCOPE 2025, Poster Presentation: ""Tamil Character Recognition Application"")",2025-26,0.8,https://www.tce.edu/academics/departments/data-science/achievements
2824,Participation – Hackathon (ACEi Hackathon '26),2025-26,0.8,https://www.tce.edu/academics/departments/data-science/achievements
2825,Participation – Hackathon (ONEST Hackathon),2025-26,0.8,https://www.tce.edu/academics/departments/data-science/achievements
2826,Participation – Hackathon (Smart India Hackathon),2025-26,0.8,https://www.tce.edu/academics/departments/data-science/achievements
2827,"Participation – Hackathon (TANCAM's Hackathon, TNWISE 2025)",2025-26,0.8,https://www.tce.edu/academics/departments/data-science/achievements
2828,Participation – Internship (IIT Ropar VLED / ANNAM.AI),2025-26,0.8,https://www.tce.edu/academics/departments/data-science/achievements
2829,Participation – Quiz (Viksit Bharat Young Leaders Dialogue (VBYLD) 2026),2025-26,0.8,https://www.tce.edu/academics/departments/data-science/achievements
2830,Participation – Technical Event (DECODE X),2025-26,0.8,https://www.tce.edu/academics/departments/data-science/achievements
2831,"Placement Secured – Cultural Fest (PATA VISTA, Yukti 2025)",2025-26,0.8,https://www.tce.edu/academics/departments/data-science/achievements
2832,Placement Secured – Hackathon (National Technology Day Hackathon 2025),2025-26,0.8,https://www.tce.edu/academics/departments/data-science/achievements
2833,Runner – Group Dance (Cultural),2023-24,0.8,https://www.tce.edu/academics/departments/data-science/achievements
2834,Runner – Table Tennis (Sports),2023-24,0.8,https://www.tce.edu/academics/departments/data-science/achievements
2835,Runner – Western Duo/Trio (Cultural),2023-24,0.8,https://www.tce.edu/academics/departments/data-science/achievements
2836,"Second Prize – 100m Hurdles, Anna Univ. Zonal Tournament",2023-24,0.8,https://www.tce.edu/academics/departments/data-science/achievements
2837,Second Prize – Hackathon (Madurai Hackathon 2023),2022-23,0.8,https://www.tce.edu/academics/departments/data-science/achievements
2838,"Successful Completion – Honeywell Tech Pupa Challenge (""Optimized ASR Language Model and Dictionary Generator"")",2025-26,0.8,https://www.tce.edu/academics/departments/data-science/achievements
2839,"Third Prize – 3000m Run, Madurai District Athletics Meet",2023-24,0.8,https://www.tce.edu/academics/departments/data-science/achievements
2840,Third Prize – Hackathon,2025-26,0.8,https://www.tce.edu/academics/departments/data-science/achievements
2841,Third Prize – Hackathon (IDEA HARVEST 2024),2024-25,0.8,https://www.tce.edu/academics/departments/data-science/achievements
2842,Winner – Euphora (Cultural),2025-26,0.8,https://www.tce.edu/academics/departments/data-science/achievements
2843,Winner – Group Dance (Choreoclash),2025-26,0.8,https://www.tce.edu/academics/departments/data-science/achievements
2844,Winner – Hackathon (Data Vista),2025-26,0.8,https://www.tce.edu/academics/departments/data-science/achievements
2845,"Winner – Hackathon (HackXelerate '25), Team X86",2025-26,0.8,https://www.tce.edu/academics/departments/data-science/achievements
2846,"Winner – Hackathon (Honeywell Hackathon), Team X86, ₹25,000 prize",2025-26,0.8,https://www.tce.edu/academics/departments/data-science/achievements
2847,Winner – Handball (Sports),2025-26,0.8,https://www.tce.edu/academics/departments/data-science/achievements
2848,Winner – RJ Hunt (Cultural),2025-26,0.8,https://www.tce.edu/academics/departments/data-science/achievements
2849,Winner – Table Tennis (Sports),2025-26,0.8,https://www.tce.edu/academics/departments/data-science/achievements
2850,"C & C++ Programmimg/Debugging Contest To test participants' proficiency in C and C++ programming through a series of challenges involving code writing, optimization, and debugging under time constraints",2025-26,0.8,https://www.tce.edu/academics/departments/data-science/associations
2851,Code Golf – Python Edition Solve problems using the fewest number of lines of code (especially in pandas/numpy),2025-26,0.8,https://www.tce.edu/academics/departments/data-science/associations
2852,SQL and Database Quiz Solve problems using SQL queries to unlock next levels,2025-26,0.8,https://www.tce.edu/academics/departments/data-science/associations
2853,"Mathematical and statistical research To apply mathematical and statistical concepts in a real-time, team-based puzzle-solving competition that blends logic, computation, and data interpretation",2025-26,0.8,https://www.tce.edu/academics/departments/data-science/associations
2854,"Paper Presentation Students present research or case studies on Data Science topics (AI in healthcare, agriculture, etc.)",2025-26,0.8,https://www.tce.edu/academics/departments/data-science/associations
2855,Video Analytics,2025-26,0.8,https://www.tce.edu/academics/departments/data-science/consultancy-projects
2856,Student Internship – VT Mills (Textile Garment Unit),2023-24,0.8,https://www.tce.edu/academics/departments/data-science/consultancy-projects
2857,Web Application Development for Ruby Food Products Pvt. Ltd,2022-23,0.8,https://www.tce.edu/academics/departments/data-science/consultancy-projects
2858,"MoU with IBM, India",,0.8,https://www.tce.edu/academics/departments/data-science/mou
2859,"MoU with ConversightAI, Coimbatore",,0.8,https://www.tce.edu/academics/departments/data-science/mou
2860,"MoU with JioVio Health Care, Madurai",,0.8,https://www.tce.edu/academics/departments/data-science/mou
2861,Swachh Vidyalaya Abhiyan Activities,2021-22,0.8,https://www.tce.edu/academics/departments/data-science/outreach-activities
2862,Digital Literacy for Public,2021-22,0.8,https://www.tce.edu/academics/departments/data-science/outreach-activities
2863,Real Time Agricultural Field Monitoring System Using IoT,2021-22,0.8,https://www.tce.edu/academics/departments/data-science/patent
2864,Automatic Assistance System Based on IoT for Effective Crowd Management,2021-22,0.8,https://www.tce.edu/academics/departments/data-science/patent
2865,Multi criteria decision framework for higer order Non-Canonocal Delay Differential Equations,,0.8,https://www.tce.edu/academics/departments/data-science/sponsored-research
2866,NEUROVISION: Intelligent Imaging Solutions for Accurate Brain Tumor Detection and Neurological Diagnostics,,0.8,https://www.tce.edu/academics/departments/data-science/sponsored-research
2867,Early Diagnosis of Brain Tumors using Large Language Models (LLM’s),,0.8,https://www.tce.edu/academics/departments/data-science/sponsored-research
2868,AICTE - Career Award for Young Teachers (CAYT) – EEE,,0.8,https://www.tce.edu/academics/departments/electrical-and-electronics-engineering/awards-recognitions
2869,IGIP – International Engineering Educator Award – EEE,2021-22,0.8,https://www.tce.edu/academics/departments/electrical-and-electronics-engineering/awards-recognitions
2870,IUCEE Honorary Member – EEE,2025-26,0.8,https://www.tce.edu/academics/departments/electrical-and-electronics-engineering/awards-recognitions
2871,Post-Doctoral Fellowship – EEE,,0.8,https://www.tce.edu/academics/departments/electrical-and-electronics-engineering/awards-recognitions
2872,TNSCST- Young Scientist Fellowship (YSF) – EEE,,0.8,https://www.tce.edu/academics/departments/electrical-and-electronics-engineering/awards-recognitions
2873,UGC Research Award – EEE,2023-24,0.8,https://www.tce.edu/academics/departments/electrical-and-electronics-engineering/awards-recognitions
2874,1st Prize,2021-22,0.8,https://www.tce.edu/academics/departments/electrical-and-electronics-engineering/awards-recognitions
2875,2nd Prize,2021-22,0.8,https://www.tce.edu/academics/departments/electrical-and-electronics-engineering/awards-recognitions
2876,Adjudged Winner,2022-23,0.8,https://www.tce.edu/academics/departments/electrical-and-electronics-engineering/awards-recognitions
2877,AIR 1139,2023-24,0.8,https://www.tce.edu/academics/departments/electrical-and-electronics-engineering/awards-recognitions
2878,AIR 3162,2022-23,0.8,https://www.tce.edu/academics/departments/electrical-and-electronics-engineering/awards-recognitions
2879,AIR 453,2024-25,0.8,https://www.tce.edu/academics/departments/electrical-and-electronics-engineering/awards-recognitions
2880,Annual Republic Day Camp,2022-23,0.8,https://www.tce.edu/academics/departments/electrical-and-electronics-engineering/awards-recognitions
2881,Awarded,2022-23,0.8,https://www.tce.edu/academics/departments/electrical-and-electronics-engineering/awards-recognitions
2882,First,2024-25,0.8,https://www.tce.edu/academics/departments/electrical-and-electronics-engineering/awards-recognitions
2883,First prize,2024-25,0.8,https://www.tce.edu/academics/departments/electrical-and-electronics-engineering/awards-recognitions
2884,Represented Tamilnadu,2021-22,0.8,https://www.tce.edu/academics/departments/electrical-and-electronics-engineering/awards-recognitions
2885,Topper,2024-25,0.8,https://www.tce.edu/academics/departments/electrical-and-electronics-engineering/awards-recognitions
2886,Topper 1%,2024-25,0.8,https://www.tce.edu/academics/departments/electrical-and-electronics-engineering/awards-recognitions
2887,Topper 2%,2024-25,0.8,https://www.tce.edu/academics/departments/electrical-and-electronics-engineering/awards-recognitions
2888,Topper 5%,2024-25,0.8,https://www.tce.edu/academics/departments/electrical-and-electronics-engineering/awards-recognitions
2889,"MoU with Mr.N.Pandiyaraj, Virudhunagar – Performance estimation of Lighting Accessories",2022-23,0.8,https://www.tce.edu/academics/departments/electrical-and-electronics-engineering/industry-interface
2890,"MoU with L.Rajendran, Cumbum – Third Party Inspection of 200HP Water Pump Erection",2022-23,0.8,https://www.tce.edu/academics/departments/electrical-and-electronics-engineering/industry-interface
2891,"MoU with Public Works Department, Puducherry – Third Party Inspection of Waste Water Treatment Plant",2022-23,0.8,https://www.tce.edu/academics/departments/electrical-and-electronics-engineering/industry-interface
2892,"MoU with M/S.Maruthi Trading Corporation, Theni – Performance estimation of Lighting Accessories",2022-23,0.8,https://www.tce.edu/academics/departments/electrical-and-electronics-engineering/industry-interface
2893,"MoU with M/S. Global Trading Corporation, Madurai – Performance estimation of Lighting Accessories",2023-24,0.8,https://www.tce.edu/academics/departments/electrical-and-electronics-engineering/industry-interface
2894,"MoU with M/S. e Royce Motors India Private Limited, Coimbatore – Performance verification of E-Cart for Corporation Garbage collection",2023-24,0.8,https://www.tce.edu/academics/departments/electrical-and-electronics-engineering/industry-interface
2895,MoU with 120360,2022-23,0.8,https://www.tce.edu/academics/departments/electrical-and-electronics-engineering/industry-interface
2896,"MoU with Mr.A.N.Kannan, Madurai – Performance estimation of Lighting Accessories",2023-24,0.8,https://www.tce.edu/academics/departments/electrical-and-electronics-engineering/industry-interface
2897,"MoU with Royal Annanmar, Namakkal – Capacity estimation of Battery for E Cart",2023-24,0.8,https://www.tce.edu/academics/departments/electrical-and-electronics-engineering/industry-interface
2898,"MoU with Smart Watt Energy Solutions, Madurai – Light Level measurement and Lighting System Performance",2023-24,0.8,https://www.tce.edu/academics/departments/electrical-and-electronics-engineering/industry-interface
2899,"MoU with Secretary, St. Mary’s College, Tuticorin – Detailed Energy Audit Study",2023-24,0.8,https://www.tce.edu/academics/departments/electrical-and-electronics-engineering/industry-interface
2900,"MoU with M/S. Hannah Joseph Hospital Limited, Madurai – Detailed Energy Audit Study",2023-24,0.8,https://www.tce.edu/academics/departments/electrical-and-electronics-engineering/industry-interface
2901,"MoU with M/S. Mahaveer Electro Controls, Madurai – Performance estimation of Lighting Accessories",2024-25,0.8,https://www.tce.edu/academics/departments/electrical-and-electronics-engineering/industry-interface
2902,"MoU with Executive Officer, Sholavandhan Town Panchayat – Performance estimation of Lighting Accessories",2024-25,0.8,https://www.tce.edu/academics/departments/electrical-and-electronics-engineering/industry-interface
2903,"MoU with M/S. Thiagarajar Mills P Ltd, Kappalur",2024-25,0.8,https://www.tce.edu/academics/departments/electrical-and-electronics-engineering/industry-interface
2904,"MoU with Executive Officer, Thathaiengarpet Town Panchayat – Performance verification of E-Cart for Garbage collection",2024-25,0.8,https://www.tce.edu/academics/departments/electrical-and-electronics-engineering/industry-interface
2905,"MoU with Executive Officer, Pullambadi Town Panchayat – Performance verification of E-Cart for Garbage collection",2024-25,0.8,https://www.tce.edu/academics/departments/electrical-and-electronics-engineering/industry-interface
2906,"MoU with Executive Officer, Sirugamani Town Panchayat – Performance verification of E-Cart for Garbage collection",2024-25,0.8,https://www.tce.edu/academics/departments/electrical-and-electronics-engineering/industry-interface
2907,"MoU with Executive Officer, S.Kannaur Town Panchayat – Performance verification of E-Cart for Garbage collection",2024-25,0.8,https://www.tce.edu/academics/departments/electrical-and-electronics-engineering/industry-interface
2908,"MoU with Executive Officer, Thottium Town Panchayat – Performance verification of E-Cart for Garbage collection",2024-25,0.8,https://www.tce.edu/academics/departments/electrical-and-electronics-engineering/industry-interface
2909,"MoU with Executive Officer, Mannachanallur Town Panchayat – Performance verification of E-Cart for Garbage collection",2024-25,0.8,https://www.tce.edu/academics/departments/electrical-and-electronics-engineering/industry-interface
2910,"MoU with Executive Officer (in-charge), Palamedu Town Panchayat – Performance estimation of Lighting Accessories",2024-25,0.8,https://www.tce.edu/academics/departments/electrical-and-electronics-engineering/industry-interface
2911,MoU with 434712,2023-24,0.8,https://www.tce.edu/academics/departments/electrical-and-electronics-engineering/industry-interface
2912,"MoU with M/S. Smart Watt Energy Solutions, Madurai – Light Level measurement and Lighting System Performance",2025-26,0.8,https://www.tce.edu/academics/departments/electrical-and-electronics-engineering/industry-interface
2913,"MoU with M/S. Madhuram Shree Enterprises, Madurai – Performance verification of E-Cart for Corporation Garbage collection",2024-25,0.8,https://www.tce.edu/academics/departments/electrical-and-electronics-engineering/industry-interface
2914,"MoU with M/S.VTM Limited, Textile Garment Unit, Thirumangalam – Cable Dimension verification",2024-25,0.8,https://www.tce.edu/academics/departments/electrical-and-electronics-engineering/industry-interface
2915,"MoU with M/S. The Commissioner, Corporation of Madurai – Third Party Verification of AC and Electrical System installed",2025-26,0.8,https://www.tce.edu/academics/departments/electrical-and-electronics-engineering/industry-interface
2916,"MoU with M/S. KEI Industries Limited, Coimbatore – Cable Dimension verification",2025-26,0.8,https://www.tce.edu/academics/departments/electrical-and-electronics-engineering/industry-interface
2917,"MoU with M/S. Saravana Engineering Works, Dindugal – Performance verification of E-Cart Motor",2025-26,0.8,https://www.tce.edu/academics/departments/electrical-and-electronics-engineering/industry-interface
2918,MoU with 406570,2024-25,0.8,https://www.tce.edu/academics/departments/electrical-and-electronics-engineering/industry-interface
2919,"MoU with DISTRICT RURAL DEVELOPMENT AGENCY, Madurai District – Performance verification of E-Cart for Panchayat Union Garbage collection",2025-26,0.8,https://www.tce.edu/academics/departments/electrical-and-electronics-engineering/industry-interface
2920,"MoU with District Rural Development Agency, Virudhunagar, Virudhunagar District – Performance verification of E-Cart for Panchayat Union Garbage collection",2025-26,0.8,https://www.tce.edu/academics/departments/electrical-and-electronics-engineering/industry-interface
2921,"MoU with District Rural Development Agency, Erode-638011 – Performance verification of E-Cart for Panchayat Union Garbage collection",2025-26,0.8,https://www.tce.edu/academics/departments/electrical-and-electronics-engineering/industry-interface
2922,MoU with Vellammal Medical College Hospital and – Thermal Imaging Study,2025-26,0.8,https://www.tce.edu/academics/departments/electrical-and-electronics-engineering/industry-interface
2923,"MoU with The Principal, Government College of Engineering. Tirunelveli – Detailed Energy Audit Study",2025-26,0.8,https://www.tce.edu/academics/departments/electrical-and-electronics-engineering/industry-interface
2924,"MoU with District Rural Development Agency Tiruppur District, Collectorate, Tiruppur – 641 604 – Performance verification of E-Cart for Panchayat Union Garbage collection",2024-25,0.8,https://www.tce.edu/academics/departments/electrical-and-electronics-engineering/industry-interface
2925,"MoU with DISTRICT RURAL DEVELOPMENT AGENCY, Virudhunagar District – Performance verification of E-Cart for Panchayat Union Garbage collection",2025-26,0.8,https://www.tce.edu/academics/departments/electrical-and-electronics-engineering/industry-interface
2926,MoU with 4112180,2025-26,0.8,https://www.tce.edu/academics/departments/electrical-and-electronics-engineering/industry-interface
2927,"MoU with Pinnacle Lithium Power, Coimbatore",,0.8,https://www.tce.edu/academics/departments/electrical-and-electronics-engineering/mou
2928,"MoU with Tan90 Thermal Solutions Private Limited, Chennai",,0.8,https://www.tce.edu/academics/departments/electrical-and-electronics-engineering/mou
2929,"MoU with Embed UR, Chennai",,0.8,https://www.tce.edu/academics/departments/electrical-and-electronics-engineering/mou
2930,"MoU with Indian Institute of Tropical Meteorology (IITM, Pune), The ministry of Earth Sciences, Govt of India",,0.8,https://www.tce.edu/academics/departments/electrical-and-electronics-engineering/mou
2931,MoU with ICT Academy,,0.8,https://www.tce.edu/academics/departments/electrical-and-electronics-engineering/mou
2932,"MoU with M/s. Hygge Mobility Private Limited, Bangalore",,0.8,https://www.tce.edu/academics/departments/electrical-and-electronics-engineering/mou
2933,Innovation and Entrepreneurship outreach,2024-25,0.8,https://www.tce.edu/academics/departments/electrical-and-electronics-engineering/outreach-activities
2934,Leadership skills,2024-25,0.8,https://www.tce.edu/academics/departments/electrical-and-electronics-engineering/outreach-activities
2935,A novel modulation technique for grid connected three phase Quasi Z source line synchronized inverter,2022-23,0.8,https://www.tce.edu/academics/departments/electrical-and-electronics-engineering/patent
2936,"An Automatic Rain harvesting System for Detecting, Shielding and Storing Rainwater",2023-24,0.8,https://www.tce.edu/academics/departments/electrical-and-electronics-engineering/patent
2937,"Rover Device, System, and Method of Collecting Garbage",2024-25,0.8,https://www.tce.edu/academics/departments/electrical-and-electronics-engineering/patent
2938,System and Method for Automatic Motor Winding Resistance Testing,2022-23,0.8,https://www.tce.edu/academics/departments/electrical-and-electronics-engineering/patent
2939,"A Device, System, and Method of Detecting and Mapping Mines",2023-24,0.8,https://www.tce.edu/academics/departments/electrical-and-electronics-engineering/patent
2940,Automatic Temple Lamp,2023-24,0.8,https://www.tce.edu/academics/departments/electrical-and-electronics-engineering/patent
2941,An Apparatus for Rainwater Harvesting,2023-24,0.8,https://www.tce.edu/academics/departments/electrical-and-electronics-engineering/patent
2942,"A Device, System and Method for Solar Integrated Irrigation",2023-24,0.8,https://www.tce.edu/academics/departments/electrical-and-electronics-engineering/patent
2943,Water re-cycling and regeneration,2024-25,0.8,https://www.tce.edu/academics/departments/electrical-and-electronics-engineering/patent
2944,LPG Gas stove automated safety system,2024-25,0.8,https://www.tce.edu/academics/departments/electrical-and-electronics-engineering/patent
2945,Multifunctional Single-Phase Numeric/Digital Miniature Circuit Breaker (MCB) System And Method Thereof,2024-25,0.8,https://www.tce.edu/academics/departments/electrical-and-electronics-engineering/patent
2946,RATION DISPENSER MACHINE,2022-23,0.8,https://www.tce.edu/academics/departments/electrical-and-electronics-engineering/patent
2947,RACK-PINION POWER GENERATOR,2022-23,0.8,https://www.tce.edu/academics/departments/electrical-and-electronics-engineering/patent
2948,ENHANCED SOLAR PV POWER GENERATOR WITH WATER HEATER USING HEAT PIPE,2023-24,0.8,https://www.tce.edu/academics/departments/electrical-and-electronics-engineering/patent
2949,ROTARY - RACK AND PINION IMAGING APPARATUS,2023-24,0.8,https://www.tce.edu/academics/departments/electrical-and-electronics-engineering/patent
2950,DIYA/LAMP,2022-23,0.8,https://www.tce.edu/academics/departments/electrical-and-electronics-engineering/patent
2951,SMART SPECTACLES FOR PHYSICALLY CHALLENGED PERSONS,2023-24,0.8,https://www.tce.edu/academics/departments/electrical-and-electronics-engineering/patent
2952,SMART BEACH CLEANING ROBOT,2023-24,0.8,https://www.tce.edu/academics/departments/electrical-and-electronics-engineering/patent
2953,SMART CLIP,2023-24,0.8,https://www.tce.edu/academics/departments/electrical-and-electronics-engineering/patent
2954,RANGOLI ROBOT,2023-24,0.8,https://www.tce.edu/academics/departments/electrical-and-electronics-engineering/patent
2955,MECANUM OMNIBOT,2023-24,0.8,https://www.tce.edu/academics/departments/electrical-and-electronics-engineering/patent
2956,MUSIC GLOVES,2023-24,0.8,https://www.tce.edu/academics/departments/electrical-and-electronics-engineering/patent
2957,VOICE CONTROLLED MEDICAL ASSISTING ROBOT,2023-24,0.8,https://www.tce.edu/academics/departments/electrical-and-electronics-engineering/patent
2958,AUTOMATIC CLOTHESLINE SYSTEM,2023-24,0.8,https://www.tce.edu/academics/departments/electrical-and-electronics-engineering/patent
2959,SMART COOKING MACHINE,2023-24,0.8,https://www.tce.edu/academics/departments/electrical-and-electronics-engineering/patent
2960,MULTI-CONTROLLED SEMI-AUTONOMOUS WHEELCHAIR CUM BED,2023-24,0.8,https://www.tce.edu/academics/departments/electrical-and-electronics-engineering/patent
2961,VOICE-CONTROLLED MULTIFUNCTIONAL HOSPITAL BED,2023-24,0.8,https://www.tce.edu/academics/departments/electrical-and-electronics-engineering/patent
2962,INDUSTRIAL SURVEILLANCE ROBOT,2023-24,0.8,https://www.tce.edu/academics/departments/electrical-and-electronics-engineering/patent
2963,RANGOLI ROBOT WITH STENCIL,2023-24,0.8,https://www.tce.edu/academics/departments/electrical-and-electronics-engineering/patent
2964,SMART FOREST FIRE DETECTION AND SUPPRESSION ROBOT,2023-24,0.8,https://www.tce.edu/academics/departments/electrical-and-electronics-engineering/patent
2965,SMART SELF-HEATING MUG,2023-24,0.8,https://www.tce.edu/academics/departments/electrical-and-electronics-engineering/patent
2966,MOBILE PHONE CASE,2023-24,0.8,https://www.tce.edu/academics/departments/electrical-and-electronics-engineering/patent
2967,AUTONOMOUS POND GARBAGE COLLECTOR DEVICE,2023-24,0.8,https://www.tce.edu/academics/departments/electrical-and-electronics-engineering/patent
2968,HYBRID SOLAR E-RICKSHAW,2024-25,0.8,https://www.tce.edu/academics/departments/electrical-and-electronics-engineering/patent
2969,SMART TASER STUN GUN,2023-24,0.8,https://www.tce.edu/academics/departments/electrical-and-electronics-engineering/patent
2970,Automated Captioning for E-learning Contents for Hearing Impaired using Cross Model Transformer based Audio and Visual Fusion Framework,2021-22,0.8,https://www.tce.edu/academics/departments/electrical-and-electronics-engineering/patent
2971,Self-Supervised Learning Based Knowledge Distillation for Audio Visual Speech Recognition,2021-22,0.8,https://www.tce.edu/academics/departments/electrical-and-electronics-engineering/patent
2972,Animal Intrusion Detection System Using Convolutional Neural Network Framework For Agricultural Lands,2022-23,0.8,https://www.tce.edu/academics/departments/electrical-and-electronics-engineering/patent
2973,Trace Game Designed witd Unity 3D & Visual Studio for Upper Extremity Stroke Survivor Rehabilitation,2021-22,0.8,https://www.tce.edu/academics/departments/electrical-and-electronics-engineering/patent
2974,Development Deep Learning Based Unmanned Animal Intrusion Detection And Deterrent System For Agricultural Lands,2022-23,0.8,https://www.tce.edu/academics/departments/electrical-and-electronics-engineering/patent
2975,OPTIMALITY VERIFICATION USING KARUSH–KUHN–TUCKER (KKT) CONDITIONS FOR ECONOMIC DISPATCH PROBLEM,2024-25,0.8,https://www.tce.edu/academics/departments/electrical-and-electronics-engineering/patent
2976,EP-LMO (Evolutionary Programming with Levenberg-Marquardt Optimization Technique to Solve Economic Dispatch,2024-25,0.8,https://www.tce.edu/academics/departments/electrical-and-electronics-engineering/patent
2977,A Portable Hydro-Powered Rehabilitation Device,2023-24,0.8,https://www.tce.edu/academics/departments/electrical-and-electronics-engineering/patent
2978,Bio shield Panel for Absorbing Radiation,2023-24,0.8,https://www.tce.edu/academics/departments/electrical-and-electronics-engineering/patent
2979,A Portable Animal Intrusion Detection System Design,2022-23,0.8,https://www.tce.edu/academics/departments/electrical-and-electronics-engineering/patent
2980,Handheld Pyranometer,2024-25,0.8,https://www.tce.edu/academics/departments/electrical-and-electronics-engineering/patent
2981,Coin Sorter and Counter,2024-25,0.8,https://www.tce.edu/academics/departments/electrical-and-electronics-engineering/patent
2982,Foldable Bus Step Climber,2024-25,0.8,https://www.tce.edu/academics/departments/electrical-and-electronics-engineering/patent
2983,Multi-functional Robotic Arm,2024-25,0.8,https://www.tce.edu/academics/departments/electrical-and-electronics-engineering/patent
2984,Ecoheat Cooker,2024-25,0.8,https://www.tce.edu/academics/departments/electrical-and-electronics-engineering/patent
2985,Hydraulic Ladder Lift,2024-25,0.8,https://www.tce.edu/academics/departments/electrical-and-electronics-engineering/patent
2986,Automatic Pet Feeder,2024-25,0.8,https://www.tce.edu/academics/departments/electrical-and-electronics-engineering/patent
2987,Oil Skimmer,2024-25,0.8,https://www.tce.edu/academics/departments/electrical-and-electronics-engineering/patent
2988,Smart waste segregator,2024-25,0.8,https://www.tce.edu/academics/departments/electrical-and-electronics-engineering/patent
2989,Solar powered mobile cover,2024-25,0.8,https://www.tce.edu/academics/departments/electrical-and-electronics-engineering/patent
2990,Bread Toaster,2025-26,0.8,https://www.tce.edu/academics/departments/electrical-and-electronics-engineering/patent
2991,Energy-harvesting shock absorber,2025-26,0.8,https://www.tce.edu/academics/departments/electrical-and-electronics-engineering/patent
2992,Width adjustable Handlebar for Bicycle,2025-26,0.8,https://www.tce.edu/academics/departments/electrical-and-electronics-engineering/patent
2993,Induction-assisted Solvent Deposition Reactor,2025-26,0.8,https://www.tce.edu/academics/departments/electrical-and-electronics-engineering/patent
2994,Smart temperature-responsive fan remote,2025-26,0.8,https://www.tce.edu/academics/departments/electrical-and-electronics-engineering/patent
2995,Shaft-driven generator module for self-charging electric vehicles,2025-26,0.8,https://www.tce.edu/academics/departments/electrical-and-electronics-engineering/patent
2996,Smart eye care device,2025-26,0.8,https://www.tce.edu/academics/departments/electrical-and-electronics-engineering/patent
2997,Battery tester,2025-26,0.8,https://www.tce.edu/academics/departments/electrical-and-electronics-engineering/patent
2998,Trackmate,2025-26,0.8,https://www.tce.edu/academics/departments/electrical-and-electronics-engineering/patent
2999,Coconut scraper,2025-26,0.8,https://www.tce.edu/academics/departments/electrical-and-electronics-engineering/patent
3000,Portable cooler box for cake delivery,2025-26,0.8,https://www.tce.edu/academics/departments/electrical-and-electronics-engineering/patent
3001,Hybrid solar–thermoelectric laptop case,2025-26,0.8,https://www.tce.edu/academics/departments/electrical-and-electronics-engineering/patent
3002,Autonomous waste collection boat,2025-26,0.8,https://www.tce.edu/academics/departments/electrical-and-electronics-engineering/patent
3003,Autonomous waste collection robot,2025-26,0.8,https://www.tce.edu/academics/departments/electrical-and-electronics-engineering/patent
3004,Solar-regenerated salt-based cooling box,2025-26,0.8,https://www.tce.edu/academics/departments/electrical-and-electronics-engineering/patent
3005,Mobile distraction management device,2025-26,0.8,https://www.tce.edu/academics/departments/electrical-and-electronics-engineering/patent
3006,Centralized adaptive smart home control unit,2025-26,0.8,https://www.tce.edu/academics/departments/electrical-and-electronics-engineering/patent
3007,Wearable hidden camera detector,2025-26,0.8,https://www.tce.edu/academics/departments/electrical-and-electronics-engineering/patent
3008,Humidity controlled cooling system for perishable vegetables,2025-26,0.8,https://www.tce.edu/academics/departments/electrical-and-electronics-engineering/patent
3009,Haptic navigation assist system for the visually impaired,2025-26,0.8,https://www.tce.edu/academics/departments/electrical-and-electronics-engineering/patent
3010,Double sided Pedestal fan,2025-26,0.8,https://www.tce.edu/academics/departments/electrical-and-electronics-engineering/patent
3011,AI-powered portable waveform and Fault simulator,2025-26,0.8,https://www.tce.edu/academics/departments/electrical-and-electronics-engineering/patent
3012,System and Method for Automatic Motor Winding Resistance Testing,2024-25,0.8,https://www.tce.edu/academics/departments/electrical-and-electronics-engineering/patent
3013,System and Method for Optimizing Torque,2025-26,0.8,https://www.tce.edu/academics/departments/electrical-and-electronics-engineering/patent
3014,Automatic Temple Lamp,2025-26,0.8,https://www.tce.edu/academics/departments/electrical-and-electronics-engineering/patent
3015,"A Device, System, and Method of Detecting and Mapping Mines",2025-26,0.8,https://www.tce.edu/academics/departments/electrical-and-electronics-engineering/patent
3016,Solar assemble and method of regulating water temperature in solar assembly,2025-26,0.8,https://www.tce.edu/academics/departments/electrical-and-electronics-engineering/patent
3017,User assistive Bag and method thereof,2025-26,0.8,https://www.tce.edu/academics/departments/electrical-and-electronics-engineering/patent
3018,System and Method for Desalinating Brackish Water,2025-26,0.8,https://www.tce.edu/academics/departments/electrical-and-electronics-engineering/patent
3019,System and Method for Visual Fault Classification in Solar Photovoltaic (PV) Modules,2025-26,0.8,https://www.tce.edu/academics/departments/electrical-and-electronics-engineering/patent
3020,Self-Healing Adaptive Circuit Breaker for Intelligent Energy Automation and Fault Rectification,2025-26,0.8,https://www.tce.edu/academics/departments/electrical-and-electronics-engineering/patent
3021,System And Method for Real-Time Emotion and Posture-Responsive Environmental Control Using AI-Based Threshold Logic,2025-26,0.8,https://www.tce.edu/academics/departments/electrical-and-electronics-engineering/patent
3022,A Fall Detection System and Method Thereof,2024-25,0.8,https://www.tce.edu/academics/departments/electrical-and-electronics-engineering/patent
3023,State-of-the-Art Indigenous Development of Battery Systems and Telematics for Next-Generation Electric Vehicles,,0.8,https://www.tce.edu/academics/departments/electrical-and-electronics-engineering/sponsored-research
3024,"DigiCell in Sight: A Data Driven Framework for Comparative Analysis, Predictive Modeling, and Lifecycle Health Estimation of Multi Chemistry, Multi Brand Lithium-Ion Cells Amidst Evolving Global Supply Dynamics",,0.8,https://www.tce.edu/academics/departments/electrical-and-electronics-engineering/sponsored-research
3025,Development of an Indigenous Intelligent Battery Management System with Advanced SOC Estimation and Modular Master-Slave Architecture for High-Voltage EV Applications,,0.8,https://www.tce.edu/academics/departments/electrical-and-electronics-engineering/sponsored-research
3026,Real-Time Energy Forecasting Using Hybrid Deep Learning for Smart Grid Energy Trading Applications - SolartradeX,,0.8,https://www.tce.edu/academics/departments/electrical-and-electronics-engineering/sponsored-research
3027,A.I.-NAMS: Al-powered Narcotics Analytics and Management System,,0.8,https://www.tce.edu/academics/departments/electrical-and-electronics-engineering/sponsored-research
3028,Mattuthavani Vegetable and Fruit Market in Madurai to make it Carbon Neutral and Environmentally sustainable,2025-26,0.8,https://www.tce.edu/academics/departments/electrical-and-electronics-engineering/sponsored-research
3029,Develop an AI ML model to Predict Properties of New Compound Recipes,,0.8,https://www.tce.edu/academics/departments/electrical-and-electronics-engineering/sponsored-research
3030,Concept of evaluation for improving the Productivity in the existing 8 Spindle NMC,,0.8,https://www.tce.edu/academics/departments/electrical-and-electronics-engineering/sponsored-research
3031,AICTE Idea Lab Scheme,,0.8,https://www.tce.edu/academics/departments/electrical-and-electronics-engineering/sponsored-research
3032,Design of Microgrid Based Charging Station in Rural Areas for Enhancing Electrical Mobility,,0.8,https://www.tce.edu/academics/departments/electrical-and-electronics-engineering/sponsored-research
3033,Design and Implementation of IoT Multi-Function Smart Meter for Demand Side Energy Management of Manufacturing Industries and Electrical Distribution Network,,0.8,https://www.tce.edu/academics/departments/electrical-and-electronics-engineering/sponsored-research
3034,Development of Economical Point-of-Care Diagnostic Device in rural and remote settings for Acute Myocardial Infarction to achieve Sustainable Development Goal 3,,0.8,https://www.tce.edu/academics/departments/electrical-and-electronics-engineering/sponsored-research
3035,Digitalization of Bus tracking and Fare collection system,2022-23,0.8,https://www.tce.edu/academics/departments/electrical-and-electronics-engineering/sponsored-research
3036,Evolutionary algorithm based relay coordination scheme for TCE institutional power system,2023-24,0.8,https://www.tce.edu/academics/departments/electrical-and-electronics-engineering/sponsored-research
3037,Energy management system in residence using smart controller,2021-22,0.8,https://www.tce.edu/academics/departments/electrical-and-electronics-engineering/sponsored-research
3038,Centre for Renewable Energy System,,0.8,https://www.tce.edu/academics/departments/electrical-and-electronics-engineering/sponsored-research
3039,Modernization of Electrical Machines Lab,,0.8,https://www.tce.edu/academics/departments/electrical-and-electronics-engineering/sponsored-research
3040,"Appreciation Award SB Counselor IEEE MAS SAC Student branch,2026 – IEEE Madras Section",2025-26,0.8,https://www.tce.edu/academics/departments/electronics-and-communication-engineering/achievements
3041,"Associate Editor, Microsystem Technologies – Springer Nature",,0.8,https://www.tce.edu/academics/departments/electronics-and-communication-engineering/achievements
3042,Chairman - Madras Section – IEEE MTT-S (Microwave Theory and Techniques,,0.8,https://www.tce.edu/academics/departments/electronics-and-communication-engineering/achievements
3043,I-Stem Ambassador,2025-26,0.8,https://www.tce.edu/academics/departments/electronics-and-communication-engineering/achievements
3044,"Innovation Ambassador(IA),2025 – MoE Innovation Cell and AICTE",2025-26,0.8,https://www.tce.edu/academics/departments/electronics-and-communication-engineering/achievements
3045,Registered Patent Agent – Intellectual Property India,,0.8,https://www.tce.edu/academics/departments/electronics-and-communication-engineering/achievements
3046,TARE – DST-SERB,,0.8,https://www.tce.edu/academics/departments/electronics-and-communication-engineering/achievements
3047,1.Professional Development Session on Resume and LinkedIn Building 2.. Online FDP on Wireless Communication Systems and Emerging 6G Technologies 3. Seminar on 5G AND BEYOND- by IEEE Communication Society Student Branch,,0.8,https://www.tce.edu/academics/departments/electronics-and-communication-engineering/achievements
3048,Mapathon 2.0 at Chandigarh University,,0.8,https://www.tce.edu/academics/departments/electronics-and-communication-engineering/achievements
3049,Best Presentation – TCE Faculty Conclave 2022 - Sharing of Best Practices in Teaching-Learning,2022-23,0.8,https://www.tce.edu/academics/departments/electronics-and-communication-engineering/achievements
3050,Distinction – IUCEE International Engineering Educator Certification Program,2022-23,0.8,https://www.tce.edu/academics/departments/electronics-and-communication-engineering/achievements
3051,IGIP International Engineering Educator – International Society of Engineering Pedagogy (IGIP),2021-22,0.8,https://www.tce.edu/academics/departments/electronics-and-communication-engineering/achievements
3052,Mentor – IUCEE NEP on Artificial Intelligence for All,2022-23,0.8,https://www.tce.edu/academics/departments/electronics-and-communication-engineering/achievements
3053,Mentor – IUCEE NEP on Design Thinking and Community-Based Design,2022-23,0.8,https://www.tce.edu/academics/departments/electronics-and-communication-engineering/achievements
3054,Mentor - GradeB – Blockchain Mapping of Products - IASF (IUCEE Annual Student Forum),2022-23,0.8,https://www.tce.edu/academics/departments/electronics-and-communication-engineering/achievements
3055,"Silver Award – Quality Circle Forum of India, Hosur Chapter",2022-23,0.8,https://www.tce.edu/academics/departments/electronics-and-communication-engineering/achievements
3056,Top 12th Team – NTIRE 2022 Spectral Recovery Challenge - IEEE/CVF CVPRW,2022-23,0.8,https://www.tce.edu/academics/departments/electronics-and-communication-engineering/achievements
3057,Topper and Silver Medal – NPTEL Course - Pattern Recognition and Application,2022-23,0.8,https://www.tce.edu/academics/departments/electronics-and-communication-engineering/achievements
3058,Vice President – Vision-Yoga for Human Excellence (YHE) - WCSC Madurai Zone,2022-23,0.8,https://www.tce.edu/academics/departments/electronics-and-communication-engineering/achievements
3059,Industry Internship,2022-23,0.8,https://www.tce.edu/academics/departments/electronics-and-communication-engineering/achievements
3060,Student Project Expo,2025-26,0.8,https://www.tce.edu/academics/departments/electronics-and-communication-engineering/achievements
3061,Technical Events,2025-26,0.8,https://www.tce.edu/academics/departments/electronics-and-communication-engineering/achievements
3062,Technical Symposium Participation,2025-26,0.8,https://www.tce.edu/academics/departments/electronics-and-communication-engineering/achievements
3063,Crop and Weed Detection Using Unmanned Aerial Vehicle (UAV) – Madurai Kamaraj University,2022-23,0.8,https://www.tce.edu/academics/departments/electronics-and-communication-engineering/achievements
3064,GIS Based Spatial Analysis for Ground Water Quality Parameters Assessment in Madurai District – Madurai Kamaraj University,2022-23,0.8,https://www.tce.edu/academics/departments/electronics-and-communication-engineering/achievements
3065,"Design and Fabrication of a Soft-Rigid Prosthetic Lower Limb for Motorcycle by Amputees – Naan Mudhalvan Niral Hackathon, Sponsored by the Government of Tamil Nadu, 2024",2022-23,0.8,https://www.tce.edu/academics/departments/electronics-and-communication-engineering/achievements
3066,"Smart Dust Bin – Naan Mudhalvan Niral Hackathon, Sponsored by the Government of Tamil Nadu, 2025",2025-26,0.8,https://www.tce.edu/academics/departments/electronics-and-communication-engineering/achievements
3067,INAUGURATION CEREMONY -2025,2024-25,0.8,https://www.tce.edu/academics/departments/electronics-and-communication-engineering/associations
3068,ELECTROTOON – Creative Animation Event,2025-26,0.8,https://www.tce.edu/academics/departments/electronics-and-communication-engineering/associations
3069,BRAINWIRED 2025,2025-26,0.8,https://www.tce.edu/academics/departments/electronics-and-communication-engineering/associations
3070,MISSION: IMPOSSIBLE: The Escape Protocol,2025-26,0.8,https://www.tce.edu/academics/departments/electronics-and-communication-engineering/associations
3071,TELETEC’26 – NATIONAL LEVEL TECHNICAL SYMPOSIUM,2025-26,0.8,https://www.tce.edu/academics/departments/electronics-and-communication-engineering/associations
3072,FAREWELL CEREMONY - BATCH OF 2026,2025-26,0.8,https://www.tce.edu/academics/departments/electronics-and-communication-engineering/associations
3073,Valedictory Ceremony,2025-26,0.8,https://www.tce.edu/academics/departments/electronics-and-communication-engineering/associations
3074,"MoU with TTSL – Testing and measurements in Anechoic Chamber, CEEPT",,0.8,https://www.tce.edu/academics/departments/electronics-and-communication-engineering/industry-interface
3075,MoU with TTSL – CATH Chamber for antenna,,0.8,https://www.tce.edu/academics/departments/electronics-and-communication-engineering/industry-interface
3076,"MoU with Lucky Blue Metals, Vadipatti, Madurai – Geological features around 100 meter",,0.8,https://www.tce.edu/academics/departments/electronics-and-communication-engineering/industry-interface
3077,"MoU with Tharani Associates, Dindigul – Geological features around 500 meter",,0.8,https://www.tce.edu/academics/departments/electronics-and-communication-engineering/industry-interface
3078,"MoU with Suganya Constructions, Nadukkottai, Tirumangalam, Madurai – Geological features around 250 meter",,0.8,https://www.tce.edu/academics/departments/electronics-and-communication-engineering/industry-interface
3079,"MoU with MSV Blue Metal Private Limited, Theni – Geological features around 500 meter",,0.8,https://www.tce.edu/academics/departments/electronics-and-communication-engineering/industry-interface
3080,"MoU with Skill Sonic India Pvt.Ltd, Bangalore – Design of syllabus and practical hardware course in EV charger",2023-24,0.8,https://www.tce.edu/academics/departments/electronics-and-communication-engineering/industry-interface
3081,"MoU with TTSL, BrahMos Aerospace – GPS Anti Jamming for Brahmos",2022-23,0.8,https://www.tce.edu/academics/departments/electronics-and-communication-engineering/industry-interface
3082,"MoU with Amphenol Omni Connect, Chennai – Design and Development of Frequency Selective Surfaces",2022-23,0.8,https://www.tce.edu/academics/departments/electronics-and-communication-engineering/industry-interface
3083,MoU with Sarvee Pharmacy – Equipment for physiotherapy,2022-23,0.8,https://www.tce.edu/academics/departments/electronics-and-communication-engineering/industry-interface
3084,"MoU with Ruby Mil Product, Madurai, SIDDCO – Servicing Flow sensor",2023-24,0.8,https://www.tce.edu/academics/departments/electronics-and-communication-engineering/industry-interface
3085,MoU with M/s. Hi-TECH ARAI Pvt. Ltd Madurai – GIS survey in the manufacturing unit,,0.8,https://www.tce.edu/academics/departments/electronics-and-communication-engineering/industry-interface
3086,MoU with TTSL – RF Test and Measurement,,0.8,https://www.tce.edu/academics/departments/electronics-and-communication-engineering/industry-interface
3087,MoU with DRDO (CAIR-Bangalore) – Exploration of channel emulators for controlled speech signal transmission on radio channels of ASR,2023-24,0.8,https://www.tce.edu/academics/departments/electronics-and-communication-engineering/industry-interface
3088,MoU with Design and Development of Prototype recharging unit for two wheeler,2023-24,0.8,https://www.tce.edu/academics/departments/electronics-and-communication-engineering/industry-interface
3089,MoU with Identifying water bodies,2023-24,0.8,https://www.tce.edu/academics/departments/electronics-and-communication-engineering/industry-interface
3090,MoU with RF Test and Measurement,,0.8,https://www.tce.edu/academics/departments/electronics-and-communication-engineering/industry-interface
3091,MoU with Development of Embedded program for Camera interface,2022-23,0.8,https://www.tce.edu/academics/departments/electronics-and-communication-engineering/industry-interface
3092,MoU with Development triggering equipment for Dental operation,2022-23,0.8,https://www.tce.edu/academics/departments/electronics-and-communication-engineering/industry-interface
3093,"MoU with Wipro Limited, India",,0.8,https://www.tce.edu/academics/departments/electronics-and-communication-engineering/mou
3094,"MoU with M/s SUHORA Technologies Private Limited, Noida",,0.8,https://www.tce.edu/academics/departments/electronics-and-communication-engineering/mou
3095,"MoU with Airport Authority of India, New Delhi",,0.8,https://www.tce.edu/academics/departments/electronics-and-communication-engineering/mou
3096,MoU with ICT Academy of Tamil Nadu,,0.8,https://www.tce.edu/academics/departments/electronics-and-communication-engineering/mou
3097,"MoU with Tenet Technetronics, Bangalore",,0.8,https://www.tce.edu/academics/departments/electronics-and-communication-engineering/mou
3098,"MoU with LMW Limited, Coimbatore",,0.8,https://www.tce.edu/academics/departments/electronics-and-communication-engineering/mou
3099,"MoU with Ben-Gurion University of the Negev, Israel",,0.8,https://www.tce.edu/academics/departments/electronics-and-communication-engineering/mou
3100,MoU with iSTEM,,0.8,https://www.tce.edu/academics/departments/electronics-and-communication-engineering/mou
3101,"MoU with CISCO Systems Private Limited, Bangalore",,0.8,https://www.tce.edu/academics/departments/electronics-and-communication-engineering/mou
3102,Footrest Control System,2025-26,0.8,https://www.tce.edu/academics/departments/electronics-and-communication-engineering/patents
3103,System and Method for Visual Fault Classification in Solar Photovoltaic (PV) Modules,2025-26,0.8,https://www.tce.edu/academics/departments/electronics-and-communication-engineering/patents
3104,Real-Time Heart Rate Monitoring System And Method Thereof,2025-26,0.8,https://www.tce.edu/academics/departments/electronics-and-communication-engineering/patents
3105,Advanced Triangular GATE FinFET Design for High-Speed Low Power SRAMs,2025-26,0.8,https://www.tce.edu/academics/departments/electronics-and-communication-engineering/patents
3106,System and Method for Shedding Flower Collector,2025-26,0.8,https://www.tce.edu/academics/departments/electronics-and-communication-engineering/patents
3107,Multilingual Interactive Embedded Guide System for Cultural Heritage and Temple Tourism,2025-26,0.8,https://www.tce.edu/academics/departments/electronics-and-communication-engineering/patents
3108,System and Method for Dynamic Contextual Switching of Appliances,2025-26,0.8,https://www.tce.edu/academics/departments/electronics-and-communication-engineering/patents
3109,Quantum-Safe Smart Submarine Monitoring System,2025-26,0.8,https://www.tce.edu/academics/departments/electronics-and-communication-engineering/patents
3110,Tree-Shaped Nanosheet Tunnel Fets Biosensor for Dopamine Detection,2025-26,0.8,https://www.tce.edu/academics/departments/electronics-and-communication-engineering/patents
3111,Triple Material Gate Nanosheet MOSFET for Parkinson's Disease Detection,2025-26,0.8,https://www.tce.edu/academics/departments/electronics-and-communication-engineering/patents
3112,Energy-Efficient IoT And AI-Driven Method for Multi-Source Carbon Emission Tracking,2025-26,0.8,https://www.tce.edu/academics/departments/electronics-and-communication-engineering/patents
3113,Dual Temp Thermo Electric Water Bottle,2025-26,0.8,https://www.tce.edu/academics/departments/electronics-and-communication-engineering/patents
3114,System and Method for Image and Speech Processing,2024-25,0.8,https://www.tce.edu/academics/departments/electronics-and-communication-engineering/patents
3115,Reconfigurable Intelligent Surface (Ris) And Method Thereof,2024-25,0.8,https://www.tce.edu/academics/departments/electronics-and-communication-engineering/patents
3116,Soft Pneumatic Actuator Based Prosthetic Leg,2024-25,0.8,https://www.tce.edu/academics/departments/electronics-and-communication-engineering/patents
3117,Electromyography (EMG) Signal-Based Prosthetic Arm and Method Thereof,2024-25,0.8,https://www.tce.edu/academics/departments/electronics-and-communication-engineering/patents
3118,Development of 3D Bio-printed Scaffolds Using Nata de Coco for Tissue Regeneration,2024-25,0.8,https://www.tce.edu/academics/departments/electronics-and-communication-engineering/patents
3119,Double Gate Fin Field Effect Transistor for the Thyroid Cancer Cells Detection,2024-25,0.8,https://www.tce.edu/academics/departments/electronics-and-communication-engineering/patents
3120,A Semi-Automatic Electronic Chip Dispensing System and Method Thereof,2024-25,0.8,https://www.tce.edu/academics/departments/electronics-and-communication-engineering/patents
3121,An Automated System for Vertical Farming,2023-24,0.8,https://www.tce.edu/academics/departments/electronics-and-communication-engineering/patents
3122,An Efficient High-Speed VLSI Architecture for Performing Scalar Multiplication in the Binary Field,2021-22,0.8,https://www.tce.edu/academics/departments/electronics-and-communication-engineering/patents
3123,System and Method for Automatic Empty Tray Recognition,2022-23,0.8,https://www.tce.edu/academics/departments/electronics-and-communication-engineering/patents
3124,An Apparatus for Marshalling Sticks and Method Thereof,2021-22,0.8,https://www.tce.edu/academics/departments/electronics-and-communication-engineering/patents
3125,Semi-Automatic Ac Dust Remover and its Cleaning Apparatus,2022-23,0.8,https://www.tce.edu/academics/departments/electronics-and-communication-engineering/patents
3126,Fabrication of enhanced sensitivity curvature sensor using photonic crystal fiber and behaviour prediction based on auto encoded dense neural network,2025-26,0.8,https://www.tce.edu/academics/departments/electronics-and-communication-engineering/sponsored-research
3127,"Archival, Classification of Madurai's Chithiral Festival Attire Rich Dances and Rituals using Deep Learnt Features and Labanotation Generation for Their Preservation",2025-26,0.8,https://www.tce.edu/academics/departments/electronics-and-communication-engineering/sponsored-research
3128,Development of Deep Learning Approach for 3D Virtual Reconstruction of Lost Heritage,2025-26,0.8,https://www.tce.edu/academics/departments/electronics-and-communication-engineering/sponsored-research
3129,Banana Grader- Design and develop a Prototype for Grading Banana in post harvest Industries,2025-26,0.8,https://www.tce.edu/academics/departments/electronics-and-communication-engineering/sponsored-research
3130,Clipping Detection and De-clipping of Radio Channel Speech Signals,2025-26,0.8,https://www.tce.edu/academics/departments/electronics-and-communication-engineering/sponsored-research
3131,"Project Impact and Evaluation Study in the Vaigai Catchment Area during Pre, mid and Post Periods",2025-26,0.8,https://www.tce.edu/academics/departments/electronics-and-communication-engineering/sponsored-research
3132,Design of Wband LNA in 130nm SiGe Process,,0.8,https://www.tce.edu/academics/departments/electronics-and-communication-engineering/sponsored-research
3133,Estimation and Quantification of Pesticide Residues in Fruits and Vegetables using a Vision based Approach,,0.8,https://www.tce.edu/academics/departments/electronics-and-communication-engineering/sponsored-research
3134,Radio Frequency Modelling and Testing of a Two terminal Bistable RF MEMS Switch,,0.8,https://www.tce.edu/academics/departments/electronics-and-communication-engineering/sponsored-research
3135,Development and implementation of Signal processing algorithms to enhance the Subconscious Controllability of Prosthetic Arm using EMG Signal,,0.8,https://www.tce.edu/academics/departments/electronics-and-communication-engineering/sponsored-research
3136,Image Processing based Name Plate Digitilization,,0.8,https://www.tce.edu/academics/departments/electronics-and-communication-engineering/sponsored-research
3137,Development of Object Based Re-identification of Religious idols/Arts/Sculptures,,0.8,https://www.tce.edu/academics/departments/electronics-and-communication-engineering/sponsored-research
3138,Modelling and Simulation of multigate InSb/AIInSb based High Electron Mobility Transistors for 5G Applications,,0.8,https://www.tce.edu/academics/departments/electronics-and-communication-engineering/sponsored-research
3139,Design and Development of a milli-meter wave based Road Condition Detection Radar for Automotive Applications,2025-26,0.8,https://www.tce.edu/academics/departments/electronics-and-communication-engineering/sponsored-research
3140,Design and Development of FinFET Bio Sensor for Wearable Medical Devices in a Harsh Environment,,0.8,https://www.tce.edu/academics/departments/electronics-and-communication-engineering/sponsored-research
3141,Exploration of channel emulators for controlled speech signal transmission on radio channels of ASR,,0.8,https://www.tce.edu/academics/departments/electronics-and-communication-engineering/sponsored-research
3142,Development of Deep Learning Approach for 3D Virtual Reconstruction of Lost Heritage Artefacts Present at Kheezhadi Archaeological Excavation Site,,0.8,https://www.tce.edu/academics/departments/electronics-and-communication-engineering/sponsored-research
3143,"Archival, Classification of Madurais Chithiral Festival Attire Rich Dances and Rituals using Deep Learnt Features and Labanotation Generation for Their Preservation",2025-26,0.8,https://www.tce.edu/academics/departments/electronics-and-communication-engineering/sponsored-research
3144,Empirical analysis of speech signals for identification of radio channel signatures in recorded audio,2024-25,0.8,https://www.tce.edu/academics/departments/electronics-and-communication-engineering/sponsored-research
3145,"ASDF Global Award for Best Professor of 2014, - Association of Scientists, Developers and Faculties",,0.8,https://www.tce.edu/academics/departments/english/awards-recognitions
3146,"Best Paper Presenter Award – PAN NIT Humanities and Social Sciences Research Conclave, NIT Warangal",2023-24,0.8,https://www.tce.edu/academics/departments/english/awards-recognitions
3147,"Best Professor of 2014 – ASDF (Association of Scientists, Developers and Faculty)",,0.8,https://www.tce.edu/academics/departments/english/awards-recognitions
3148,"Distinguished Researcher and Scholar Icon 2017, JSAER Distinguished Researcher & Scholar Icon Award – Jupiter Publications Consortium",,0.8,https://www.tce.edu/academics/departments/english/awards-recognitions
3149,"INSPIRING WOMEN AWARDS 2025, Madras Journal Series Pvt Ltd (Registered enterprise under the Ministry of MSME, Government of India) – Madras Journal Series Pvt Ltd, Chennai",2025-26,0.8,https://www.tce.edu/academics/departments/english/awards-recognitions
3150,"MoU with Goethe Institut, Chennai",2024-25,0.8,https://www.tce.edu/academics/departments/english/mou
3151,MoU with Cambridge University,2025-26,0.8,https://www.tce.edu/academics/departments/english/mou
3152,Design Thinking in Teaching and Learning,2021-22,0.8,https://www.tce.edu/academics/departments/english/outreach-activities
3153,Technology Based Entrepreneurship Development Programme (TEDP),2024-25,0.8,https://www.tce.edu/academics/departments/english/outreach-activities
3154,Leadership Qualities for School Children,2024-25,0.8,https://www.tce.edu/academics/departments/english/outreach-activities
3155,Leadership Qualities for School Children,2024-25,0.8,https://www.tce.edu/academics/departments/english/outreach-activities
3156,PORTABLE SMART SYSTEM FOR PROFESSIONAL COMMUNICATION,2023-24,0.8,https://www.tce.edu/academics/departments/english/patent
3157,"Achieved Elite Silver Grade For The NPTEL Certification On ""Data Analytics With Python"" – IIT Roorkee, NPTEL",2024-25,0.8,https://www.tce.edu/academics/departments/information-technology/awards-recognitions
3158,"Achieved Elite Silver Grade For The NPTEL Certification On ""Data Analytics With Python""",2025-26,0.8,https://www.tce.edu/academics/departments/information-technology/awards-recognitions
3159,"Achieved Elite Silver Grade For The NPTEL Certification On ""Python For Datascience""",2025-26,0.8,https://www.tce.edu/academics/departments/information-technology/awards-recognitions
3160,Appreciation For Facilitating Google Career Launchpad Programme – Google Cloud,2025-26,0.8,https://www.tce.edu/academics/departments/information-technology/awards-recognitions
3161,"Best Paper Award – ICTIEE, 2026 - IUCEE",2025-26,0.8,https://www.tce.edu/academics/departments/information-technology/awards-recognitions
3162,"Elite Silver Grade For The NPTEL Certification On “Computer Vision”, IIT Kharagpur",2025-26,0.8,https://www.tce.edu/academics/departments/information-technology/awards-recognitions
3163,Nptel Believers Star,2025-26,0.8,https://www.tce.edu/academics/departments/information-technology/awards-recognitions
3164,Nptel Discipline Star - Computer Science & Engineering,2025-26,0.8,https://www.tce.edu/academics/departments/information-technology/awards-recognitions
3165,Nptel Domain Scholar - Data Science,2025-26,0.8,https://www.tce.edu/academics/departments/information-technology/awards-recognitions
3166,NPTEL STAR- Domain Scholar - Datascience,2024-25,0.8,https://www.tce.edu/academics/departments/information-technology/awards-recognitions
3167,Topper – NPTEL,2025-26,0.8,https://www.tce.edu/academics/departments/information-technology/awards-recognitions
3168,"Topper In ""Introduction To Machine Learning"" – NPTEL,IIT Madras,",2025-26,0.8,https://www.tce.edu/academics/departments/information-technology/awards-recognitions
3169,"Topper With Elite Gold Grade For The NPTEL Certification On ""Introduction To Industry 4.0 And Industrial Internet Of Things"", – NPTEL, IIT Kharagpur",2024-25,0.8,https://www.tce.edu/academics/departments/information-technology/awards-recognitions
3170,Best Paper Award in ICTIEE 2024 – IUCEE,2024-25,0.8,https://www.tce.edu/academics/departments/information-technology/awards-recognitions
3171,IBM Faculty Buildathon-AI/ML with Cloud – IBM SmartInternz &AICTE,2024-25,0.8,https://www.tce.edu/academics/departments/information-technology/awards-recognitions
3172,IGIP Award – IUCEE,2024-25,0.8,https://www.tce.edu/academics/departments/information-technology/awards-recognitions
3173,IIEECP Distinction Award – IUCEE,2023-24,0.8,https://www.tce.edu/academics/departments/information-technology/awards-recognitions
3174,IIT PALS Outsatnding Performance,2024-25,0.8,https://www.tce.edu/academics/departments/information-technology/awards-recognitions
3175,IUCEE TLC Leadership Award 2024,2024-25,0.8,https://www.tce.edu/academics/departments/information-technology/awards-recognitions
3176,Mentorship certificate - students won the first prize with Rs.25000 and IBM kit in 24 hours AI Hackathon – Kalasalingam Academy of reserach and education,2024-25,0.8,https://www.tce.edu/academics/departments/information-technology/awards-recognitions
3177,National Advisory Board Member & Certificate of Excellence in Reviewer in ICICSD’2023 – Anurag University Hyderabad,2023-24,0.8,https://www.tce.edu/academics/departments/information-technology/awards-recognitions
3178,NM -Faculty Champion Award – TNSDC,2023-24,0.8,https://www.tce.edu/academics/departments/information-technology/awards-recognitions
3179,NPTEL - Elite Silver – Swayam NPTEL,2025-26,0.8,https://www.tce.edu/academics/departments/information-technology/awards-recognitions
3180,Professional Excellence in Building Trustworthy AI Enterprise Solutions – IBM,2023-24,0.8,https://www.tce.edu/academics/departments/information-technology/awards-recognitions
3181,Professional Excellence in Enterprise grade-AI – IBM,2023-24,0.8,https://www.tce.edu/academics/departments/information-technology/awards-recognitions
3182,Professional Excellence in Journey to Cloud: Envisioning Your Solution – IBM,2023-24,0.8,https://www.tce.edu/academics/departments/information-technology/awards-recognitions
3183,Topper - Swayam NPTEL course on Foundation of Cloud IoT Edge ML,2025-26,0.8,https://www.tce.edu/academics/departments/information-technology/awards-recognitions
3184,Topper - Swayam NPTEL course on Google cloud Computing foundations,2025-26,0.8,https://www.tce.edu/academics/departments/information-technology/awards-recognitions
3185,Visiting Fellowship – Indian Science Academy,2024-25,0.8,https://www.tce.edu/academics/departments/information-technology/awards-recognitions
3186,Young Achiever Award – InRes MSME,2024-25,0.8,https://www.tce.edu/academics/departments/information-technology/awards-recognitions
3187,Best Paper Award – ICTIEE2023,2023-24,0.8,https://www.tce.edu/academics/departments/information-technology/awards-recognitions
3188,Best Paper Award – IUCEE ICTIEE Connference,2021-22,0.8,https://www.tce.edu/academics/departments/information-technology/awards-recognitions
3189,Best Presentation – TCE Faculty Conclave,2021-22,0.8,https://www.tce.edu/academics/departments/information-technology/awards-recognitions
3190,Dr V shivaraj Patil Award for Service for Humanity – Justics Shivaraj V Patil Foundation,2023-24,0.8,https://www.tce.edu/academics/departments/information-technology/awards-recognitions
3191,"Faculty Mentor and Assistant Faculty for grading ""AI FOR ALL"" – IUCEE",2021-22,0.8,https://www.tce.edu/academics/departments/information-technology/awards-recognitions
3192,Innowah Coordinator – PALS IIT MADRAS,2021-22,0.8,https://www.tce.edu/academics/departments/information-technology/awards-recognitions
3193,Special Mention – Smart Madurai Hackathon,2021-22,0.8,https://www.tce.edu/academics/departments/information-technology/awards-recognitions
3194,The Potential Award – ResFest 2022,2021-22,0.8,https://www.tce.edu/academics/departments/information-technology/awards-recognitions
3195,AICTE EVC Member – Engg.college Aproval process,,0.8,https://www.tce.edu/academics/departments/information-technology/awards-recognitions
3196,AICTE SC Member – AICTE Scrutiny Committee Member,,0.8,https://www.tce.edu/academics/departments/information-technology/awards-recognitions
3197,Anna University Nominee-BoS – KLN College of Engg,,0.8,https://www.tce.edu/academics/departments/information-technology/awards-recognitions
3198,Anna University Nominee-BoS – Mepco Schlenk Engg College,,0.8,https://www.tce.edu/academics/departments/information-technology/awards-recognitions
3199,Anna University Nominee-BoS – RMK College of Engg,,0.8,https://www.tce.edu/academics/departments/information-technology/awards-recognitions
3200,Anna University Nominee-BoS – St.Francis Xavier College of Engg,,0.8,https://www.tce.edu/academics/departments/information-technology/awards-recognitions
3201,"BOS Member – K.Ramakrishnan College of Engineering, (Autonomous), Samayapuram, Trichy",2023-24,0.8,https://www.tce.edu/academics/departments/information-technology/awards-recognitions
3202,"Elite Silver – NPTEL course on Software Testing by IIT, Kharagpur",2021-22,0.8,https://www.tce.edu/academics/departments/information-technology/awards-recognitions
3203,Evaluator – AICTE-Student Learning Assessment (SLA) Project,2021-22,0.8,https://www.tce.edu/academics/departments/information-technology/awards-recognitions
3204,EVALUATOR – TOYACATHON-MHRD,2021-22,0.8,https://www.tce.edu/academics/departments/information-technology/awards-recognitions
3205,Evaluator – TOYCATHON,2021-22,0.8,https://www.tce.edu/academics/departments/information-technology/awards-recognitions
3206,EXPERT COMMITTEE – AICTE APPROVAL PROCESS,2021-22,0.8,https://www.tce.edu/academics/departments/information-technology/awards-recognitions
3207,ICTIEE – 2022,2021-22,0.8,https://www.tce.edu/academics/departments/information-technology/awards-recognitions
3208,Int. J. of Business and Data Analytics – 2021,2021-22,0.8,https://www.tce.edu/academics/departments/information-technology/awards-recognitions
3209,Int. J. of Business Intelligence and Data Mining – 2021,2021-22,0.8,https://www.tce.edu/academics/departments/information-technology/awards-recognitions
3210,"International Conference - MIND 2021, NIT Raipur",2021-22,0.8,https://www.tce.edu/academics/departments/information-technology/awards-recognitions
3211,"International Journal of Intelligent Unmanned Systems, Emerald Publishe – 2021",2021-22,0.8,https://www.tce.edu/academics/departments/information-technology/awards-recognitions
3212,Journal of Engineering Education Transformations – 2021,2021-22,0.8,https://www.tce.edu/academics/departments/information-technology/awards-recognitions
3213,Journal of Medical Imaging and Health Informatics – 2022,2022-23,0.8,https://www.tce.edu/academics/departments/information-technology/awards-recognitions
3214,Mentor for first prize winner team – IBM PALS,2021-22,0.8,https://www.tce.edu/academics/departments/information-technology/awards-recognitions
3215,"Mentor for the team participating “Makeathon” contest – won a third prize with the cash amount of Rs. 6,000, 2021 – A national level contest organized by JNTU, Ananthapuramu",2021-22,0.8,https://www.tce.edu/academics/departments/information-technology/awards-recognitions
3216,Mentor of Beatrix Winner Team – TCE - HCL Beatrix2021,2021-22,0.8,https://www.tce.edu/academics/departments/information-technology/awards-recognitions
3217,NASSCOM – 2021,2021-22,0.8,https://www.tce.edu/academics/departments/information-technology/awards-recognitions
3218,Primary Evaluator – TOYCATHON,2021-22,0.8,https://www.tce.edu/academics/departments/information-technology/awards-recognitions
3219,Reviewer – Elsevier Sustainable Computing Journal,2021-22,0.8,https://www.tce.edu/academics/departments/information-technology/awards-recognitions
3220,Reviewer – ICTIEE,2022-23,0.8,https://www.tce.edu/academics/departments/information-technology/awards-recognitions
3221,Reviewer – Int. J. of Business Intelligence and Data Mining,2021-22,0.8,https://www.tce.edu/academics/departments/information-technology/awards-recognitions
3222,"Reviewer – International Journal of Pervasive Computing and Communication , Emerald",2021-22,0.8,https://www.tce.edu/academics/departments/information-technology/awards-recognitions
3223,Reviewer – JEET,2021-22,0.8,https://www.tce.edu/academics/departments/information-technology/awards-recognitions
3224,Reviewer – Journal of Computer System Science and Engineering,2021-22,0.8,https://www.tce.edu/academics/departments/information-technology/awards-recognitions
3225,Reviewer – Journal of Engineering Education Transformations,2021-22,0.8,https://www.tce.edu/academics/departments/information-technology/awards-recognitions
3226,Reviewer – Journal of Soft Computing,2021-22,0.8,https://www.tce.edu/academics/departments/information-technology/awards-recognitions
3227,Reviewer – Springer:Journal of Super Computing,2023-24,0.8,https://www.tce.edu/academics/departments/information-technology/awards-recognitions
3228,Swayam /NPTEL – 2021,2021-22,0.8,https://www.tce.edu/academics/departments/information-technology/awards-recognitions
3229,Taylor and Francis - Journal of Cyber Security Technology – 2022,2022-23,0.8,https://www.tce.edu/academics/departments/information-technology/awards-recognitions
3230,Reviewer – Scientific Journals of Information System Technology ISSN 2503- 0477 (Print),2025-26,0.8,https://www.tce.edu/academics/departments/information-technology/awards-recognitions
3231,SIH Mentor – SIH 2020,,0.8,https://www.tce.edu/academics/departments/information-technology/awards-recognitions
3232,Accomplishments from IIEECP – IUCEE,,0.8,https://www.tce.edu/academics/departments/information-technology/awards-recognitions
3233,Certificate of Distinction – IUCEE International Educator Certification Program,,0.8,https://www.tce.edu/academics/departments/information-technology/awards-recognitions
3234,"Distinction Award – National Convention on Quality Circles in Education, Quality Circle Forum of",,0.8,https://www.tce.edu/academics/departments/information-technology/awards-recognitions
3235,"Distinction Award (Mentor) – National Convention on Quality Circles in Education, Quality Circle Forum of",,0.8,https://www.tce.edu/academics/departments/information-technology/awards-recognitions
3236,ICTIEE 2020 – Jan 2020,,0.8,https://www.tce.edu/academics/departments/information-technology/awards-recognitions
3237,"IGIP, Austria – Jan 2020",,0.8,https://www.tce.edu/academics/departments/information-technology/awards-recognitions
3238,"Mentor – All India Science Exhibition on Food Processing -2019, Indian Institute of Food",,0.8,https://www.tce.edu/academics/departments/information-technology/awards-recognitions
3239,"Mentor – ResFest 2019 IoT Challenge,Vietnam",,0.8,https://www.tce.edu/academics/departments/information-technology/awards-recognitions
3240,"Mentor – Top 10 Finalist ,International Contest - ResFest 2019 IoT Challenge,Vietnam",,0.8,https://www.tce.edu/academics/departments/information-technology/awards-recognitions
3241,"Mentor – Top 10 Finalist ,ResFest 2019 IoT Challenge,Vietnam",,0.8,https://www.tce.edu/academics/departments/information-technology/awards-recognitions
3242,Mentor – TSS CARR Mobile Application,,0.8,https://www.tce.edu/academics/departments/information-technology/awards-recognitions
3243,NPTEL – May 2020,,0.8,https://www.tce.edu/academics/departments/information-technology/awards-recognitions
3244,"Outstanding Contribution in Reviewing – International Conference on ""Artificial Intelligence and Data Engineering",,0.8,https://www.tce.edu/academics/departments/information-technology/awards-recognitions
3245,Reviewer – Journal of Super Computing,,0.8,https://www.tce.edu/academics/departments/information-technology/awards-recognitions
3246,Technical Incharge – Techutsav Mobile App-Online Transaction,,0.8,https://www.tce.edu/academics/departments/information-technology/awards-recognitions
3247,"Top Performing Mentor – 12 Week online course on ""Ethical Hacking"", NPTEL & Swayam",,0.8,https://www.tce.edu/academics/departments/information-technology/awards-recognitions
3248,22IT005,,0.8,https://www.tce.edu/academics/departments/information-technology/awards-recognitions
3249,22IT010,2025-26,0.8,https://www.tce.edu/academics/departments/information-technology/awards-recognitions
3250,22IT017,2025-26,0.8,https://www.tce.edu/academics/departments/information-technology/awards-recognitions
3251,22IT025,2025-26,0.8,https://www.tce.edu/academics/departments/information-technology/awards-recognitions
3252,22IT031,2025-26,0.8,https://www.tce.edu/academics/departments/information-technology/awards-recognitions
3253,22IT035,2025-26,0.8,https://www.tce.edu/academics/departments/information-technology/awards-recognitions
3254,22IT058,2025-26,0.8,https://www.tce.edu/academics/departments/information-technology/awards-recognitions
3255,22IT076,2025-26,0.8,https://www.tce.edu/academics/departments/information-technology/awards-recognitions
3256,22IT089,2025-26,0.8,https://www.tce.edu/academics/departments/information-technology/awards-recognitions
3257,22IT106,2025-26,0.8,https://www.tce.edu/academics/departments/information-technology/awards-recognitions
3258,22IT116,2025-26,0.8,https://www.tce.edu/academics/departments/information-technology/awards-recognitions
3259,22IT120,2025-26,0.8,https://www.tce.edu/academics/departments/information-technology/awards-recognitions
3260,22IT127,2025-26,0.8,https://www.tce.edu/academics/departments/information-technology/awards-recognitions
3261,23IT005,2025-26,0.8,https://www.tce.edu/academics/departments/information-technology/awards-recognitions
3262,23IT041,2025-26,0.8,https://www.tce.edu/academics/departments/information-technology/awards-recognitions
3263,23IT056,2025-26,0.8,https://www.tce.edu/academics/departments/information-technology/awards-recognitions
3264,23IT073,2025-26,0.8,https://www.tce.edu/academics/departments/information-technology/awards-recognitions
3265,23IT095,2025-26,0.8,https://www.tce.edu/academics/departments/information-technology/awards-recognitions
3266,23IT096,2025-26,0.8,https://www.tce.edu/academics/departments/information-technology/awards-recognitions
3267,23IT110,2025-26,0.8,https://www.tce.edu/academics/departments/information-technology/awards-recognitions
3268,AppreciationFor Active Involvement InIucee Annual Student Forum2021,2021-22,0.8,https://www.tce.edu/academics/departments/information-technology/awards-recognitions
3269,"Awarded WithHonoriam OfRs.15,000And Internship Certificate From Eysip, Iit Bombay,2022",2022-23,0.8,https://www.tce.edu/academics/departments/information-technology/awards-recognitions
3270,"Contest-CodingChallenge Conducted By Motorq-Best Women Coder, Cash Prize Of Rs.5000,2024",2024-25,0.8,https://www.tce.edu/academics/departments/information-technology/awards-recognitions
3271,"Developed A Mobile App Named ""Best Motivational Quotes"" For Fbstart-Facebook's ProgramAndWon $40,000 Worth Tools, 2016",,0.8,https://www.tce.edu/academics/departments/information-technology/awards-recognitions
3272,"ExemplaryPerformance InTrue Geek Tournament2021, Geekforgeeks,2021",2021-22,0.8,https://www.tce.edu/academics/departments/information-technology/awards-recognitions
3273,"Finalists Innoculture(International Ideation Contest),2021",2021-22,0.8,https://www.tce.edu/academics/departments/information-technology/awards-recognitions
3274,"Finalists Of Resfest, International Event,Fpt University,Vietnam, 2021",2021-22,0.8,https://www.tce.edu/academics/departments/information-technology/awards-recognitions
3275,"FinalistsOfResfest2021,InternationalPaperPresentation Event, Fpt University,Vietnam,2021",2021-22,0.8,https://www.tce.edu/academics/departments/information-technology/awards-recognitions
3276,"First PrizeIn Paper Presentation,Psg InstituteOf Technology, 2023",2023-24,0.8,https://www.tce.edu/academics/departments/information-technology/awards-recognitions
3277,"Got Admission In Iim, Trichy,2018 For A Top Score In Cat,G5.41",,0.8,https://www.tce.edu/academics/departments/information-technology/awards-recognitions
3278,"GotAchiever AwardFrom Cm,2021",2021-22,0.8,https://www.tce.edu/academics/departments/information-technology/awards-recognitions
3279,"Madurai HackathonSpecialPrize, AwardedWith2000RsCash And Vizi Ai Developer Toolkit,2022",2021-22,0.8,https://www.tce.edu/academics/departments/information-technology/awards-recognitions
3280,"Microsoft Imagine Cup Finalists,2022",2022-23,0.8,https://www.tce.edu/academics/departments/information-technology/awards-recognitions
3281,Participated GoogleDevelopers GroupDevfest India 2021,2021-22,0.8,https://www.tce.edu/academics/departments/information-technology/awards-recognitions
3282,"Resfes2022 Graphic DesignPotentialAwardWithCash Of 210 Usd,2022",2022-23,0.8,https://www.tce.edu/academics/departments/information-technology/awards-recognitions
3283,"Runner Up In National Student Start Up Challenge Yu Start 2018 Association With Cii On 16th Jan 2018 At Iim, Bangalore",,0.8,https://www.tce.edu/academics/departments/information-technology/awards-recognitions
3284,"Runner Up InContest Code Tantra HackathonWithA Cash Award Of Rs.2000,2024",2024-25,0.8,https://www.tce.edu/academics/departments/information-technology/awards-recognitions
3285,"Runner Up Of Smart India Hackathon (Sih),2022",2022-23,0.8,https://www.tce.edu/academics/departments/information-technology/awards-recognitions
3286,"RunnerUpInPaperPresentation,Psg Tech,Coimbatore,2022",2022-23,0.8,https://www.tce.edu/academics/departments/information-technology/awards-recognitions
3287,"Second Prize,3enigma(Invente-IntercollegiateOnline Technical FestAt Ssn),2021",2021-22,0.8,https://www.tce.edu/academics/departments/information-technology/awards-recognitions
3288,"Selected As Among The Top 30 Projects(Out Of 1586) In “Sparkle”, A National Level Competition By Kpit Technologies, Pune,2016",,0.8,https://www.tce.edu/academics/departments/information-technology/awards-recognitions
3289,"Selected As Best Campus Ambassador In National Level Event Pragyan, Conducted By Nit – Trichy,2018",,0.8,https://www.tce.edu/academics/departments/information-technology/awards-recognitions
3290,"Selected For Grand Finale Of Toycathon 2021, An Inter- Ministerial Initiative Organized By Ministry Of Education’s Innovation Cell With Support From All India Council For Technical Education, Ministry Of Women And Child",2021-22,0.8,https://www.tce.edu/academics/departments/information-technology/awards-recognitions
3291,Winner Of Smart India Hackathon-2022,2022-23,0.8,https://www.tce.edu/academics/departments/information-technology/awards-recognitions
3292,Winner Of Student Innovator Award In State Level Program Conducted By Rsap 2017(Regional Startup Activation Program) Pioneered By Edi-Government Of Tamil Nadu Powered By Forge Accelerator,,0.8,https://www.tce.edu/academics/departments/information-technology/awards-recognitions
3293,"Winner Of The Contest –Androdate Conducted By Google Device Lab InNaascom, Bangalore,2016",,0.8,https://www.tce.edu/academics/departments/information-technology/awards-recognitions
3294,"WinnerOfAzureDeveloperLeague-September Skill Up Challenge ConductedByMicrosoftFrom September 5- September 11,2021",2021-22,0.8,https://www.tce.edu/academics/departments/information-technology/awards-recognitions
3295,"Winners Of SmartIndia Hackathon,2023 OrganisedInCgc,Landran–Cash Prize Of Rs.50,000/",2023-24,0.8,https://www.tce.edu/academics/departments/information-technology/awards-recognitions
3296,"Won 2nd Prize A CashReward Of Rs.20,000 InTce – Hbtu 36 Hrs Hackathon,2020",,0.8,https://www.tce.edu/academics/departments/information-technology/awards-recognitions
3297,"Won A Cash Prize Of 1,000,000vnd In Resfest 2019 Iot Challenge Fpt University,Vietnam,2019",,0.8,https://www.tce.edu/academics/departments/information-technology/awards-recognitions
3298,"Won ACashPrize 10,000 In Appathon2020, An Web App DevelopedFor MaduraiMp, Mr.Su.Venkatesan,2020",,0.8,https://www.tce.edu/academics/departments/information-technology/awards-recognitions
3299,"Won Cash Prize OfRs.65000 In 36hrs Hackathon- Honeywell Automation Challenge 2016” Sponsored By Honeywell Technology Solutions, Madurai",,0.8,https://www.tce.edu/academics/departments/information-technology/awards-recognitions
3300,"Won cash prize Rs.15, 000 in “Datathon” as a part of Kurukshetra,2018 event organised by Anna University, Chennai",,0.8,https://www.tce.edu/academics/departments/information-technology/awards-recognitions
3301,"Won Cash Prize Rs.15, 000 In “Datathon” As A Part Of Kurukshetra,2018 Event Organised ByAnna University, Chennai.2018",,0.8,https://www.tce.edu/academics/departments/information-technology/awards-recognitions
3302,"Won First Prize, A Cash Award Of Rs.20000 In Tce Hackathon 2018On TheTheme Digital TceAndDigitalMadurai ConductedFor 2 Days- 28th S 26th September During Triveni Expo 2018,Madurai",,0.8,https://www.tce.edu/academics/departments/information-technology/awards-recognitions
3303,"Won Runner Up - A Cash Prize Of Rs.30,000 Plus Internship At Hcl Madurai Hackathon2018 For A Topic“Block The BadGuys”",,0.8,https://www.tce.edu/academics/departments/information-technology/awards-recognitions
3304,"Won TheWeb Design Contest With A Cash Reward OfRs.500/-, Techblaze 2023",2023-24,0.8,https://www.tce.edu/academics/departments/information-technology/awards-recognitions
3305,"WonA CashPrize 10,000 InAppathon 2020,AnMobile App Developed For Madurai Mp, Mr.Su.Venkatesan,2020",,0.8,https://www.tce.edu/academics/departments/information-technology/awards-recognitions
3306,"WonFirst PrizeAMedal And CashAward OfRs.50000 Hackathon By Mithrai, Hcl Madurai,2018",,0.8,https://www.tce.edu/academics/departments/information-technology/awards-recognitions
3307,"WonSecond Prize AndGot Internship OfferFor 6 Months InLpu In Smart India Hackathon 2019, Delhi,2019",,0.8,https://www.tce.edu/academics/departments/information-technology/awards-recognitions
3308,"WonThe Pals Analyze Event,2021",2021-22,0.8,https://www.tce.edu/academics/departments/information-technology/awards-recognitions
3309,1 st Place in Kalasalingam 24 hour Hackathon ( Hack Odyssey 2k25),2024-25,0.8,https://www.tce.edu/academics/departments/information-technology/awards-recognitions
3310,14-03-2025,2025-26,0.8,https://www.tce.edu/academics/departments/information-technology/awards-recognitions
3311,2nd place in Technovate'25 paper talk held at Government College of Technology,2024-25,0.8,https://www.tce.edu/academics/departments/information-technology/awards-recognitions
3312,"2nd place in Technovate'25 paper talk held at Government College of Technology, Coimbatore",2025-26,0.8,https://www.tce.edu/academics/departments/information-technology/awards-recognitions
3313,"3 rd price in All India Hackathon for Smart Student Hostels: Solutions for Ensuring Safety and Mental Wellbeing conducted by IIT, Madras",2024-25,0.8,https://www.tce.edu/academics/departments/information-technology/awards-recognitions
3314,3 rd Prize in MIME Competition conducted by TSM,2024-25,0.8,https://www.tce.edu/academics/departments/information-technology/awards-recognitions
3315,3rd place in ACM INDUSTRY DAY (POSTER PRESENTATION),2024-25,0.8,https://www.tce.edu/academics/departments/information-technology/awards-recognitions
3316,3rd place in TechXInnovate at Kalasalingam University,2024-25,0.8,https://www.tce.edu/academics/departments/information-technology/awards-recognitions
3317,3rd place in What's Next Ideathon and prototype at Kalasalingam University,2024-25,0.8,https://www.tce.edu/academics/departments/information-technology/awards-recognitions
3318,4/10/2025,2025-26,0.8,https://www.tce.edu/academics/departments/information-technology/awards-recognitions
3319,Achieved top performance in TNWISE Hackathon at Kumaraguru College of Technology (KCT),2025-26,0.8,https://www.tce.edu/academics/departments/information-technology/awards-recognitions
3320,Achieved top performance in TNWISE Women's Hackathon at Kumaraguru College of Technology (KCT),2025-26,0.8,https://www.tce.edu/academics/departments/information-technology/awards-recognitions
3321,"Advanced to the final round in the Hack-Odyssey event, Kalasalingam University",2024-25,0.8,https://www.tce.edu/academics/departments/information-technology/awards-recognitions
3322,Finalist in clash of codes conducted IITM in janauary 2025,2024-25,0.8,https://www.tce.edu/academics/departments/information-technology/awards-recognitions
3323,Finalist in HACK-ODYSSEY-2K25,2025-26,0.8,https://www.tce.edu/academics/departments/information-technology/awards-recognitions
3324,Participated in CODE PULSE (Coding Competition) conducted by VIT Chennai,2025-26,0.8,https://www.tce.edu/academics/departments/information-technology/awards-recognitions
3325,Participated in codeher'25 by anna university ceg campus,2024-25,0.8,https://www.tce.edu/academics/departments/information-technology/awards-recognitions
3326,Participated in Euphoria Kalasalingam Hackathon,2025-26,0.8,https://www.tce.edu/academics/departments/information-technology/awards-recognitions
3327,"Participated in Hack Catalyst 2K25 conducted by thiagarajar arts college, madurai",2025-26,0.8,https://www.tce.edu/academics/departments/information-technology/awards-recognitions
3328,Participated in Hack Odyssey 24 hours Hackathon at Kalasalingam University,2024-25,0.8,https://www.tce.edu/academics/departments/information-technology/awards-recognitions
3329,Participated in Hack Odyssey at Kalasalingam University,2025-26,0.8,https://www.tce.edu/academics/departments/information-technology/awards-recognitions
3330,Participated in PSG ITech Hackfest conducted by PSG ITech and SAP India,2024-25,0.8,https://www.tce.edu/academics/departments/information-technology/awards-recognitions
3331,Participated in the TNWISE 2025 hackathon,2025-26,0.8,https://www.tce.edu/academics/departments/information-technology/awards-recognitions
3332,Participated in UNSTOP Hackathon conducted by IIT Madras,2024-25,0.8,https://www.tce.edu/academics/departments/information-technology/awards-recognitions
3333,Secured 1st place in the Code Asthram hackathon hosted by the Tarcin Robotics LLP,2024-25,0.8,https://www.tce.edu/academics/departments/information-technology/awards-recognitions
3334,"Secured 2nd place in 24 hours hackathon, Synergicz 2.0 Mechatronics Dept, TCE and won 2500 rupees",2024-25,0.8,https://www.tce.edu/academics/departments/information-technology/awards-recognitions
3335,Secured 2nd place in the Idea flow hackathon conducted by the CSBS department,2024-25,0.8,https://www.tce.edu/academics/departments/information-technology/awards-recognitions
3336,"Secured 4th position and won IBM kit in 24 hrs hackathon , Wonders of AI conducted by Kalasalingam University , IBM",2025-26,0.8,https://www.tce.edu/academics/departments/information-technology/awards-recognitions
3337,"Secured 4th position in The 24 hour Wonders of AI hackathon,Kalasalingam University and won an IBM kit",2025-26,0.8,https://www.tce.edu/academics/departments/information-technology/awards-recognitions
3338,"Secured 4th position in TNWISE, a Tamil Nadu–level hackathon and won 10000 rupees",2024-25,0.8,https://www.tce.edu/academics/departments/information-technology/awards-recognitions
3339,Secured 4th position in Wonders of AI and won IBM kits,2024-25,0.8,https://www.tce.edu/academics/departments/information-technology/awards-recognitions
3340,Selected among the Top 60 for the Offline Round of HackSky 2025 at MIT Bangalore,2024-25,0.8,https://www.tce.edu/academics/departments/information-technology/awards-recognitions
3341,Selected at college level for the International IUCEE Student Competition 2025,2025-26,0.8,https://www.tce.edu/academics/departments/information-technology/awards-recognitions
3342,Special Mention in HackForHer 8 hours Hackathon at (MIT) Anna University,2024-25,0.8,https://www.tce.edu/academics/departments/information-technology/awards-recognitions
3343,"Top 6 in Hack It'25, 8 hours Hackathon at (CEG) Anna University",2024-25,0.8,https://www.tce.edu/academics/departments/information-technology/awards-recognitions
3344,MoU with DHE4 Ventures Pvt Ltd – GUI Development for Bioinformatics Project,2021-22,0.8,https://www.tce.edu/academics/departments/information-technology/industry-interface
3345,"MoU with TVS Motors, Hosur – Consultancy for AR/VR Projects",2022-23,0.8,https://www.tce.edu/academics/departments/information-technology/industry-interface
3346,"MoU with SVP Laser, Chennai – Chess Variant, Game Development",2022-23,0.8,https://www.tce.edu/academics/departments/information-technology/industry-interface
3347,MoU with S. Jawaharlal & Co – Mobile App for Wooden products Order,2022-23,0.8,https://www.tce.edu/academics/departments/information-technology/industry-interface
3348,MoU with Ruby Foods – Web Application Development,2022-23,0.8,https://www.tce.edu/academics/departments/information-technology/industry-interface
3349,MoU with Marlion Technologies – Student Internship FDP planned in 2025 Faculty Internship,2025-26,0.8,https://www.tce.edu/academics/departments/information-technology/mou
3350,MoU with Balnetra Technologies – Project Consultations,2025-26,0.8,https://www.tce.edu/academics/departments/information-technology/mou
3351,"MoU with ROR Technologies LLC, headquartered in Dubai, UAE – 1C course on BUILD ENTERPRISE APPLICATIONS USING LOW CODE PLATFORMS Student Internships Faculty Internships Consultancy Projects",2024-25,0.8,https://www.tce.edu/academics/departments/information-technology/mou
3352,"MoU with Tarcin Robotic LLP, Madurai – IoT Startathon Working on code ASTHRAM Industry-Focused Consultancy Projects Student Internships Technical Training Programs",2024-25,0.8,https://www.tce.edu/academics/departments/information-technology/mou
3353,MoU with ARIV Executions – Hackathon Industrial Visit Training Placement/Internship,2024-25,0.8,https://www.tce.edu/academics/departments/information-technology/mou
3354,"MoU with SaveMom Pvt. Ltd., Madurai – Expert Lecture on “Google Cloud” Student Internships Technical Contest – IEE CIS Summer School Student Volunteering Support Consultancy Projects",2023-24,0.8,https://www.tce.edu/academics/departments/information-technology/mou
3355,"MoU with Survey Sparrow Pvt. Ltd., Chennai – Industrial Visits Faculty Internship 2C Course, Creatrix Hackathon Placement Trainings Internships",2023-24,0.8,https://www.tce.edu/academics/departments/information-technology/mou
3356,"MoU with Kerchoffs Pvt. Ltd., Sunderland – VR/AR – Student Internships Training Programs",2022-23,0.8,https://www.tce.edu/academics/departments/information-technology/mou
3357,ACM Hour of Code (School Outreach) Making students to learn Coding through Games,2024-25,0.8,https://www.tce.edu/academics/departments/information-technology/outreach-activities
3358,Ride Safe- Two Wheeler Monitoring System,2023-24,0.8,https://www.tce.edu/academics/departments/information-technology/patents
3359,Interactive System For Creating Virtual Reality to Users And Method Thereof,2022-23,0.8,https://www.tce.edu/academics/departments/information-technology/patents
3360,Augmented Reality Based System For Teaching Children With Autism And Method Thereof,2021-22,0.8,https://www.tce.edu/academics/departments/information-technology/patents
3361,An Automated Low-Cost Seed Sowing Machine – An Agricultural Product,2023-24,0.8,https://www.tce.edu/academics/departments/information-technology/patents
3362,Web Design Contest (15.07.2023),2022-23,0.8,https://www.tce.edu/academics/departments/information-technology/professional-societies
3363,"CProgramming (20 - 28, Jul 2023)",2023-24,0.8,https://www.tce.edu/academics/departments/information-technology/professional-societies
3364,NLP SMS Spam Detection (26.09.2023),2023-24,0.8,https://www.tce.edu/academics/departments/information-technology/professional-societies
3365,Hackfest (03.10.2023),2023-24,0.8,https://www.tce.edu/academics/departments/information-technology/professional-societies
3366,ReverseCoding (08.10.2023),2023-24,0.8,https://www.tce.edu/academics/departments/information-technology/professional-societies
3367,Design Thinking - Low Cost Model Demonstration (10.10.2023),2023-24,0.8,https://www.tce.edu/academics/departments/information-technology/professional-societies
3368,BlindCoding (11.10.2023),2023-24,0.8,https://www.tce.edu/academics/departments/information-technology/professional-societies
3369,SharkTank IT edition (12.10.2023),2023-24,0.8,https://www.tce.edu/academics/departments/information-technology/professional-societies
3370,Techtalk onRubyOnRails (23.10.2023),2023-24,0.8,https://www.tce.edu/academics/departments/information-technology/professional-societies
3371,"Assistive Technology Club Inauguration (25-26, Oct 2023)",2023-24,0.8,https://www.tce.edu/academics/departments/information-technology/professional-societies
3372,"Distinguished Speaker Program (06 – 08, Nov 2023)",2023-24,0.8,https://www.tce.edu/academics/departments/information-technology/professional-societies
3373,Guest Lecture DevOps (10.11.2023),2023-24,0.8,https://www.tce.edu/academics/departments/information-technology/professional-societies
3374,ACM Hour of Code (04.12.2023 to 09.12.2023),2023-24,0.8,https://www.tce.edu/academics/departments/information-technology/professional-societies
3375,Guest Lecture “A Practical Approach to Ethical Hacking” (08.12.2023),2023-24,0.8,https://www.tce.edu/academics/departments/information-technology/professional-societies
3376,"TechTalk on Advanced Programming Concepts Exceptions and Files (10-11,Dec 2023)",2023-24,0.8,https://www.tce.edu/academics/departments/information-technology/professional-societies
3377,"BuildClub Workshop (11-12, Dec 2023)",2023-24,0.8,https://www.tce.edu/academics/departments/information-technology/professional-societies
3378,Guest Lecture “Large Language Models” (20.12.2023),2023-24,0.8,https://www.tce.edu/academics/departments/information-technology/professional-societies
3379,Techtalk on Technology Trends (15.03.2024),2023-24,0.8,https://www.tce.edu/academics/departments/information-technology/professional-societies
3380,IoT Startathon (20.03.2024 to 03.04.2024),2023-24,0.8,https://www.tce.edu/academics/departments/information-technology/professional-societies
3381,"Data Structures and Algorithms - A Placement Preparation (21-22, Mar 2024)",2024-25,0.8,https://www.tce.edu/academics/departments/information-technology/professional-societies
3382,Tools for Application Deployment (05.04.2024),2023-24,0.8,https://www.tce.edu/academics/departments/information-technology/professional-societies
3383,Datacenter in IT Infrastructure (10.05.2024),2023-24,0.8,https://www.tce.edu/academics/departments/information-technology/professional-societies
3384,Mock Interview (06.08.2022),2022-23,0.8,https://www.tce.edu/academics/departments/information-technology/professional-societies
3385,Resume Builder event would be helpful for Pre-final year students (27.08.2022),2022-23,0.8,https://www.tce.edu/academics/departments/information-technology/professional-societies
3386,Workshop on software tools (17.09.2022),2022-23,0.8,https://www.tce.edu/academics/departments/information-technology/professional-societies
3387,"Online Coding Bootcamp - Python Programming (Sept ’21, Oct ’21)",2021-22,0.8,https://www.tce.edu/academics/departments/information-technology/professional-societies
3388,Web Design Contest (26.04.2022),2021-22,0.8,https://www.tce.edu/academics/departments/information-technology/professional-societies
3389,"Industrial webinar on Machine learning and function, Buddi. AI on13.5.2020",,0.8,https://www.tce.edu/academics/departments/information-technology/professional-societies
3390,"ACM ESP (Eminent Speaker Programme) on Privacy and Security in Online Social Mediaby DrPonnurangan Kumaraguru ,IIIT Delhi on27.7.2018",,0.8,https://www.tce.edu/academics/departments/information-technology/professional-societies
3391,ACM Annual event meet – II on30/08/2017,,0.8,https://www.tce.edu/academics/departments/information-technology/professional-societies
3392,ACM Eminent speaker programme on Ubiquitous computing on20/09/2017,,0.8,https://www.tce.edu/academics/departments/information-technology/professional-societies
3393,ACM Hour of Code on07/12/17,,0.8,https://www.tce.edu/academics/departments/information-technology/professional-societies
3394,Design and Development of Stego Intrusion Detection System(STEGOIDS) for Image Convers using Multicore Environment,,0.8,https://www.tce.edu/academics/departments/information-technology/sponsored-research
3395,Motorola Enterprise Mobility Lab,,0.8,https://www.tce.edu/academics/departments/information-technology/sponsored-research
3396,SMART AND SECURE EDIFICE - A secure monitoring system for Home & Laboratories,,0.8,https://www.tce.edu/academics/departments/information-technology/sponsored-research
3397,SMART AND SECURE e-HEALTHCARE FOR DIABETES - An Personnel Healthcare Assistantship,,0.8,https://www.tce.edu/academics/departments/information-technology/sponsored-research
3398,Smart energy Management and Analytics,,0.8,https://www.tce.edu/academics/departments/information-technology/sponsored-research
3399,Multifactor authentication for virtual private network,,0.8,https://www.tce.edu/academics/departments/information-technology/sponsored-research
3400,Virtual Reality based cognitive rehabilitation for autism children to improve their social behavior,,0.8,https://www.tce.edu/academics/departments/information-technology/sponsored-research
3401,IoT Club,,0.8,https://www.tce.edu/academics/departments/information-technology/sponsored-research
3402,Design and Development of Machine Learning Framework for Analysis of Social Media Text using Graph Network Data Modelling and NLP Techniques,,0.8,https://www.tce.edu/academics/departments/information-technology/sponsored-research
3403,AI Based Smart Eye for Visually Challenged Persons,,0.8,https://www.tce.edu/academics/departments/information-technology/sponsored-research
3404,Intelligent system for Vehicle Information Storage and Management (IS-VISM) through efficient data aggregation techniques at TCE,,0.8,https://www.tce.edu/academics/departments/information-technology/sponsored-research
3405,Emotion-Driven Drowsiness Detection System with Dynamic Music Response,,0.8,https://www.tce.edu/academics/departments/information-technology/sponsored-research
3406,Identification of medicinal plant using image processing,,0.8,https://www.tce.edu/academics/departments/information-technology/sponsored-research
3407,AI Powered stray animal deterrent and crop protection system,,0.8,https://www.tce.edu/academics/departments/information-technology/sponsored-research
3408,Elite – NPTEL Course on An Introduction to Hyperbolic Geometry,2023-24,0.8,https://www.tce.edu/academics/departments/mathematics/awards-and-recognitions
3409,Elite – NPTEL Course on Basic Calculus -1,2023-24,0.8,https://www.tce.edu/academics/departments/mathematics/awards-and-recognitions
3410,Elite – NPTEL Course on Descriptive Statistics with R software,2025-26,0.8,https://www.tce.edu/academics/departments/mathematics/awards-and-recognitions
3411,Elite – NPTEL Course on Discrete Mathematics,2024-25,0.8,https://www.tce.edu/academics/departments/mathematics/awards-and-recognitions
3412,Elite – NPTEL Course on Introduction to Abstract group theory,2025-26,0.8,https://www.tce.edu/academics/departments/mathematics/awards-and-recognitions
3413,Elite – NPTEL Course on Introduction to Lie Algebra,2024-25,0.8,https://www.tce.edu/academics/departments/mathematics/awards-and-recognitions
3414,Elite – NPTEL Course on Scientific Computing Using MATLAB,2023-24,0.8,https://www.tce.edu/academics/departments/mathematics/awards-and-recognitions
3415,Elite Gold Topper in 5% – NPTEL Course on Essentials of Data Science with R Software- 1: Probability and,2024-25,0.8,https://www.tce.edu/academics/departments/mathematics/awards-and-recognitions
3416,Elite + Silver – NPTEL Course on Basic Linear Algebra,2025-26,0.8,https://www.tce.edu/academics/departments/mathematics/awards-and-recognitions
3417,Elite + Silver – NPTEL Course on Discrete Mathematics for CS,2025-26,0.8,https://www.tce.edu/academics/departments/mathematics/awards-and-recognitions
3418,Elite + Silver – NPTEL Course on Essentials of Data Science with R Software-1: Probability and,2025-26,0.8,https://www.tce.edu/academics/departments/mathematics/awards-and-recognitions
3419,Elite + Silver – NPTEL Course on Foundations of R Software,2025-26,0.8,https://www.tce.edu/academics/departments/mathematics/awards-and-recognitions
3420,"Lieutenant – National Cadet Corps (NCC), TCE",2023-24,0.8,https://www.tce.edu/academics/departments/mathematics/awards-and-recognitions
3421,"Member – Board of Studies, Mathematics Courses, Anna University Chennai",2025-26,0.8,https://www.tce.edu/academics/departments/mathematics/awards-and-recognitions
3422,Platinum Award – National Convention on Quality Circles in Education,2024-25,0.8,https://www.tce.edu/academics/departments/mathematics/awards-and-recognitions
3423,Reviewer – Directorate of Technical Education (DOTE) for Diploma Mathematics books,2024-25,0.8,https://www.tce.edu/academics/departments/mathematics/awards-and-recognitions
3424,"Scrutiny Committee – Teachers Recruitment Board, Chennai",2024-25,0.8,https://www.tce.edu/academics/departments/mathematics/awards-and-recognitions
3425,“International Conference on Contemporary Mathematics and Innovations”,2025-26,0.8,https://www.tce.edu/academics/departments/mathematics/past-events
3426,“On the Number of Independent Sets and Edge Independent Sets in a Graph”,2025-26,0.8,https://www.tce.edu/academics/departments/mathematics/past-events
3427,Mathematical Modelling and its Applications in Biology through AI”,2024-25,0.8,https://www.tce.edu/academics/departments/mathematics/past-events
3428,Course content and Project Creation using LLM,2024-25,0.8,https://www.tce.edu/academics/departments/mathematics/past-events
3429,Fractal analysis and its applications,2023-24,0.8,https://www.tce.edu/academics/departments/mathematics/past-events
3430,Automatic Seed Sowing Robot,,0.8,https://www.tce.edu/academics/departments/mathematics/patents
3431,Device for Dynamic Graph Analysis,,0.8,https://www.tce.edu/academics/departments/mathematics/patents
3432,Snow Sweeping and Security Surveillance Robot,,0.8,https://www.tce.edu/academics/departments/mathematics/patents
3433,Image Stitching enhanced Intelligent Mobile Surveillance Robot,,0.8,https://www.tce.edu/academics/departments/mathematics/patents
3434,Deep Convolutional Neural Network Based Fish Quality Assessment System,,0.8,https://www.tce.edu/academics/departments/mathematics/patents
3435,Designing and development of variables x-bar control chart based on median run length under special purpose sampling procedures,,0.8,https://www.tce.edu/academics/departments/mathematics/sponsored-research
3436,Anna University Nominee – Anna University Nominee for Academic Council of Mount Zion College of,2025-26,0.8,https://www.tce.edu/academics/departments/mechanical-engineering/awards-recognitions
3437,"Governing council member – Governing council member for SSMIET, Dindigul for the years 2024 -26",2024-25,0.8,https://www.tce.edu/academics/departments/mechanical-engineering/awards-recognitions
3438,"NPTEL Discipline star, – SWAYAM-NPTEL",2025-26,0.8,https://www.tce.edu/academics/departments/mechanical-engineering/awards-recognitions
3439,NPTEL Domain Scholar (Data Science) – SWAYAM-NPTEL,2025-26,0.8,https://www.tce.edu/academics/departments/mechanical-engineering/awards-recognitions
3440,NPTEL Domain Scholar (Energy Systems) – SWAYAM-NPTEL,2025-26,0.8,https://www.tce.edu/academics/departments/mechanical-engineering/awards-recognitions
3441,NPTEL Domain Scholar (Product Design) – SWAYAM-NPTEL,2025-26,0.8,https://www.tce.edu/academics/departments/mechanical-engineering/awards-recognitions
3442,NPTEL Motivated learner – SWAYAM-NPTEL,2025-26,0.8,https://www.tce.edu/academics/departments/mechanical-engineering/awards-recognitions
3443,Anna University Nominee – Anna University Nominee for Board of Studies for Kongunadu College of,2025-26,0.8,https://www.tce.edu/academics/departments/mechanical-engineering/awards-recognitions
3444,"Anna University Nominee – Governing Council in SRM Madurai College for Engineering and Technology,",2025-26,0.8,https://www.tce.edu/academics/departments/mechanical-engineering/awards-recognitions
3445,NPTEL DOMAIN SCHOLARS – SWAYAM-NPTEL,2025-26,0.8,https://www.tce.edu/academics/departments/mechanical-engineering/awards-recognitions
3446,Anna University Nominee – Grievance Redressal Committee in Alagappa Chettiar Government College of,2024-25,0.8,https://www.tce.edu/academics/departments/mechanical-engineering/awards-recognitions
3447,"ATAL FDP Lecture – delivered at TSM on 21st Dec 2024 on the topic ""3D Printing and Additive",2024-25,0.8,https://www.tce.edu/academics/departments/mechanical-engineering/awards-recognitions
3448,"Board of Studies member – Department of Mechanical Engineering of Coimbatore Institute of Technology,",2024-25,0.8,https://www.tce.edu/academics/departments/mechanical-engineering/awards-recognitions
3449,"Certificate of Excellence – AAKRUTI Global 2024, Dassault Systèmes",2023-24,0.8,https://www.tce.edu/academics/departments/mechanical-engineering/awards-recognitions
3450,"FDP lecture – delivered at Swarnandhara College of Engineering and Technology, Andira Pradesh",2024-25,0.8,https://www.tce.edu/academics/departments/mechanical-engineering/awards-recognitions
3451,Recognized As NPTEL DISCIPLINE STAR – SWAYAM-NPTEL,2024-25,0.8,https://www.tce.edu/academics/departments/mechanical-engineering/awards-recognitions
3452,Recognized as NPTEL Motivated Learner – SWAYAM-NPTEL,2024-25,0.8,https://www.tce.edu/academics/departments/mechanical-engineering/awards-recognitions
3453,SWAYAM-NPTEL Domain Certificate,2023-24,0.8,https://www.tce.edu/academics/departments/mechanical-engineering/awards-recognitions
3454,Faculty Advisor – SAE Bicycle Design Team – Eureka Won Overall in 2022 and 2023 – SAE Bicycle Design Challenge National Championship,2022-23,0.8,https://www.tce.edu/academics/departments/mechanical-engineering/awards-recognitions
3455,"Acted as Primary evaluator in “Toycathon, 2021” – organized by Ministry of Education’s Innovation Cell and AICTE",2021-22,0.8,https://www.tce.edu/academics/departments/mechanical-engineering/awards-recognitions
3456,"Award for exceptional contribution as a Primary Evaluator in ""Toycathon, 2021"" – AICTE & Ministry of Education Innovation Cell",2021-22,0.8,https://www.tce.edu/academics/departments/mechanical-engineering/awards-recognitions
3457,Management Incentive – TCE,2021-22,0.8,https://www.tce.edu/academics/departments/mechanical-engineering/awards-recognitions
3458,Certified SolidWorks Associate in Mechanical Design – Dassault Systèmes,,0.8,https://www.tce.edu/academics/departments/mechanical-engineering/awards-recognitions
3459,Completed online Specialization course on “Six Sigma Yellow Belt” – authorized by University System of Georgia and offered through Coursera,,0.8,https://www.tce.edu/academics/departments/mechanical-engineering/awards-recognitions
3460,"Completed online Specialization course on “Supply Chain Management” – authorized by Rutgers Business School, Rutgers University and offered through",,0.8,https://www.tce.edu/academics/departments/mechanical-engineering/awards-recognitions
3461,Letter of Appreciation for contribution to the success of Summer Research Training Program 2020 Online – CSIR NEIST,,0.8,https://www.tce.edu/academics/departments/mechanical-engineering/awards-recognitions
3462,"QImpro Certified Qualitist- a Mark of Excellence among quality professionals - Level 2 Award – Qimpro Consultants Pvt Limited, Mumbai",,0.8,https://www.tce.edu/academics/departments/mechanical-engineering/awards-recognitions
3463,Top Performing Mentor - Certificate of Appreciation - Engineering Metrology – NPTEL Swayam,,0.8,https://www.tce.edu/academics/departments/mechanical-engineering/awards-recognitions
3464,Best Researcher in Nanofluids 2019 – Research Ratna International Award,,0.8,https://www.tce.edu/academics/departments/mechanical-engineering/awards-recognitions
3465,IUCEE Leadership Award in Community PBL,,0.8,https://www.tce.edu/academics/departments/mechanical-engineering/awards-recognitions
3466,"Received Gold Medal Certificate for Online International MOOC Course on ""Creating Open Source Cloud based Gnomio MOODLE of your Own Subject for OBE"", – ISTE Under the Change Project of UK-India Education and Research",,0.8,https://www.tce.edu/academics/departments/mechanical-engineering/awards-recognitions
3467,"Received letter of Appreciation from Centre for Distance Engineering Education Programme (C-DEEP), IIT Bombay – for acted as ""Discussion Forum Moderator"" in the successful completion of AICTE",,0.8,https://www.tce.edu/academics/departments/mechanical-engineering/awards-recognitions
3468,Top Performing Mentor - Certificate of Appreciation - Introduction to Machining and Machining Fluids – NPTEL Swayam,,0.8,https://www.tce.edu/academics/departments/mechanical-engineering/awards-recognitions
3469,Assessment of Jasmine Supply Chain Centered Upon Nilakotai Market,2021-22,0.8,https://www.tce.edu/academics/departments/mechanical-engineering/awards-recognitions
3470,Minimization of transportation cost in Dairy Industry,,0.8,https://www.tce.edu/academics/departments/mechanical-engineering/awards-recognitions
3471,Minimize the Material Handling Time of Agricultural Finished Goods,,0.8,https://www.tce.edu/academics/departments/mechanical-engineering/awards-recognitions
3472,"MoU with M/s ROOTS INDUSTRIES INDIA LTD., COIMBATORE",2022-23,0.8,https://www.tce.edu/academics/departments/mechanical-engineering/mou
3473,"MoU with M/s WHEELS INDIA LTD,CHENNAI",2023-24,0.8,https://www.tce.edu/academics/departments/mechanical-engineering/mou
3474,"MoU with M/s CENTRAL INSTITUTE OF PETROCHEMICALS ENGINEERING & TECHNOLOGY (CIPET), MADURAI",2024-25,0.8,https://www.tce.edu/academics/departments/mechanical-engineering/mou
3475,Solar Assembly and Method of Regulating Water Temperature in Solar Assembly,2024-25,0.8,https://www.tce.edu/academics/departments/mechanical-engineering/patents
3476,Revolutionizing Street Vendors Cart With Enhanced Storage Solution,2025-26,0.8,https://www.tce.edu/academics/departments/mechanical-engineering/patents
3477,Width Adjustable Handlebar For Bicycle,2024-25,0.8,https://www.tce.edu/academics/departments/mechanical-engineering/patents
3478,Adjustable mini drafter,2023-24,0.8,https://www.tce.edu/academics/departments/mechanical-engineering/patents
3479,Keyless Angular hand grinding machine,2023-24,0.8,https://www.tce.edu/academics/departments/mechanical-engineering/patents
3480,Snow Sweeping and Surveillance robot,2023-24,0.8,https://www.tce.edu/academics/departments/mechanical-engineering/patents
3481,Cargo Electric bicycle,2022-23,0.8,https://www.tce.edu/academics/departments/mechanical-engineering/patents
3482,Medical Surgical Robot System,2023-24,0.8,https://www.tce.edu/academics/departments/mechanical-engineering/patents
3483,Hysterisis Loop Framed Electric Bicycle,2023-24,0.8,https://www.tce.edu/academics/departments/mechanical-engineering/patents
3484,AGRICULTURE MACHINE,2022-23,0.8,https://www.tce.edu/academics/departments/mechanical-engineering/patents
3485,Electric bicycle,2021-22,0.8,https://www.tce.edu/academics/departments/mechanical-engineering/patents
3486,Development of process models for quantization of process parameters to achieve desired performance characteristics in wire edm process,,0.8,https://www.tce.edu/academics/departments/mechanical-engineering/sponsored-research
3487,"Rs.9,00,000",,0.8,https://www.tce.edu/academics/departments/mechanical-engineering/sponsored-research
3488,Retrofit / Upgradation of HMT NH22 lathe into CNC,,0.8,https://www.tce.edu/academics/departments/mechanical-engineering/sponsored-research
3489,3 lakhs,,0.8,https://www.tce.edu/academics/departments/mechanical-engineering/sponsored-research
3490,5 lakhs,,0.8,https://www.tce.edu/academics/departments/mechanical-engineering/sponsored-research
3491,2.45 lakhs,,0.8,https://www.tce.edu/academics/departments/mechanical-engineering/sponsored-research
3492,"Rs.7,62,000.00",,0.8,https://www.tce.edu/academics/departments/mechanical-engineering/sponsored-research
3493,"IST-2019- Level-0, SR/FST/COLLEGE-/2019/519 (2019 -2024)",,0.8,https://www.tce.edu/academics/departments/mechanical-engineering/sponsored-research
3494,18.05 Lakhs,,0.8,https://www.tce.edu/academics/departments/mechanical-engineering/sponsored-research
3495,15.72 Lakhs,,0.8,https://www.tce.edu/academics/departments/mechanical-engineering/sponsored-research
3496,"Rs.5,000",,0.8,https://www.tce.edu/academics/departments/mechanical-engineering/sponsored-research
3497,10 Lakhs,,0.8,https://www.tce.edu/academics/departments/mechanical-engineering/sponsored-research
3498,3.5 Lakhs,,0.8,https://www.tce.edu/academics/departments/mechanical-engineering/sponsored-research
3499,Development of a software for obtaining CAD data from image drawings,,0.8,https://www.tce.edu/academics/departments/mechanical-engineering/sponsored-research
3500,"Rs.25,00,000",,0.8,https://www.tce.edu/academics/departments/mechanical-engineering/sponsored-research
3501,Experimental investigation on cold storage room operated by Solar Energy and Heat pipe technology,,0.8,https://www.tce.edu/academics/departments/mechanical-engineering/sponsored-research
3503,Non Destructive Testing (NDT) of Composite Materials using texture and morphology based Scanned Electron Microscope (SEM) image Analysis,2021-22,0.8,https://www.tce.edu/academics/departments/mechanical-engineering/sponsored-research
3504,Certified Enterpreneurship Educator – Waadhwani NeN,2025-26,0.8,https://www.tce.edu/academics/departments/mechatronics/awards-recognitions
3505,Community Innovator Fellowship – AIM - Atal Innovation Mission & ACIC Kalasalingam Innovation Foundation,2025-26,0.8,https://www.tce.edu/academics/departments/mechatronics/awards-recognitions
3506,INAE CEEE – Infosys,2025-26,0.8,https://www.tce.edu/academics/departments/mechatronics/awards-recognitions
3507,Young Scientist Fellowship – Tamil Nadu State Council for Science and Technology,2025-26,0.8,https://www.tce.edu/academics/departments/mechatronics/awards-recognitions
3508,Best Innovative Teaching Practices – TCE - Faculty conclave,2023-24,0.8,https://www.tce.edu/academics/departments/mechatronics/awards-recognitions
3509,Best Paper Award – ICSIMMA,2023-24,0.8,https://www.tce.edu/academics/departments/mechatronics/awards-recognitions
3510,First Price - Mentor – ISHRAE National Level HVACR Hackathon,2023-24,0.8,https://www.tce.edu/academics/departments/mechatronics/awards-recognitions
3511,Honorary Membership – IUCEE,2023-24,0.8,https://www.tce.edu/academics/departments/mechatronics/awards-recognitions
3512,Ing.paed.IGIP – IUCEE,2024-25,0.8,https://www.tce.edu/academics/departments/mechatronics/awards-recognitions
3513,Mentor - Finalist with cash prize of 2.5 lakh – Gujarat ROBOFEST 4.0,2023-24,0.8,https://www.tce.edu/academics/departments/mechatronics/awards-recognitions
3514,"Mentor - Naan Mudhalvan - Winner with cash prize of 1 Lakh – Niral Thiruvizha, Tamil Nadu",2023-24,0.8,https://www.tce.edu/academics/departments/mechatronics/awards-recognitions
3515,"1st prize in English Spell Bee organized by English Department, TCE",2023-24,0.8,https://www.tce.edu/academics/departments/mechatronics/awards-recognitions
3516,"1st prize in Math Paper Presentation Contest organized by Maths Department, TCE",2023-24,0.8,https://www.tce.edu/academics/departments/mechatronics/awards-recognitions
3517,All India Rank 1 (AIR1) MEGA ATV Championship 2025,2024-25,0.8,https://www.tce.edu/academics/departments/mechatronics/awards-recognitions
3518,All India Rank 3 (AIR3) MEGA EBIKE Championship 2025,2024-25,0.8,https://www.tce.edu/academics/departments/mechatronics/awards-recognitions
3519,Won 1st prize in Brand burst event in Entrepreneurship Development Cell at TCE,2024-25,0.8,https://www.tce.edu/academics/departments/mechatronics/awards-recognitions
3520,Won 2 nd prize in Mystic Circuits event in IOT Club at TCE,2024-25,0.8,https://www.tce.edu/academics/departments/mechatronics/awards-recognitions
3521,Won MSME Hackathon 4.0 and got 9 lakhs rupees as govt. fund to develop the project,2024-25,0.8,https://www.tce.edu/academics/departments/mechatronics/awards-recognitions
3522,Won 2 nd Runner up in MY IDEA MY INDIA competition conducted by Madurai productivity council at Velammal College of Engineering,2023-24,0.8,https://www.tce.edu/academics/departments/mechatronics/awards-recognitions
3523,MoU with Madurai Airport Authority – Welding NDT testing,2024-25,0.8,https://www.tce.edu/academics/departments/mechatronics/industry-interface
3524,"MoU with alfaTKG, Japan – Face ID recognition",2024-25,0.8,https://www.tce.edu/academics/departments/mechatronics/industry-interface
3525,"MoU with alfaTKG, Japan – AI - based Activity Detection",2024-25,0.8,https://www.tce.edu/academics/departments/mechatronics/industry-interface
3526,"MoU with alfaTKG, Japan – TCE-AlfaTKG Skill centre 2D - 3D drawing conversion",2024-25,0.8,https://www.tce.edu/academics/departments/mechatronics/industry-interface
3527,MoU with TVS Sensing Solutions – Solenoid Valve testing,2023-24,0.8,https://www.tce.edu/academics/departments/mechatronics/industry-interface
3528,MoU with CSI Dental College – Bite force measurement and Forceps Measurement,2023-24,0.8,https://www.tce.edu/academics/departments/mechatronics/industry-interface
3529,MoU with TVS Sensing Solutions – Design of DC DC charger for two wheelers,2023-24,0.8,https://www.tce.edu/academics/departments/mechatronics/industry-interface
3530,"MoU with Naan Mudhalvan, Tnsdc – Design of Electrical Charging station design",2023-24,0.8,https://www.tce.edu/academics/departments/mechatronics/industry-interface
3531,"MoU with Ctrl + P Private Limited, Madurai",2025-26,0.8,https://www.tce.edu/academics/departments/mechatronics/mou
3532,"MoU with B & R Industrial Automation Private Limited (ABB Group), Pune",2024-25,0.8,https://www.tce.edu/academics/departments/mechatronics/mou
3533,"MoU with Garuda Aerospace, Chennai",2024-25,0.8,https://www.tce.edu/academics/departments/mechatronics/mou
3534,"MoU with Honeywell, Madurai",2022-23,0.8,https://www.tce.edu/academics/departments/mechatronics/mou
3535,"MoU with Sundaram Fasteners, Madurai",2024-25,0.8,https://www.tce.edu/academics/departments/mechatronics/mou
3536,"MoU with Taylor’s University, Malaysia",2021-22,0.8,https://www.tce.edu/academics/departments/mechatronics/mou
3537,"K12 Activity for school students by ISHRAE, Madurai Chapter",2024-25,0.8,https://www.tce.edu/academics/departments/mechatronics/outreach-activities
3538,System and Method for board cleaning,2024-25,0.8,https://www.tce.edu/academics/departments/mechatronics/patent
3539,System and Method For Real-Time Twin Simulation,2024-25,0.8,https://www.tce.edu/academics/departments/mechatronics/patent
3540,Device And Method For Adjusting Height Of Electrical/ Electronic Units,2024-25,0.8,https://www.tce.edu/academics/departments/mechatronics/patent
3541,"Novel Design and Development of CNC Plotter, Cutter and Engraver",2023-24,0.8,https://www.tce.edu/academics/departments/mechatronics/patent
3542,Hysteresis Loop Framed Electric Bicycle,2023-24,0.8,https://www.tce.edu/academics/departments/mechatronics/patent
3543,Development of Hexapod Robot,2024-25,0.8,https://www.tce.edu/academics/departments/mechatronics/sponsored-research
3544,Development of smart cloth using CNT,2023-24,0.8,https://www.tce.edu/academics/departments/mechatronics/sponsored-research
3545,"Board of Studies, Anna University Nominee",,0.8,https://www.tce.edu/academics/departments/physics/achievements
3546,"Chairman Member, Governing Council, – Magnetics Society of India",,0.8,https://www.tce.edu/academics/departments/physics/achievements
3547,"Expert Member, TN Govt School New Curriculum – TN State Govt",,0.8,https://www.tce.edu/academics/departments/physics/achievements
3548,"Fellow of Academy of Sciences – Tamilnadu Science Academy, Chennai",,0.8,https://www.tce.edu/academics/departments/physics/achievements
3549,Journal Reviewer – Elsevier Journals,2024-25,0.8,https://www.tce.edu/academics/departments/physics/achievements
3550,"Journal Reviewer – JMCS, RSC, ACS, SNA:B",2024-25,0.8,https://www.tce.edu/academics/departments/physics/achievements
3551,Journal Reviewer – Journal of Mechanical Engineering Science,2025-26,0.8,https://www.tce.edu/academics/departments/physics/achievements
3552,Journal Reviewer – Materials Letters,2024-25,0.8,https://www.tce.edu/academics/departments/physics/achievements
3553,Journal Reviewer – SCI and SCOPUS Journals,2025-26,0.8,https://www.tce.edu/academics/departments/physics/achievements
3554,"Member of Engineering, AICTE Committee",,0.8,https://www.tce.edu/academics/departments/physics/achievements
3555,Member of National Advisory Committee – Magnetic Society of India,,0.8,https://www.tce.edu/academics/departments/physics/achievements
3556,"Mentor for INSPIRE Fellowship – DST, New Delhi",,0.8,https://www.tce.edu/academics/departments/physics/achievements
3557,"Mentor for Senior Research Fellowship – CSIR, New Delhi",,0.8,https://www.tce.edu/academics/departments/physics/achievements
3558,"Mentor for Women Scientist Award (WOS-A) – DST-SERB, New Delhi",,0.8,https://www.tce.edu/academics/departments/physics/achievements
3559,"National Young Scientist,Fellowship – Department of Science & Technology",,0.8,https://www.tce.edu/academics/departments/physics/achievements
3560,Outstanding Reviewer Award – Elsevier,,0.8,https://www.tce.edu/academics/departments/physics/achievements
3561,"Subject Expert: Evaluation of Contributory Papers, BARC DAE-SSPS, Mumbai",,0.8,https://www.tce.edu/academics/departments/physics/achievements
3562,Technical Reviewer – SCI and SCOPUS Journals,,0.8,https://www.tce.edu/academics/departments/physics/achievements
3563,TEQIP Video Lectures: www.youtube.com – TN State Govt. DTE,,0.8,https://www.tce.edu/academics/departments/physics/achievements
3564,"UGC Research Award – UGC, New Delhi",,0.8,https://www.tce.edu/academics/departments/physics/achievements
3565,"Young Achiever Award Paper – BARC DAE-SSPS, Mumbai",,0.8,https://www.tce.edu/academics/departments/physics/achievements
3566,"Faculty Development Program (FDP) on ""A Continuous Inclusive Journey Towards Success""",2023-24,0.8,https://www.tce.edu/academics/departments/physics/outreach-activities
3567,One-Day National Symposium in celebration of National Science Day,2024-25,0.8,https://www.tce.edu/academics/departments/physics/outreach-activities
3568,Enhanced Photoelectrocatalysis of Anodes in Alkaline Electrolyzers Via Ion Beam Irradiation for Green Hydrogen Production,,0.8,https://www.tce.edu/academics/departments/physics/sponsored-research
3569,"Characterization, Optimization And Fabrication Of Ferromagnetic Shape Memory Alloys",,0.8,https://www.tce.edu/academics/departments/physics/sponsored-research
3570,Acoustic Attenuation in FSMA Composites,,0.8,https://www.tce.edu/academics/departments/physics/sponsored-research
3571,Nanostructured Ferromagnetic Shape Memory Alloy,,0.8,https://www.tce.edu/academics/departments/physics/sponsored-research
3572,Design of Magnetic Shape Memory Alloy Actuator,,0.8,https://www.tce.edu/academics/departments/physics/sponsored-research
3573,Electronic properties of quantum dot structures,,0.8,https://www.tce.edu/academics/departments/physics/sponsored-research
3574,Acoustic assisted magnetic field induced Ni-Mn-Ga,,0.8,https://www.tce.edu/academics/departments/physics/sponsored-research
3575,Characterization of Ni-Mn-Ga Single Crystals,,0.8,https://www.tce.edu/academics/departments/physics/sponsored-research
3576,Magnetic and Structural Properties of Co and Fe Substituted NiMnSb Alloys,,0.8,https://www.tce.edu/academics/departments/physics/sponsored-research
3577,Ferromagnetic Shape Memory Alloy Thin Film,,0.8,https://www.tce.edu/academics/departments/physics/sponsored-research
3578,FSMA Polymer Composites,,0.8,https://www.tce.edu/academics/departments/physics/sponsored-research
3579,Ferromagnetic Shape Memory Alloy Foams,,0.8,https://www.tce.edu/academics/departments/physics/sponsored-research
3580,Investigation on the Thermo-Mechanical Properties of Sol-gel synthesized Cerium Zinc Aluminate for Thermal Barrier Application,,0.8,https://www.tce.edu/academics/departments/physics/sponsored-research
3581,Development of Thin film Micro Batteries,,0.8,https://www.tce.edu/academics/departments/physics/sponsored-research
3582,Best paper award 2021 Think space International Conference- Taylor's University,2021-22,0.8,https://www.tce.edu/academics/departments/architecture/achievements
3583,Best presenter award 2021 Think space International Conference- Taylor's University,2021-22,0.8,https://www.tce.edu/academics/departments/architecture/achievements
3584,"3rd place – Global Shloka Recitation Competition 2023, Prajna School of Fine Arts, Periyakulam",2023-24,0.8,https://www.tce.edu/academics/departments/architecture/achievements
3585,"2nd place – Global Shloka Recitation Competition 2023, Prajna School of Fine Arts, Periyakulam",2023-24,0.8,https://www.tce.edu/academics/departments/architecture/achievements
3586,"1st place – Basketball Zonal Tournament 2023-24 at Velammal college of Engineering, Anna University Sports Board, Zonals",2023-24,0.8,https://www.tce.edu/academics/departments/architecture/achievements
3587,"2nd Place – ""CARVE OFF"" Archcult'23, National Institute of Technology, Trichy",2023-24,0.8,https://www.tce.edu/academics/departments/architecture/achievements
3588,"1st place – 11th Tamilnadu State Roll ball Championship, Roll Ball Federation of India, Ministry of Youth Affairs and Sports, Govt of India",2023-24,0.8,https://www.tce.edu/academics/departments/architecture/achievements
3589,1st place – Design competition cum workshop on ' Designing a night canteen in MANIT using Eco friendly materials',2023-24,0.8,https://www.tce.edu/academics/departments/architecture/achievements
3590,"1st place – Speech Competition - A personal commitment to Nuture Environment, TCE EIACP PC-RP",2023-24,0.8,https://www.tce.edu/academics/departments/architecture/achievements
3591,"1st place – Athletics (Woman) - Triple Jump Zonal Tournament 2023-24 at Alagappa Chettiar Govt College, Anna University Sports Board, Zonals",2023-24,0.8,https://www.tce.edu/academics/departments/architecture/achievements
3592,"1st place – Athletics (Woman) - Heptathalon Zonal Tournament 2023-24 at Alagappa Chettiar Govt College, Anna University Sports Board, Zonals",2023-24,0.8,https://www.tce.edu/academics/departments/architecture/achievements
3593,"1st place – Athletics (Woman) - 4 x 100 mts relay Zonal Tournament 2023-24 at Alagappa Chettiar Govt College, Anna University Sports Board, Zonals",2023-24,0.8,https://www.tce.edu/academics/departments/architecture/achievements
3594,"2nd place – Athletics (Men) - Triple Jump Zonal Tournament 2023-24 at Alagappa Chettiar Govt College, Anna University Sports Board, Zonals",2023-24,0.8,https://www.tce.edu/academics/departments/architecture/achievements
3595,"3rd Place – Athletics (Men) - Javeline Throw Zonal Tournament 2023-24 at Alagappa Chettiar Govt College, Anna University Sports Board, Zonals",2023-24,0.8,https://www.tce.edu/academics/departments/architecture/achievements
3596,"3rd Place – Athletics (Men) - 5000 mts Zonal Tournament 2023-24 at Alagappa Chettiar Govt College, Anna University Sports Board, Zonals",2023-24,0.8,https://www.tce.edu/academics/departments/architecture/achievements
3597,"3rd Place – Athletics (Men) - 4 x 400 mts relay Zonal Tournament 2023-24 at Alagappa Chettiar Govt College, Anna University Sports Board, Zonals",2023-24,0.8,https://www.tce.edu/academics/departments/architecture/achievements
3598,"3rd Place – Athletics (Men) - 10000 mts relay Zonal Tournament 2023-24 at Alagappa Chettiar Govt College, Anna University Sports Board, Zonals",2023-24,0.8,https://www.tce.edu/academics/departments/architecture/achievements
3599,"2nd Place – Athletics (Woman) - Triple Jump Zonal Tournament 2023-24 at Alagappa Chettiar Govt College, Anna University Sports Board, Zonals",2023-24,0.8,https://www.tce.edu/academics/departments/architecture/achievements
3600,"3rd Place – Athletics (Woman) - Heptathalon Zonal Tournament 2023-24 at Alagappa Chettiar Govt College, Anna University Sports Board, Zonals",2023-24,0.8,https://www.tce.edu/academics/departments/architecture/achievements
3601,"2nd Place – Sparkz 2024, National Level Cultural Fest, Kalasalingam Academy of Research and Education",2024-25,0.8,https://www.tce.edu/academics/departments/architecture/achievements
3602,"1st place – Basketball (Women) Zonal Tournament 2024-25 at Mangayarkarasi College of Engineering, Anna University Sports Board, Zonals",2024-25,0.8,https://www.tce.edu/academics/departments/architecture/achievements
3603,"1st place – Table Tennis (Men) Zonal Tournament 2024-25 at KLN College of Engineering, Anna University Sports Board, Zonals",2024-25,0.8,https://www.tce.edu/academics/departments/architecture/achievements
3604,"3rd Place – Football (Men) Zonal Tournament 2024-25 at KLN College of Engineering, Anna University Sports Board, Zonals",2024-25,0.8,https://www.tce.edu/academics/departments/architecture/achievements
3605,Best Paper Award – IConIC 2K25,2025-26,0.8,https://www.tce.edu/academics/departments/artificial-intelligence/achievements
3606,Finalist – Code feast,2025-26,0.8,https://www.tce.edu/academics/departments/artificial-intelligence/achievements
3607,Doctorate of Letter Award,2022-23,0.8,https://www.tce.edu/academics/departments/chemistry/achievements
3608,Best NSS Program Officer,2024-25,0.8,https://www.tce.edu/academics/departments/chemistry/achievements
3609,(i)Won 2 medals (1 Gold and 1 Bronze) at the State Rifle Shooting Championship. (ii) Represented TCE at the Inter-Zone Shooting Championship held in Coimbatore and secur…,2025-26,0.8,https://www.tce.edu/academics/departments/civil-engineering/achievements
3610,"(i) Third Place - Model Mania, Build Our Bharat 2047, Chennai Institute of Technology (CIT). (ii)Second Place - Brain Byte, Build Our Bharat 2047, Chennai Institute of T…",2025-26,0.8,https://www.tce.edu/academics/departments/civil-engineering/achievements
3611,Finalist of BIM Contest conducted by L&T Edutech in collaboration with Autodesk.,2025-26,0.8,https://www.tce.edu/academics/departments/civil-engineering/achievements
3612,"Cash Prize (Rs.50,000) – SmartIndia Hackathon",2023-24,0.8,https://www.tce.edu/academics/departments/civil-engineering/achievements
3613,Third position – IASF Student project Exhibition,2023-24,0.8,https://www.tce.edu/academics/departments/civil-engineering/achievements
3614,Finalist – PALS INNOWAH- IITM,2023-24,0.8,https://www.tce.edu/academics/departments/civil-engineering/achievements
3615,Cash prize– Rs.5000 – MOMENT’24- NIT,2023-24,0.8,https://www.tce.edu/academics/departments/civil-engineering/achievements
3616,Cash prize– Rs.4000 – MOMENT’24- NIT,2023-24,0.8,https://www.tce.edu/academics/departments/civil-engineering/achievements
3617,Cash prize– Rs.3000 – MOMENT’24- NIT,2023-24,0.8,https://www.tce.edu/academics/departments/civil-engineering/achievements
3618,1st place – MOMENT’24- NIT- paper presentation,2023-24,0.8,https://www.tce.edu/academics/departments/civil-engineering/achievements
3619,Cash prize – Rs.1500 – National Level Program,2022-23,0.8,https://www.tce.edu/academics/departments/civil-engineering/achievements
3620,Cash prize Rs.6000 – PALS innoWAH!- 2021-22- project presentation,2021-22,0.8,https://www.tce.edu/academics/departments/civil-engineering/achievements
3621,2nd Prize – ZIPLINKO's PPT Presentation - S.N. College,2024-25,0.8,https://www.tce.edu/academics/departments/computer-applications/achievements
3622,3rd Prize – NIT Version25 - CodeReboot,2024-25,0.8,https://www.tce.edu/academics/departments/computer-applications/achievements
3623,1st Prize – TCE coders Club - Apti-Quest,2024-25,0.8,https://www.tce.edu/academics/departments/computer-applications/achievements
3624,1st Prize – SIZZLERS - Debugging - Fatima College,2024-25,0.8,https://www.tce.edu/academics/departments/computer-applications/achievements
3625,1st Prize – ZIPLINKO' - ShortFlim - S.N. College,2024-25,0.8,https://www.tce.edu/academics/departments/computer-applications/achievements
3626,1st Prize – TCE Visual Arts Club - ShortFlim,2024-25,0.8,https://www.tce.edu/academics/departments/computer-applications/achievements
3627,1st Prize – TCE Visual Arts Club - Copy Right,2024-25,0.8,https://www.tce.edu/academics/departments/computer-applications/achievements
3628,1st Prize – TCE Visual Arts Club - Frames & Fames,2024-25,0.8,https://www.tce.edu/academics/departments/computer-applications/achievements
3629,Best Scriptwriter – TCE Visual Arts Club - Take Okay,2024-25,0.8,https://www.tce.edu/academics/departments/computer-applications/achievements
3630,1st Prize – SIZZLERS - DEBUGGING - TECHNICAL- Fatima College,2024-25,0.8,https://www.tce.edu/academics/departments/computer-applications/achievements
3631,3rd Prize – NIT Version25 - ShadowLands,2024-25,0.8,https://www.tce.edu/academics/departments/computer-applications/achievements
3632,1st Prize – Sizzlers 2k24 -Quiz-Fatima College,2024-25,0.8,https://www.tce.edu/academics/departments/computer-applications/achievements
3633,1st prize – ZIPLINKO's Quiz-SN College,2024-25,0.8,https://www.tce.edu/academics/departments/computer-applications/achievements
3634,1st Prize – Sizzlers 2k24 - Non Technical Event - Fatima College,2024-25,0.8,https://www.tce.edu/academics/departments/computer-applications/achievements
3635,2nd prize – women's empowerment cell-Reel content,2024-25,0.8,https://www.tce.edu/academics/departments/computer-applications/achievements
3636,1st Price – TCE Visual Arts Club - Frames & Fames,2024-25,0.8,https://www.tce.edu/academics/departments/computer-applications/achievements
3637,Young Achiever Award – Institute of Researchers,2024-25,0.8,https://www.tce.edu/academics/departments/computer-science-and-business-system/awards-recognitions
3638,Best Paper Award – 2nd International Conference on Contemporary Challenges in Science and its Engineering Applications (IC3SEA 2024),2024-25,0.8,https://www.tce.edu/academics/departments/computer-science-and-business-system/awards-recognitions
3639,Best Paper Award – 2nd International Conference on Contemporary Challenges in Science and its Engineering Applications (IC3SEA 2024) held in Coimbatore.,2023-24,0.8,https://www.tce.edu/academics/departments/computer-science-and-business-system/awards-recognitions
3640,"FAER Scholar Award: 2024-2025 - III Prize (Rs. 50,000)",2024-25,0.8,https://www.tce.edu/academics/departments/computer-science-and-business-system/awards-recognitions
3641,IIT Madras Product Construct (E Summit) - Finalist,2025-26,0.8,https://www.tce.edu/academics/departments/computer-science-and-business-system/awards-recognitions
3642,Demo Day - Winner - IV (UAV Path Planning),2025-26,0.8,https://www.tce.edu/academics/departments/computer-science-and-business-system/awards-recognitions
3643,"GSTN Analytics Hackathon, by GST Network In Collab with Digital India,Data.Gov.in & NIC – Finalist (Round 1) among the top 17 teams, secured a cash award of ₹25,000.",2024-25,0.8,https://www.tce.edu/academics/departments/computer-science-and-business-system/awards-recognitions
3644,Finalist – IEEE CIS Summer School,2023-24,0.8,https://www.tce.edu/academics/departments/computer-science-and-business-system/awards-recognitions
3645,2nd Prize – T-Mills and TCE - E-Cell,2024-25,0.8,https://www.tce.edu/academics/departments/computer-science-and-business-system/awards-recognitions
3646,"Finalist – Competitions byEvent name : Niral Thiruvizha 2.0 | Organiser : Naan Mudhalvan, TamilNadu Government",2024-25,0.8,https://www.tce.edu/academics/departments/computer-science-and-business-system/awards-recognitions
3647,TN State 5th – State 5th Sports bySigaram women's chess club,2024-25,0.8,https://www.tce.edu/academics/departments/computer-science-and-business-system/awards-recognitions
3648,"3rd Prize – IdeaFlow Hackathon, IEEE Computational Intelligence Socitey",2024-25,0.8,https://www.tce.edu/academics/departments/computer-science-and-business-system/awards-recognitions
3649,Best Paper Award – Faculty Conclave,2025-26,0.8,https://www.tce.edu/academics/departments/computer-science-engineering/achievements
3650,"Best paper award – ICTIEE 2024 held at KLE Technological University, Hubballi in association with Indo Universal Collaboration for Engineering Education (IUCEE)",2024-25,0.8,https://www.tce.edu/academics/departments/computer-science-engineering/achievements
3651,Winner – Hackrax’26,2025-26,0.8,https://www.tce.edu/academics/departments/computer-science-engineering/achievements
3652,Winner – Quantumurd Hackathon,2025-26,0.8,https://www.tce.edu/academics/departments/computer-science-engineering/achievements
3653,Winner – HPE Think-A-Thon,2025-26,0.8,https://www.tce.edu/academics/departments/computer-science-engineering/achievements
3654,2nd place – 5S Slogan contest second place,2025-26,0.8,https://www.tce.edu/academics/departments/computer-science-engineering/achievements
3655,3rd place – TT Alumni Meet Tournament,2025-26,0.8,https://www.tce.edu/academics/departments/computer-science-engineering/achievements
3656,2nd Place – 4*100m relay,2025-26,0.8,https://www.tce.edu/academics/departments/computer-science-engineering/achievements
3657,3rd Place – CM Trophy(Chess),2025-26,0.8,https://www.tce.edu/academics/departments/computer-science-engineering/achievements
3658,1st Place – Table tennis Anna University zonal tournament,2024-25,0.8,https://www.tce.edu/academics/departments/computer-science-engineering/achievements
3659,IUCEE Honorary member 2026,2025-26,0.8,https://www.tce.edu/academics/departments/data-science/achievements
3660,Best Paper award in ICTIEE 2026,2025-26,0.8,https://www.tce.edu/academics/departments/data-science/achievements
3661,Effective Teaching and Learning Centre Award 2026 - IUCEE,2025-26,0.8,https://www.tce.edu/academics/departments/data-science/achievements
3662,Best Paper Award for Technology Enhanced Learning ICTIEE 2024,2024-25,0.8,https://www.tce.edu/academics/departments/data-science/achievements
3663,Best Paper Award for Faculty Conclave 2024,2024-25,0.8,https://www.tce.edu/academics/departments/data-science/achievements
3664,"Position Secured – Sports (Zonal Tournament, event illegible) – Anna University Sports Board",2025-26,0.8,https://www.tce.edu/academics/departments/data-science/achievements
3665,Winner – Hackathon (LangAIthon Event) – TCE-IT ACM Student Chapter & TCE MuthirAI Team,2025-26,0.8,https://www.tce.edu/academics/departments/data-science/achievements
3666,"Winner – Hackathon (HackXelerate '25), Team X86 – KPR Institute of Engineering and Technology, Coimbatore",2025-26,0.8,https://www.tce.edu/academics/departments/data-science/achievements
3667,"Third Prize – Hackathon – Kriti Labs, Chennai",2023-24,0.8,https://www.tce.edu/academics/departments/data-science/achievements
3668,Winner – RJ Hunt (Cultural) – Thiagarajar School of Management,2023-24,0.8,https://www.tce.edu/academics/departments/data-science/achievements
3669,First – Photography (Cultural) – NIT Trichy,2023-24,0.8,https://www.tce.edu/academics/departments/data-science/achievements
3670,"First – Dance (Cultural) – Radio City College Galatta, TCE",2023-24,0.8,https://www.tce.edu/academics/departments/data-science/achievements
3671,"First – Singing (Cultural) – Radio City College Galatta, TCE",2023-24,0.8,https://www.tce.edu/academics/departments/data-science/achievements
3672,Winner – Handball (Sports) – TCE,2023-24,0.8,https://www.tce.edu/academics/departments/data-science/achievements
3673,Winner – Group Dance (Choreoclash) – IIT Palakkad,2023-24,0.8,https://www.tce.edu/academics/departments/data-science/achievements
3674,Winner – Euphora (Cultural) – Thiagarajar School of Management,2023-24,0.8,https://www.tce.edu/academics/departments/data-science/achievements
3675,Winner – Hackathon (Data Vista) – Thiagarajar School of Management,2023-24,0.8,https://www.tce.edu/academics/departments/data-science/achievements
3676,"Third Prize – Hackathon – Madurai Hackathon, Solamalai College of Engineering",2022-23,0.8,https://www.tce.edu/academics/departments/data-science/achievements
3677,"First prize – Paper Presentation, Sona College of Engineering, Salem",2024-25,0.8,https://www.tce.edu/academics/departments/electrical-and-electronics-engineering/awards-recognitions
3678,First prize – Paper Presentation at Sethu Institute of Technolgy,2022-23,0.8,https://www.tce.edu/academics/departments/electrical-and-electronics-engineering/awards-recognitions
3679,"First – EDISON 2023, Sona College of Engineering",2022-23,0.8,https://www.tce.edu/academics/departments/electrical-and-electronics-engineering/awards-recognitions
3680,"Best NSS Volunteer – University level NSS, Anna University",2021-22,0.8,https://www.tce.edu/academics/departments/electrical-and-electronics-engineering/awards-recognitions
3681,"1st Prize – National Symposium at Dhirajlal, Gandhi College of Engineering",2021-22,0.8,https://www.tce.edu/academics/departments/electrical-and-electronics-engineering/awards-recognitions
3682,2nd Prize – National Symposium at PA College of Engineering,2021-22,0.8,https://www.tce.edu/academics/departments/electrical-and-electronics-engineering/awards-recognitions
3683,2nd Prize – Circuit debugging National Symposium at Narsu – Sarathy institute of technology,2021-22,0.8,https://www.tce.edu/academics/departments/electrical-and-electronics-engineering/awards-recognitions
3684,2nd Prize – Tech Quiz National Symposium at Narsu – Sarathy institute of technology,2021-22,0.8,https://www.tce.edu/academics/departments/electrical-and-electronics-engineering/awards-recognitions
3685,2nd Prize – National Symposium at Mahendra college of Engineering,2021-22,0.8,https://www.tce.edu/academics/departments/electrical-and-electronics-engineering/awards-recognitions
3686,"First Place – Guelph Food Engineering Conference - Doctorate Degree, University of Guelph, Canada",2022-23,0.8,https://www.tce.edu/academics/departments/electronics-and-communication-engineering/achievements
3687,"Mentor, Champions and Winning Team – IITB-AICTE Mapathon Contest",2022-23,0.8,https://www.tce.edu/academics/departments/electronics-and-communication-engineering/achievements
3688,Silver Global Jury Award – Wadhwani Foundation - National Entrepreneurship Network (NEN),2022-23,0.8,https://www.tce.edu/academics/departments/electronics-and-communication-engineering/achievements
3689,"40000Cash Award – Design Spark Challenge 2025, Intelluct, Chennai.",2022-23,0.8,https://www.tce.edu/academics/departments/electronics-and-communication-engineering/achievements
3690,First Prize with 10000 Cash Award – NOKIA White Paper Presentation contest at University Day @ NOKIA,2022-23,0.8,https://www.tce.edu/academics/departments/electronics-and-communication-engineering/achievements
3691,Best Teacher Award – Research India Foundation,2023-24,0.8,https://www.tce.edu/academics/departments/english/awards-recognitions
3692,Best Teacher Award,2025-26,0.8,https://www.tce.edu/academics/departments/information-technology/awards-recognitions
3693,Mentorship certificate - Students team particpated as a finalist in RESFES 2023 CONTEST,2023-24,0.8,https://www.tce.edu/academics/departments/information-technology/awards-recognitions
3694,"Mentor of the Qualifiers award team, Innowah 2021 – PALS",2021-22,0.8,https://www.tce.edu/academics/departments/information-technology/awards-recognitions
3695,Best Paper Award – Springer Conference Next Generation Computing System,2021-22,0.8,https://www.tce.edu/academics/departments/information-technology/awards-recognitions
3696,Finalist of Pals innowah hackathon 2025,2025-26,0.8,https://www.tce.edu/academics/departments/information-technology/awards-recognitions
3697,"Second Runnerup Innowah Health Domain,Cash Award Rs.4000/-,2022",2022-23,0.8,https://www.tce.edu/academics/departments/information-technology/awards-recognitions
3698,Runner up in MySequel (SQL Querying) at (MIT) Anna University.,2025-26,0.8,https://www.tce.edu/academics/departments/information-technology/awards-recognitions
3699,Finalist in HACK-ODYSSEY-2K25,2024-25,0.8,https://www.tce.edu/academics/departments/information-technology/awards-recognitions
3700,Best Research Paper Award,2025-26,0.8,https://www.tce.edu/academics/departments/mathematics/awards-and-recognitions
3701,"Best Paper Award – International Conference on Intelligent Robotics, Mechatronics and Automation Systems",2023-24,0.8,https://www.tce.edu/academics/departments/mechatronics/awards-recognitions
2,TEDx Thiagarajar College of Engineering,,0.5,https://www.tce.edu/events
4,Founder's Day 2026,,0.5,https://www.tce.edu/events
8,Integrating AI into Classroom Pedagogy: Tools and Practices,,0.5,https://www.tce.edu/events
9,CODE AI 3.0 – Step into the Future with AI!,,0.5,https://www.tce.edu/events
