linkedin_post_id,source_sheet,source_row,has_url,post_url,candidate_status,activity_or_not,kind,category_candidates,department_candidates,stakeholder_candidates,date_status,academic_year,date_earliest,date_dates,communication_type,flags,evidence_score,multi_label,review_reason,review_group,correction_count,proposal_count,proposals,snippet
1,June 2025-June 2026,1,yes,https://www.linkedin.com/feed/update/urn:li:activity:7470537980454109184,ACTIVITY_CANDIDATE,activity,C,RESEARCH,,,undated,undated,,,,,7,0,activity_evidence:RESEARCH,A,0,0,,"🌍📚 Research Beyond Borders! The latest issue of the Thiagarajar Journal of Engineering, Science, Design and Technology — *Vol. 2, No. 1 (May 2026)* has been successfully released, showcasing pioneerin"
3,June 2025-June 2026,3,yes,https://www.linkedin.com/feed/update/urn:li:activity:7470462168434606081,ACTIVITY_CANDIDATE,activity,D,FDP,Electrical and Electronics Engineering,Faculty; Government and Agencies; Students,dated,2025-26,2026-05-18,2026-05-18,,,14,0,activity_evidence:FDP,A,0,0,,"🎓✨ Thiagarajar College of Engineering, Madurai Successfully conducted the 5-Day AICTE Approved Faculty Development Programme on Universal Human Values – II on 18 May 2026. 👩‍🏫 Resource Person: Mrs. Ni"
4,June 2025-June 2026,4,yes,https://www.linkedin.com/feed/update/urn:li:activity:7470040597769306113,NON_ACTIVITY,non-activity,G,RESEARCH; INTERNSHIP; ALUMNI; INDUSTRY; PLACEMENT; WORKSHOP,Electronics and Communication Engineering,Industry; Alumni; Students,undated,undated,,,admission_promo,communication_only,42,1,communication_override:admission_promo (category keywords are program-feature mentions),E,0,2,comm_separation_confirmed[note]; comm_mention_context[note],📡🎓 PG Admissions 2026–27 Open at TCE! 🚀 M.E. Communication Systems Power the Future of a Smart & Connected World with expertise in: 🔷 RF and Microwave Engineering 🔷 VLSI Design and Technology 🔷 Digita
5,June 2025-June 2026,5,yes,https://www.linkedin.com/feed/update/urn:li:activity:7470022537813381120,NON_ACTIVITY,non-activity,G,ALUMNI,Civil Engineering,Alumni; Industry; Students,undated,undated,,,admission_promo,communication_only,9,0,communication_override:admission_promo (category keywords are program-feature mentions),E,0,2,comm_separation_confirmed[note]; comm_mention_context[note],🏗️ M.E. Construction Engineering & Management @ TCE 🎓 PG Admissions 2026–27 Open ✅ BIM ✅ Lean Construction ✅ Project Management Studio ✅ Data Analytics ✅ Sustainable & Green Building Practices 💻 Bentl
6,June 2025-June 2026,6,yes,https://www.linkedin.com/feed/update/urn:li:activity:7469957353912684545,ACTIVITY_CANDIDATE,activity,A,CONFERENCE,,Students,dated,2026-27,2026-08-28,2026-08-28,,,5,0,activity_evidence:CONFERENCE,A,0,0,,"🚀✨ Something extraordinary is coming to TCE! 🎤 **TEDx Thiagarajar College of Engineering** 🗓️ **August 28, 2026** 📍 Theme: **""We Are The System""** 🌟 Renowned Speakers 🌍 Diverse Domains 💡 Endless Inspi"
7,June 2025-June 2026,7,yes,https://www.linkedin.com/feed/update/urn:li:activity:7468884972427190274,NON_ACTIVITY,non-activity,G,INTERNSHIP; RESEARCH; ALUMNI,Electrical and Electronics Engineering; Artificial Intelligence,Industry; Students; Alumni,undated,undated,,,admission_promo,communication_only,26,1,communication_override:admission_promo (category keywords are program-feature mentions),E,0,2,comm_separation_confirmed[note]; comm_mention_context[note],🎓🚀 *PG Admissions 2026–27 Open at TCE!* 📢 Spot Admissions Open for ⚡ M.E. Embedded System Technologies Explore cutting-edge domains: 🤖 AI & ML 🌐 IoT ⚙️ Cyber Physical Systems 🔋 Electric Vehicles ⚡ Sma
8,June 2025-June 2026,8,yes,https://www.linkedin.com/feed/update/urn:li:activity:7468882973816414208,ACTIVITY_CANDIDATE,activity,B,ACHIEVEMENT,,Faculty; Industry; Students,undated,undated,,,,,14,0,activity_evidence:ACHIEVEMENT,A,0,0,,🎉 *NPTEL Achievements – EVEN Semester (AY 2025–26)* 🎉 We are delighted to celebrate the remarkable accomplishments of our faculty and students in the NPTEL certification examinations. 🏆 491 Total Cert
9,June 2025-June 2026,9,yes,https://www.linkedin.com/feed/update/urn:li:activity:7468882865024311296,ACTIVITY_CANDIDATE,activity,B,ACHIEVEMENT,"T'SEDA (Architecture, Design, Planning)",Government and Agencies; Community and Society; Industry; Students,undated,undated,,,,,11,0,activity_evidence:ACHIEVEMENT,A,0,0,,🎉 *Congratulations* to the M.Plan (Urban Planning) students of *T'SEDA (Thiagarajar School of Environmental Design and Architecture)* on their selection as *Project Associates* at the *All India Insti
10,June 2025-June 2026,10,yes,https://www.linkedin.com/feed/update/urn:li:activity:7468551551423291392,ACTIVITY_CANDIDATE,activity,A,CAMPUS,,Students,undated,undated,,,,,8,0,activity_evidence:CAMPUS,A,0,0,,"🌍🌱 World Environment Day 2026 🌱🌍 TCE celebrates World Environment Day, reaffirming our commitment to SDG 7 – Affordable & Clean Energy and a sustainable future. ♻️ 2000+ Trees nurturing our Campus 🌿 3"
11,June 2025-June 2026,11,yes,https://www.linkedin.com/feed/update/urn:li:activity:7468550020540137472,ACTIVITY_CANDIDATE,activity,C,ACHIEVEMENT; ALUMNI; RESEARCH,Electronics and Communication Engineering,Alumni; Community and Society; Government and Agencies; Industry; Students,undated,undated,,,,,31,1,"activity_evidence:ACHIEVEMENT,ALUMNI,RESEARCH",B,1,1,cat_over_tag:RESEARCH[correction] -> verify over-tag: remove Research and Consultancy unless the text is clearly about it,"🌟 **#AlumniSpotlight** Proud to celebrate **Mr. Madhan M**, B.E. ECE (2002–2006), an accomplished **Lead Agile Coach, Six Sigma Black Belt & Quality Leader at Honeywell, Madurai**. 🏆 19+ years of indu"
12,June 2025-June 2026,12,yes,https://www.linkedin.com/feed/update/urn:li:activity:7468495454515699712,ACTIVITY_CANDIDATE,activity,C,ACHIEVEMENT; RESEARCH,,Community and Society; Faculty; Students,undated,undated,,,thanks,,22,1,"activity_evidence:ACHIEVEMENT,RESEARCH",B,1,1,cat_over_tag:RESEARCH[correction] -> verify over-tag: remove Research and Consultancy unless the text is clearly about it,🌿🏆 Proud Moment! Celebrating 'Platinum' Excellence in Sustainability at TCE! 🏆🌿 We are absolutely delighted to announce that Thiagarajar College of Engineering has been recognized as a Platinum Sustai
13,June 2025-June 2026,13,yes,https://www.linkedin.com/feed/update/urn:li:activity:7468494693970923520,ACTIVITY_CANDIDATE,activity,C,INTERNSHIP; ACHIEVEMENT; RESEARCH,Applied Mathematics and Computational Science,Students; Faculty; Industry,undated,undated,,,,,22,1,"activity_evidence:INTERNSHIP,ACHIEVEMENT,RESEARCH",B,2,2,cat_over_tag:RESEARCH[correction] -> verify over-tag: remove Research and Consultancy unless the text is clearly about it; dept_generic_term[correction] -> verify department: drop 'Applied Mathematics and Computational Science' (route to General or the explicitly named department) unless the post names this department,🎉 Internship Achievement! Congratulations to six 3rd Year M.Sc. Data Science students of TCE Madurai for securing a 6-month Full-Time Physical Internship (June–Nov 2026) at the Advanced Geometric Comp
14,June 2025-June 2026,14,yes,https://www.linkedin.com/feed/update/urn:li:activity:7468272640743395328,REVIEW_REQUIRED,undecided,I,,,Industry,dated,2026-27,2026-06-04,2026-06-04,,,1,0,insufficient_evidence,G,0,0,,"🤝 *Meeting with the Hon'ble Chief Minister of Tamil Nadu* On *4 June 2026, Mr. K. Hari Thiagarajan, Chairman and Correspondent of Thiagarajar College of Engineering, Madurai, had an interaction with t"
15,June 2025-June 2026,15,yes,https://www.linkedin.com/feed/update/urn:li:activity:7468178193208950784,ACTIVITY_CANDIDATE,activity,C,ACHIEVEMENT; RESEARCH,,Faculty; Government and Agencies; Students,undated,undated,,,,,21,1,"activity_evidence:ACHIEVEMENT,RESEARCH",B,1,1,cat_over_tag:RESEARCH[correction] -> verify over-tag: remove Research and Consultancy unless the text is clearly about it,"🎉 *Proud Moment for TCE!*🎉 🏛️ Thiagarajar College of Engineering, Madurai, has been officially recognized as a Scientific and Industrial Research Organisation (SIRO) by the Department of Scientific an"
16,June 2025-June 2026,16,yes,https://www.linkedin.com/feed/update/urn:li:activity:7468176999489060865,ACTIVITY_CANDIDATE,activity,D,WORKSHOP,,Faculty,undated,undated,,,,,5,0,activity_evidence:WORKSHOP,A,0,0,,"🌟📚 Empowering Educators, Enriching Classrooms! 💡❤️ The Women Empowerment Cell (WEC), Thiagarajar College of Engineering, is organizing a *Two-Day Workshop on ""Teaching with EQ & Building Emotionally I"
17,June 2025-June 2026,17,yes,https://www.linkedin.com/feed/update/urn:li:activity:7467805797281062913,ACTIVITY_CANDIDATE,activity,C,INDUSTRY; RESEARCH,Electrical and Electronics Engineering,Industry; Faculty; Government and Agencies; Students,undated,undated,,,,,23,1,"activity_evidence:INDUSTRY,RESEARCH",B,2,2,cat_over_tag:INDUSTRY[correction] -> verify over-tag: remove Industry Collaboration unless the text is clearly about it; dept_generic_term[correction] -> verify department: drop 'Electrical and Electronics Engineering' (route to General or the explicitly named department) unless the post names this department,"🤝⚡ MoU Signed Between TCE Madurai & NIT Calicut Thiagarajar College of Engineering (TCE), Madurai, and National Institute of Technology (NIT) Calicut have partnered for Collaborative Research & Innova"
18,June 2025-June 2026,18,yes,https://www.linkedin.com/feed/update/urn:li:activity:7467805304127406080,ACTIVITY_CANDIDATE,activity,C,INTERNSHIP; RESEARCH; INDUSTRY; CONFERENCE; WORKSHOP,,Industry; Faculty; Students,undated,undated,,,,,33,1,"activity_evidence:INTERNSHIP,RESEARCH,INDUSTRY",B,2,2,cat_over_tag:INTERNSHIP[correction] -> verify over-tag: remove Internship unless the text is clearly about it; cat_over_tag:INDUSTRY[correction] -> verify over-tag: remove Industry Collaboration unless the text is clearly about it,"🤝✨ Strengthening Academic Excellence Through Collaboration! Thiagarajar College of Engineering (TCE), Madurai, is proud to announce the signing of a Memorandum of Understanding (MoU) with the Indian I"
20,June 2025-June 2026,20,yes,https://www.linkedin.com/feed/update/urn:li:activity:7467446002317217794,NON_ACTIVITY,non-activity,F,RESEARCH,Computer Science and Engineering; Information Technology,Faculty; Students; Community and Society; Industry,dated,2026-27,2026-06-16,2026-06-16,job_ad,communication_only,11,0,communication_override:job_ad (category keywords are program-feature mentions),E,0,2,comm_separation_confirmed[note]; comm_mention_context[note],"🚨 *We're Hiring!* Join the academic community at Thiagarajar College of Engineering (TCE), Madurai. Applications are invited for *Assistant Professor* positions in: 💻 Computer Science & Engineering (C"
21,June 2025-June 2026,21,yes,https://www.linkedin.com/feed/update/urn:li:activity:7467443860412080128,NON_ACTIVITY,non-activity,F,ACHIEVEMENT,,,undated,undated,,,job_ad,communication_only,3,0,communication_override:job_ad (category keywords are program-feature mentions),E,0,2,comm_separation_confirmed[note]; comm_mention_context[note],"*WE'RE HIRING* *FIRE SAFETY OFFICER* *Thiagarajar Mills & Thiagarajar Institutions* *Eligibility* ✔ Diploma / Advanced Diploma in Fire & Safety, Industrial Safety, or related discipline ✔ NEBOSH Fire "
23,June 2025-June 2026,23,yes,https://www.linkedin.com/feed/update/urn:li:activity:7466283178341740544,ACTIVITY_CANDIDATE,activity,B,ACHIEVEMENT; ALUMNI,Civil Engineering,Alumni; Students,undated,undated,,,,,24,1,"activity_evidence:ACHIEVEMENT,ALUMNI",A,0,0,,"🌟 *#AlumniSpotlight* From TCE Civil Engineering to leading India’s landmark infrastructure projects! Congratulations to Mr. Arockia Heronimus Pandian S (B.E. Civil Engineering, 2001–2005) for his rema"
25,June 2025-June 2026,25,yes,https://www.linkedin.com/feed/update/urn:li:activity:7465931080789938176,ACTIVITY_CANDIDATE,activity,C,ACHIEVEMENT; RESEARCH,Computer Science and Business Systems; Computer Science and Engineering,Students,undated,undated,,,greeting,,16,1,"activity_evidence:ACHIEVEMENT,RESEARCH",B,1,1,cat_over_tag:RESEARCH[correction] -> verify over-tag: remove Research and Consultancy unless the text is clearly about it,"🎉 *Proud Moment for Thiagarajar College of Engineering* 🎉 Congratulations to our students for receiving the prestigious India AI Fellowship Scheme (Phase 1) funding of ₹50,000 for the academic year 20"
26,June 2025-June 2026,26,yes,https://www.linkedin.com/feed/update/urn:li:activity:7465599750722170880,NON_ACTIVITY,non-activity,H,,,,undated,undated,,,greeting,communication_only,0,0,communication_only:greeting,E,0,1,comm_separation_confirmed[note],"🌙✨ Eid Mubarak from Thiagarajar College of Engineering ✨🌙 Wishing you happiness, peace, and prosperity this Eid. May this special occasion fill every heart with joy, kindness, and togetherness. 🤍 Let "
27,June 2025-June 2026,27,yes,https://www.linkedin.com/feed/update/urn:li:activity:7464362081459482624,NON_ACTIVITY,non-activity,G,INTERNSHIP; RESEARCH; ALUMNI,"T'SEDA (Architecture, Design, Planning); Computer Science and Engineering; Civil Engineering; Electronics and Communication Engineering",Students; Alumni; Industry,undated,undated,,,admission_promo,communication_only,28,1,communication_override:admission_promo (category keywords are program-feature mentions),E,0,2,comm_separation_confirmed[note]; comm_mention_context[note],🎓 *PG Admissions 2026–2027 Open* at Thiagarajar College of Engineering 📚 PG Programmes Offered 🏗️ Civil Engineering ▪️ M.E. Structural Engineering ▪️ M.E. Construction Engineering & Management 💻 Compu
28,June 2025-June 2026,28,yes,https://www.linkedin.com/feed/update/urn:li:activity:7464262770788708352,ACTIVITY_CANDIDATE,activity,D,GUEST_LECTURE,Electronics and Communication Engineering,Students,dated,2025-26,2026-05-27,2026-05-27,,,6,0,activity_evidence:GUEST_LECTURE,A,0,0,,"📡 Explore the future of RF-MEMS and next-generation communication technologies at the special lecture organized by the Department of Electronics and Communication Engineering, Thiagarajar College of E"
29,June 2025-June 2026,29,yes,https://www.linkedin.com/feed/update/urn:li:activity:7463763416457908224,ACTIVITY_CANDIDATE,activity,B,ACHIEVEMENT,,,dated,2022-23,2023-05-23,2023-05-23,thanks,pre_2024_ambiguous,3,0,activity_evidence:ACHIEVEMENT,B,1,2,cat_over_tag:ACHIEVEMENT[correction] -> verify over-tag: remove Achievement and Awards unless the text is clearly about it; pre_2024_keep[note],"🪷 In Reverential Remembrance On the third anniversary of his passing, We remember with deep respect and gratitude *Thiru Karumuttu T. Kannan* — former Chairman & Correspondent of *Thiagarajar College "
31,June 2025-June 2026,31,yes,https://www.linkedin.com/feed/update/urn:li:activity:7463573156968960000,ACTIVITY_CANDIDATE,activity,C,ACHIEVEMENT; ALUMNI; HACKATHON; RESEARCH,,Government and Agencies; Alumni; Community and Society; Industry; Students,undated,undated,,,,,30,1,"activity_evidence:ACHIEVEMENT,ALUMNI,HACKATHON",B,1,1,cat_over_tag:RESEARCH[correction] -> verify over-tag: remove Research and Consultancy unless the text is clearly about it,"✨ #AlumniSpotlight Proud to celebrate Vijay Sankar, Full Stack Gen AI Consultant at Deloitte, for his impactful journey in AI and technology innovation. 🔹 4+ years of industry experience 🔹 7+ projects"
32,June 2025-June 2026,32,yes,https://www.linkedin.com/feed/update/urn:li:activity:7463098364243431424,ACTIVITY_CANDIDATE,activity,B,CAMPUS; INTERNSHIP; ACHIEVEMENT,,Students; Faculty,undated,undated,,,greeting,,14,1,"activity_evidence:CAMPUS,INTERNSHIP,ACHIEVEMENT",B,1,1,cat_over_tag:ACHIEVEMENT[correction] -> verify over-tag: remove Achievement and Awards unless the text is clearly about it,"📸🌍 My City My Nature – Nationwide Biodiversity Campaign 2026 Greetings from TCE EIACP PC RP, Thiagarajar College of Engineering, Madurai 🌿 On the occasion of International Biodiversity Day & World Env"
34,June 2025-June 2026,34,yes,https://www.linkedin.com/feed/update/urn:li:activity:7463094924465385472,ACTIVITY_CANDIDATE,activity,B,CULTURAL; ACHIEVEMENT,English,Students,undated,undated,,,,,9,1,"activity_evidence:CULTURAL,ACHIEVEMENT",B,1,1,cat_over_tag:ACHIEVEMENT[correction] -> verify over-tag: remove Achievement and Awards unless the text is clearly about it,🚀 CAMPUS TO CAREER 2026 ✨ Confidence Creates Careers! Step into the professional world with confidence through the 5-Day Online Employability Program organized by the Department of English & Centre of
35,June 2025-June 2026,35,yes,https://www.linkedin.com/feed/update/urn:li:activity:7462008474625814528,NON_ACTIVITY,non-activity,G,ACHIEVEMENT,"T'SEDA (Architecture, Design, Planning)",Community and Society; Students,undated,undated,,,admission_promo,communication_only,6,0,communication_override:admission_promo (category keywords are program-feature mentions),E,0,2,comm_separation_confirmed[note]; comm_mention_context[note],"✨ Admissions Open 2026–27 ✨ Step into the world of creativity, innovation, and spatial design with the B.Des (Interior Design) programme at Thiagarajar College of Engineering under Thiagarajar School "
36,June 2025-June 2026,36,yes,https://www.linkedin.com/feed/update/urn:li:activity:7461462224600064000,NON_ACTIVITY,non-activity,G,ACHIEVEMENT,"T'SEDA (Architecture, Design, Planning)",Community and Society; Students,undated,undated,,,admission_promo,communication_only,6,0,communication_override:admission_promo (category keywords are program-feature mentions),E,0,2,comm_separation_confirmed[note]; comm_mention_context[note],"🎓 Admissions Open 2026–27 Begin your creative journey with Thiagarajar School of Environmental Design and Architecture, Thiagarajar College of Engineering ✨ 📚 Courses Offered 🏛️ B.Arch 🛋️ B.Des (Inter"
37,June 2025-June 2026,37,yes,https://www.linkedin.com/feed/update/urn:li:activity:7461461548587470848,NON_ACTIVITY,non-activity,G,,"T'SEDA (Architecture, Design, Planning); Civil Engineering",Community and Society; Students,undated,undated,,,admission_promo,communication_only,4,0,communication_only:admission_promo,E,0,1,comm_separation_confirmed[note],"🎓 Admissions Open | M.Plan Urban Planning 2026–2028 🏙️ Shape the future of cities with the M.Plan Urban Planning Programme at Thiagarajar School of Environmental Design and Architecture, Thiagarajar C"
38,June 2025-June 2026,38,yes,https://www.linkedin.com/feed/update/urn:li:activity:7461457972540383232,ACTIVITY_CANDIDATE,activity,D,FDP; SEMINAR,Electrical and Electronics Engineering,Faculty; Government and Agencies; Students,dated,2025-26,2026-05-18,2026-05-18,,,18,1,"activity_evidence:FDP,SEMINAR",A,0,0,,"Building better educators beyond classrooms! ✨ Thiagarajar College of Engineering inaugurates the AICTE Approved Five-Day Faculty Development Programme on Universal Human Values – II, a journey toward"
40,June 2025-June 2026,40,yes,https://www.linkedin.com/feed/update/urn:li:activity:7461446946612842496,ACTIVITY_CANDIDATE,activity,C,WEBINAR; CAMPUS; INTERNSHIP; RESEARCH,,Government and Agencies; Students; Faculty,dated,2025-26,2026-05-22,2026-05-22,,,19,1,"activity_evidence:WEBINAR,CAMPUS,INTERNSHIP",B,1,1,cat_over_tag:RESEARCH[correction] -> verify over-tag: remove Research and Consultancy unless the text is clearly about it,"🌿 Celebrate International Day for Biological Diversity 2026 with us! 🌍 TCE EIACP PC-RP, Thiagarajar College of Engineering, under the Ministry of Environment, Forest and Climate Change, Government of "
41,June 2025-June 2026,41,yes,https://www.linkedin.com/feed/update/urn:li:activity:7461446278166654976,ACTIVITY_CANDIDATE,activity,A,CAMPUS,,Students,undated,undated,,,,,4,0,activity_evidence:CAMPUS,A,0,0,,"🏁 Day 5 marked the grand finale of IDE Boot Camp 2026 at Thiagarajar College of Engineering! ✨ Participants showcased their innovative ideas through Panel Presentations, reflecting the creativity, col"
42,June 2025-June 2026,42,yes,https://www.linkedin.com/feed/update/urn:li:activity:7460994742256848897,NON_ACTIVITY,non-activity,G,INTERNSHIP; INDUSTRY; PLACEMENT; RESEARCH,Applied Mathematics and Computational Science; Computer Science and Engineering,Industry; Students; Faculty; Government and Agencies,undated,undated,,,admission_promo,communication_only,27,1,communication_override:admission_promo (category keywords are program-feature mentions),E,0,2,comm_separation_confirmed[note]; comm_mention_context[note],"*Admissions Open 2026!* 🚀 Integrated M.Sc (Data Science) [5 Years] at Thiagarajar College of Engineering (TCE), Madurai *for HSC Students* Integrated M.Sc (Data Science) – 5 Years at Thiagarajar Colle"
44,June 2025-June 2026,44,yes,https://www.linkedin.com/feed/update/urn:li:activity:7460927468476997634,REVIEW_REQUIRED,undecided,I,,,Students,undated,undated,,,,,1,0,insufficient_evidence,G,0,0,,"🚀 Day 4 at IDE Boot Camp 2026 sparked creativity, strategy, and innovation-driven thinking among participants! ✨ Sessions focused on: 🎨 Design to Delight 🖥️ Design & Present Working Session 💰 Financia"
45,June 2025-June 2026,45,yes,https://www.linkedin.com/feed/update/urn:li:activity:7460926021366620160,ACTIVITY_CANDIDATE,activity,C,FDP; RESEARCH; ACHIEVEMENT; WORKSHOP,Information Technology,Students; Faculty; Community and Society,dated,2025-26,2026-05-25,2026-05-25; 2026-05-30,,,28,1,"activity_evidence:FDP,RESEARCH,ACHIEVEMENT",B,1,1,cat_over_tag:ACHIEVEMENT[correction] -> verify over-tag: remove Achievement and Awards unless the text is clearly about it,"🚀 Join the Six-Day Online Faculty Development Program (FDP) on “Integrating AI into Classroom Pedagogy: Tools and Practices” 🤖📚 Organized by the Department of Information Technology, Thiagarajar Colle"
46,June 2025-June 2026,46,yes,https://www.linkedin.com/feed/update/urn:li:activity:7460922049205673984,ACTIVITY_CANDIDATE,activity,C,RESEARCH; CONFERENCE; INTERNSHIP,,Students,undated,undated,,,,,31,1,"activity_evidence:RESEARCH,CONFERENCE,INTERNSHIP",B,1,1,cat_over_tag:INTERNSHIP[correction] -> verify over-tag: remove Internship unless the text is clearly about it,🚀 Empowering Research. Inspiring Innovation. Thiagarajar College of Engineering proudly introduces the 🎓 *Thiagarajar Research Fellowship – Integrated Ph.D. (TRF-IP) Scheme* A prestigious initiative t
47,June 2025-June 2026,47,yes,https://www.linkedin.com/feed/update/urn:li:activity:7460627386535956480,ACTIVITY_CANDIDATE,activity,B,INDUSTRY; WORKSHOP; ACHIEVEMENT,Electrical and Electronics Engineering,Community and Society; Students,undated,undated,,,,,15,1,"activity_evidence:INDUSTRY,WORKSHOP,ACHIEVEMENT",B,1,1,cat_over_tag:ACHIEVEMENT[correction] -> verify over-tag: remove Achievement and Awards unless the text is clearly about it,"⚡ PLAY WITH POWER ⚡ A One-Week Hands-on Certification Course for XI & XII Students by the Department of EEE at Thiagarajar College of Engineering 📅 May 25–29, 2026 📍 Power Electronics Lab, TCE 🎯 Offli"
49,June 2025-June 2026,49,yes,https://www.linkedin.com/feed/update/urn:li:activity:7460590337359601664,REVIEW_REQUIRED,undecided,I,,,Students,undated,undated,,,,,1,0,insufficient_evidence,G,0,0,,🚀 From Ideas to Impact — Day 3 at IDE Boot Camp 2026! TCE campus buzzed with creativity and entrepreneurial energy as participants explored the journey of building real-world startup solutions. 💡 ✨ Da
50,June 2025-June 2026,50,yes,https://www.linkedin.com/feed/update/urn:li:activity:7460132638276759552,ACTIVITY_CANDIDATE,activity,B,WORKSHOP; ACHIEVEMENT,Chemistry,Students; Faculty; Industry,dated,2025-26,2026-05-24,2026-05-24,,,14,1,"activity_evidence:WORKSHOP,ACHIEVEMENT",B,2,2,cat_over_tag:ACHIEVEMENT[correction] -> verify over-tag: remove Achievement and Awards unless the text is clearly about it; dept_generic_term[correction] -> verify department: drop 'Chemistry' (route to General or the explicitly named department) unless the post names this department,"🔬 Department of Physics, Thiagarajar College of Engineering, Madurai, in association with COEMRES, organizes an Offline Hands-on Workshop on 📘 “Materials Insight: From Structural Refinement to Quantum"
51,June 2025-June 2026,51,yes,https://www.linkedin.com/feed/update/urn:li:activity:7459927837899165696,NON_ACTIVITY,non-activity,F,RESEARCH,Computer Science and Business Systems; Computer Science and Engineering; Electronics and Communication Engineering,Faculty; Government and Agencies; Industry; Students,dated,2025-26,2026-05-15,2026-05-15,job_ad,communication_only,10,0,communication_override:job_ad (category keywords are program-feature mentions),E,0,2,comm_separation_confirmed[note]; comm_mention_context[note],🚀 Recruitment 2026 @ Thiagarajar College of Engineering Applications are invited for Assistant Professor positions under the Self Financing Scheme in: 📘 ECE | CSE | IT | CSBS | Physics ✨ Attractive Sa
52,June 2025-June 2026,52,yes,https://www.linkedin.com/feed/update/urn:li:activity:7459909558786740225,NON_ACTIVITY,non-activity,G,RESEARCH; ACHIEVEMENT,Electrical and Electronics Engineering; Civil Engineering; Electronics and Communication Engineering; Information Technology; Mechanical Engineering; Mechatronics; Chemistry; Computer Science and Engineering,Students,dated,2025-26,2026-05-15,2026-05-15,admission_promo,communication_only,34,1,communication_override:admission_promo (category keywords are program-feature mentions),E,0,2,comm_separation_confirmed[note]; comm_mention_context[note],"🎓 Admissions Open 2026–27 | QIP @ TCE – Apply Now! Advance your research journey at Thiagarajar College of Engineering (TCE), a recognized Minor QIP Centre. 🔬 Why TCE? * 500+ PhD Scholars Awarded * 50"
53,June 2025-June 2026,53,yes,https://www.linkedin.com/feed/update/urn:li:activity:7459820064435900416,REVIEW_REQUIRED,undecided,I,,,Government and Agencies; Industry; Students,undated,undated,,,,,3,0,insufficient_evidence,G,0,0,,"✨ Day 2 of the IDE Bootcamp 2026 at Thiagarajar College of Engineering featured an inspiring Entrepreneur Talk Session with industry experts sharing insights on innovation, startups, and emerging tech"
54,June 2025-June 2026,54,yes,https://www.linkedin.com/feed/update/urn:li:activity:7459819120469995520,REVIEW_REQUIRED,undecided,I,,,Government and Agencies; Students,dated,2025-26,2026-05-11,2026-05-11,,,2,0,insufficient_evidence,G,0,0,,"🚀 TCE IDE Boot Camp Phase III inaugurated at KS Auditorium, TCE, on May 11, 2026. ✨ 200+ students across Tamil Nadu ✨ Innovation | Entrepreneurship | Design Thinking ✨ Organized with AICTE Innovation "
55,June 2025-June 2026,55,yes,https://www.linkedin.com/feed/update/urn:li:activity:7459816627883151361,REVIEW_REQUIRED,undecided,I,,Computer Science and Engineering,Faculty; Government and Agencies; Students,dated,2025-26,2026-05-11,2026-05-11,,,4,0,insufficient_evidence,G,0,0,,"🚀 TCE IDE Boot Camp Phase III was inaugurated on May 11, 2026, at KS Auditorium, Thiagarajar College of Engineering, Madurai. Organized in association with the AICTE Innovation Centre, the 5-day boot "
57,June 2025-June 2026,57,yes,https://www.linkedin.com/feed/update/urn:li:activity:7459767634386001920,ACTIVITY_CANDIDATE,activity,B,INTERNSHIP; CLUB; ACHIEVEMENT,Mechatronics,Community and Society; Students,dated,2026-27,2026-06-19,2026-06-19,,,19,1,"activity_evidence:INTERNSHIP,CLUB,ACHIEVEMENT",B,1,1,cat_over_tag:ACHIEVEMENT[correction] -> verify over-tag: remove Achievement and Awards unless the text is clearly about it,"🤖🔥 Ready to Build the Future with Robotics? Join the Robotics Summer Internship 2026 organized by the Institution’s Innovation Council and the Centre of Excellence in Robotics, Department of Mechatron"
58,June 2025-June 2026,58,yes,https://www.linkedin.com/feed/update/urn:li:activity:7459105011864739840,REVIEW_REQUIRED,undecided,I,,Applied Mathematics and Computational Science,Students,dated,2025-26,2026-05-11,2026-05-11,,,2,0,insufficient_evidence,G,0,0,,🌱🤖 Join us at Thiagarajar College of Engineering for the ISTE-BNY Sponsored One Week Knowledge Enhancement Programme 2026 on “Synergistic AI for Sustainable Innovation in Agriculture and Healthcare” 📅
60,June 2025-June 2026,60,yes,https://www.linkedin.com/feed/update/urn:li:activity:7459103527534141440,NON_ACTIVITY,non-activity,H,,,Students,undated,undated,,,greeting,communication_only,1,0,communication_only:greeting,E,0,1,comm_separation_confirmed[note],"Greetings from TCE EIACP PC-RP, TCE EIACP PC-RP On the occasion of World Migratory Bird Day 2026, we warmly invite you to participate in our digital awareness initiative and support bird conservation "
61,June 2025-June 2026,61,yes,https://www.linkedin.com/feed/update/urn:li:activity:7459103368184086529,ACTIVITY_CANDIDATE,activity,B,ALUMNI; FDP; ACHIEVEMENT,Civil Engineering,Students; Alumni; Faculty; Industry,undated,undated,,,,,18,1,"activity_evidence:ALUMNI,FDP,ACHIEVEMENT",B,2,2,cat_over_tag:ALUMNI[correction] -> verify over-tag: remove Alumni unless the text is clearly about it; cat_over_tag:ACHIEVEMENT[correction] -> verify over-tag: remove Achievement and Awards unless the text is clearly about it,"📢 Five-Day Online Training Programme 🎯 Digital Project Planning & Monitoring with BIM 📅 May 18 – 22, 2026 💻 Mode: Virtual Organized by 🏛️ Department of Civil Engineering, Thiagarajar College of Engine"
62,June 2025-June 2026,62,yes,https://www.linkedin.com/feed/update/urn:li:activity:7459095475015720960,NON_ACTIVITY,non-activity,E,,,,dated,2025-26,2026-05-11,2026-05-11,thanks,communication_only,0,0,communication_only:thanks,E,0,1,comm_separation_confirmed[note],"*Happy Mother’s Day | 11 May 2026* 🌸 To every guiding mother — thank you for being the strength, support, and inspiration behind every learner’s journey in higher education and beyond. Thiagarajar Col"
63,June 2025-June 2026,63,yes,https://www.linkedin.com/feed/update/urn:li:activity:7458366429730463744,NON_ACTIVITY,non-activity,G,INTERNSHIP; ACHIEVEMENT; CAMPUS; PLACEMENT; SPORTS; CLUB; RESEARCH,"T'SEDA (Architecture, Design, Planning)",Government and Agencies; Industry; Students,undated,undated,,,admission_promo,communication_only,41,1,communication_override:admission_promo (category keywords are program-feature mentions),E,0,2,comm_separation_confirmed[note]; comm_mention_context[note],Admissions Open 2026–2027 at Thiagarajar College of Engineering ✨ Government Aided Autonomous Institution 🏆 NAAC A++ | NBA Accredited Courses | NIRF Ranked 🎓 100% Tuition Fee Waiver for Government Aid
64,June 2025-June 2026,64,yes,https://www.linkedin.com/feed/update/urn:li:activity:7458003462665158656,ACTIVITY_CANDIDATE,activity,D,SEMINAR,Electrical and Electronics Engineering,Faculty; Students,dated,2025-26,2026-05-07,2026-05-07,,,7,0,activity_evidence:SEMINAR,A,0,0,,"🎓 Fifth TCE Faculty Conclave 2026 at Thiagarajar College of Engineering Organized by the Office of Academic Process, this conclave brings together TCE faculty members to share innovative teaching idea"
65,June 2025-June 2026,65,yes,https://www.linkedin.com/feed/update/urn:li:activity:7457829977397575682,NON_ACTIVITY,non-activity,G,CAMPUS; ALUMNI; PLACEMENT; ACHIEVEMENT,Civil Engineering; Mechanical Engineering; Computer Science and Engineering; Electrical and Electronics Engineering; Electronics and Communication Engineering,Alumni; Government and Agencies; Industry,undated,undated,,,admission_promo,communication_only,26,1,communication_override:admission_promo (category keywords are program-feature mentions),E,0,2,comm_separation_confirmed[note]; comm_mention_context[note],"🎓 Admissions Open 2026–27 | Thiagarajar College of Engineering, Madurai Begin your engineering journey at one of Tamil Nadu’s premier institutions with a legacy of excellence since 1957. ✅ Govt. Aided"
66,June 2025-June 2026,66,yes,https://www.linkedin.com/feed/update/urn:li:activity:7457828239043080192,NON_ACTIVITY,non-activity,G,INTERNSHIP; INDUSTRY; PLACEMENT; RESEARCH,Applied Mathematics and Computational Science; Computer Science and Engineering,Industry; Students; Faculty; Government and Agencies,undated,undated,,,admission_promo,communication_only,27,1,communication_override:admission_promo (category keywords are program-feature mentions),E,0,2,comm_separation_confirmed[note]; comm_mention_context[note],"Admissions Open 2026! 🚀 Integrated M.Sc (Data Science) [5 Years] at Thiagarajar College of Engineering (TCE), Madurai for HSC Students Integrated M.Sc (Data Science) – 5 Years at Thiagarajar College o"
69,June 2025-June 2026,69,yes,https://www.linkedin.com/feed/update/urn:li:activity:7457736680696041472,ACTIVITY_CANDIDATE,activity,C,SEMINAR; RESEARCH,Electronics and Communication Engineering,Faculty,dated,2025-26,2026-05-06,2026-05-06,,,9,1,"activity_evidence:SEMINAR,RESEARCH",B,1,1,cat_over_tag:RESEARCH[correction] -> verify over-tag: remove Research and Consultancy unless the text is clearly about it,"🔐 The Research and Development Cell, Thiagarajar College of Engineering, cordially invites you to an insightful seminar on: “Secure by Design: Hardware Implementations of Public Key Cryptography for R"
70,June 2025-June 2026,70,yes,https://www.linkedin.com/feed/update/urn:li:activity:7456639910603714560,ACTIVITY_CANDIDATE,activity,D,FDP,Electrical and Electronics Engineering,Faculty; Government and Agencies; Students,dated,2025-26,2026-05-05,2026-05-05,,,19,0,activity_evidence:FDP,A,0,0,,"📢 Five-Day Faculty Development Programme (FDP) Universal Human Values – II (UHV-II) 🗓️ May 18–22, 2026 📍 Face-to-Face | No Registration Fee Organized by the Departments of Mathematics & Electrical and"
73,June 2025-June 2026,73,yes,https://www.linkedin.com/feed/update/urn:li:activity:7455806722524254208,ACTIVITY_CANDIDATE,activity,C,INTERNSHIP; RESEARCH,,,undated,undated,,,greeting,,7,1,"activity_evidence:INTERNSHIP,RESEARCH",B,1,1,cat_over_tag:RESEARCH[correction] -> verify over-tag: remove Research and Consultancy unless the text is clearly about it,"🎓 TCE wishes you a meaningful International Workers’ Day | May 1 Celebrating the dedication and intellectual effort 💡 that drive academic excellence, research, and innovation 🔬📚 Together, we build kno"
74,June 2025-June 2026,74,yes,https://www.linkedin.com/feed/update/urn:li:activity:7455804998778757120,REVIEW_REQUIRED,undecided,I,,,,dated,2025-26,2026-05-01,2026-05-01,,,0,0,insufficient_evidence,G,0,0,,"🌸 *சித்திரை திருவிழா நல்வாழ்த்துகள்* 🌸 May 1, 2026 மதுரை நகரின் ஆன்மிக பெருவிழாவான சித்திரை திருவிழா சிறப்பு தருணத்தில் ✨ அழகர் ஆற்றில் இறங்கும் திருநிகழ்வை முன்னிட்டு ✨ 🙏 இந்த புனித நிகழ்வில் கலந்து "
75,June 2025-June 2026,75,yes,https://www.linkedin.com/feed/update/urn:li:activity:7455571639385083905,ACTIVITY_CANDIDATE,activity,D,HACKATHON; INDUSTRY; CLUB,,Industry; Students,dated,2025-26,2026-05-02,2026-05-02,,,16,1,"activity_evidence:HACKATHON,INDUSTRY,CLUB",B,1,1,cat_over_tag:INDUSTRY[correction] -> verify over-tag: remove Industry Collaboration unless the text is clearly about it,"🚀 Industry Innovation Hackathon 2026 Thiagarajar College of Engineering, in association with the Institution's Innovation Council, presents a dynamic innovation platform! 🗓️ May 2, 2026 📍 Open Auditor"
76,June 2025-June 2026,76,yes,https://www.linkedin.com/feed/update/urn:li:activity:7455414101528461312,REVIEW_REQUIRED,undecided,I,,,Students; Government and Agencies,undated,undated,,,,,2,0,insufficient_evidence,G,0,0,,"🚀 TCE Students, This is Your Moment! Join the IDE Bootcamp (Phase III) and turn your ideas into real-world impact. 💡 Innovate. Design. Build. Pitch. 📅 May 11 – 15, 2026 🎯 Open to all UG & PG students "
78,June 2025-June 2026,78,yes,https://www.linkedin.com/feed/update/urn:li:activity:7455136953131487232,REVIEW_REQUIRED,undecided,I,,,Industry; Students,undated,undated,,,,,2,0,insufficient_evidence,G,0,0,,🎉 Celebrating 23 Years of Excellence with Cisco Networking Academy! Thiagarajar College of Engineering proudly marks 23+ years of impactful collaboration with Cisco Networking Academy — empowering stu
81,June 2025-June 2026,81,yes,https://www.linkedin.com/feed/update/urn:li:activity:7454828095263535104,ACTIVITY_CANDIDATE,activity,B,ACHIEVEMENT; CLUB; SEMINAR; CAMPUS,Computer Science and Engineering,Community and Society; Students,undated,undated,,,,,21,1,"activity_evidence:ACHIEVEMENT,CLUB,SEMINAR",A,0,0,,"🎓 Valedictory Ceremony 2025–26 Department of Computer Science & Engineering, Thiagarajar College of Engineering Join us as we celebrate the successful completion of CSEA & Professional Societies (IEEE"
82,June 2025-June 2026,82,yes,https://www.linkedin.com/feed/update/urn:li:activity:7454827287671361536,ACTIVITY_CANDIDATE,activity,A,SPORTS,,,dated,2025-26,2026-05-03,2026-05-03,,,3,0,activity_evidence:SPORTS,A,0,0,,♟️ 9th Radha Thiagarajan Memorial State Level Open & Children Chess Tournament – 2026 Thiagarajar College of Engineering | FIT INDIA Cordially invites you to participate in a prestigious state-level c
87,June 2025-June 2026,87,yes,https://www.linkedin.com/feed/update/urn:li:activity:7453329417784754176,NON_ACTIVITY,non-activity,F,RESEARCH; ACHIEVEMENT,Chemistry,Faculty; Government and Agencies; Industry,dated,2025-26,2026-05-15,2026-05-15,job_ad,communication_only,17,1,communication_override:job_ad (category keywords are program-feature mentions),E,0,2,comm_separation_confirmed[note]; comm_mention_context[note],"🚨 Recruitment 2026 – Thiagarajar College of Engineering, Madurai Join a legacy of excellence at Thiagarajar College of Engineering (Since 1957) — where quality and ethics matter. ✨ Open Positions: Pro"
88,June 2025-June 2026,88,yes,https://www.linkedin.com/feed/update/urn:li:activity:7452908101273403394,REVIEW_REQUIRED,undecided,I,,,Students,dated,2025-26,2026-04-23,2026-04-23,,,1,0,insufficient_evidence,G,0,0,,"🇮🇳 Your Vote. Your Future. Thiagarajar College of Engineering (TCE), Madurai, encourages every responsible citizen to make their voice count. 🗳️ Voting Date: 23 April 2026 Be the change. Shape the nat"
89,June 2025-June 2026,89,yes,https://www.linkedin.com/feed/update/urn:li:activity:7452886837200691202,ACTIVITY_CANDIDATE,activity,C,GUEST_LECTURE; OUTREACH; CLUB; RESEARCH,,Government and Agencies; Students,dated,2025-26,2026-04-25,2026-04-25,,,17,1,"activity_evidence:GUEST_LECTURE,OUTREACH,CLUB",B,1,1,cat_over_tag:RESEARCH[correction] -> verify over-tag: remove Research and Consultancy unless the text is clearly about it,"🚀 Distinguished Guest Lecture @ TCE Thiagarajar College of Engineering presents a special session on April 25, 2026 | 10:30 AM to 12 PM | KS Auditorium Theme: Reach the unreach- Indian Space Technolog"
90,June 2025-June 2026,90,yes,https://www.linkedin.com/feed/update/urn:li:activity:7452569473758150656,ACTIVITY_CANDIDATE,activity,B,ACHIEVEMENT; SPORTS,,Community and Society; Students,dated,2025-26,2026-05-01,2026-05-01; 2026-05-03,,,8,1,"activity_evidence:ACHIEVEMENT,SPORTS",B,1,1,cat_over_tag:ACHIEVEMENT[correction] -> verify over-tag: remove Achievement and Awards unless the text is clearly about it,"♟️ 9th Radha Thiagarajan Memorial State-Level Open & Children’s Chess Tournament 2026–27 Organized by Thiagarajar College of Engineering, Madurai, in association with Darshini Chess Academy & Madurai "
91,June 2025-June 2026,91,yes,https://www.linkedin.com/feed/update/urn:li:activity:7452376028582273025,ACTIVITY_CANDIDATE,activity,D,WEBINAR,"T'SEDA (Architecture, Design, Planning)",Students; Community and Society,dated,2025-26,2026-04-22,2026-04-22,,,7,0,activity_evidence:WEBINAR,A,0,0,,"🏗️ Sustainable Building Design Strategies 🌱 Thiagarajar School of Environmental Design and Architecture (T’SEDA), TCE, invites you to an insightful online session on sustainable architecture. 👤 Speake"
92,June 2025-June 2026,92,yes,https://www.linkedin.com/feed/update/urn:li:activity:7452370817511858176,ACTIVITY_CANDIDATE,activity,C,ACHIEVEMENT; SEMINAR; CAMPUS; RESEARCH,Electronics and Communication Engineering,Students,dated,2025-26,2026-04-22,2026-04-22,,,16,1,"activity_evidence:ACHIEVEMENT,SEMINAR,CAMPUS",B,1,1,cat_over_tag:RESEARCH[correction] -> verify over-tag: remove Research and Consultancy unless the text is clearly about it,"🎓 Celebrating Innovation, Research & Achievements! The Student Research Council (SRC), Thiagarajar College of Engineering cordially invites you to the Valedictory Ceremony 2025–26. Join us as we refle"
93,June 2025-June 2026,93,yes,https://www.linkedin.com/feed/update/urn:li:activity:7452369199332597760,ACTIVITY_CANDIDATE,activity,C,RESEARCH; SEMINAR,,Students; Faculty,dated,2025-26,2026-04-22,2026-04-22,,,14,1,"activity_evidence:RESEARCH,SEMINAR",A,0,0,,"🎓 TCE Research Seminar Series #32 Organized by the Research & Development Cell, TCE Join us for an insightful session by Dr. S. Padmavathi, Professor, IT Department. 📌 Topic: The Engine of Generative "
94,June 2025-June 2026,94,yes,https://www.linkedin.com/feed/update/urn:li:activity:7452311403291398144,ACTIVITY_CANDIDATE,activity,D,CLUB; SEMINAR; WORKSHOP,Civil Engineering,Students,dated,2025-26,2026-04-22,2026-04-22,,,14,1,"activity_evidence:CLUB,SEMINAR,WORKSHOP",A,0,0,,"🚀 Business Model Canvas Workshop @ TCE The Institute Innovation Council of Thiagarajar College of Engineering invites you to an insightful session on building impactful business models. 🗓 April 22, 20"
95,June 2025-June 2026,95,yes,https://www.linkedin.com/feed/update/urn:li:activity:7452236587314151424,NON_ACTIVITY,non-activity,G,RESEARCH; ACHIEVEMENT,Electrical and Electronics Engineering; Civil Engineering; Electronics and Communication Engineering; Information Technology; Mechanical Engineering; Mechatronics; Chemistry; Computer Science and Engineering,Students,dated,2025-26,2026-04-30,2026-04-30,admission_promo,communication_only,34,1,communication_override:admission_promo (category keywords are program-feature mentions),E,0,2,comm_separation_confirmed[note]; comm_mention_context[note],"🎓 Admissions Open 2026–27 | QIP @ TCE – Apply Now! Advance your research journey at Thiagarajar College of Engineering (TCE), a recognized Minor QIP Centre. 🔬 Why TCE? * 500+ PhD Scholars Awarded * 50"
97,June 2025-June 2026,97,yes,https://www.linkedin.com/feed/update/urn:li:activity:7452223921317384192,ACTIVITY_CANDIDATE,activity,A,SPORTS,,Students,dated,2025-26,2026-05-17,2026-05-17,,,5,0,activity_evidence:SPORTS,A,0,0,,"🏸 3rd Thiru Karumuttu T. Kannan Memorial Open State-Level Badminton Tournament 2026 Organized by the Department of Physical Education, Thiagarajar College of Engineering, Madurai, this tournament invi"
98,June 2025-June 2026,98,yes,https://www.linkedin.com/feed/update/urn:li:activity:7452220352799117312,REVIEW_REQUIRED,undecided,I,,Mechanical Engineering,Faculty; Students,undated,undated,,,,,3,0,insufficient_evidence,G,0,0,,"🎓 Thiagarajar College of Engineering presents ⚙️ Mechanical Engineering & Robotics Bootcamp 2026 🔍 Hands-on learning with Robotics, CNC, IC Engines & Manufacturing 🌱 Explore Solar Tech, Cold Storage &"
99,June 2025-June 2026,99,yes,https://www.linkedin.com/feed/update/urn:li:activity:7452149844116410368,ACTIVITY_CANDIDATE,activity,D,OUTREACH; NSS,,Community and Society; Students,dated,2025-26,2026-04-17,2026-04-17,,,15,1,"activity_evidence:OUTREACH,NSS",A,0,0,,"📘 TCE NSS Newsletter – Volume 1 (2026) Released! We are delighted to announce the official release of the TCE NSS Newsletter – Volume 1 (2026) on April 17, 2026. This edition captures the spirit of se"
100,June 2025-June 2026,100,yes,https://www.linkedin.com/feed/update/urn:li:activity:7451877211525279744,ACTIVITY_CANDIDATE,activity,A,CULTURAL,,Students,undated,undated,,,,,5,0,activity_evidence:CULTURAL,A,0,0,,"📜 கவியரங்கம் – அழைப்பு தியாகராசர் பொறியியற் கல்லூரி, மதுரை சிருட்டிக்கலைக்குழுமம் & தமிழ் மன்றம் வழங்கும் 🎙️ கவியரங்கம் 👩‍🏫 சிறப்பு விருந்தினர்: முனைவர் லெ. அலமேலு 📅 சித்திரை 7 | ஏப்ரல் 20, 2026 🕜 நேர"
104,June 2025-June 2026,104,yes,https://www.linkedin.com/feed/update/urn:li:activity:7451459155032244224,ACTIVITY_CANDIDATE,activity,D,GUEST_LECTURE,,Faculty; Students,dated,2025-26,2026-04-20,2026-04-20,,,6,0,activity_evidence:GUEST_LECTURE,A,0,0,,"Thiagarajar College of Engineering, Madurai, cordially invites you to the Inaugural Ceremony of *UMAY Assistive Technology Studio* — a step towards empowering children through technology-driven therap"
105,June 2025-June 2026,105,yes,https://www.linkedin.com/feed/update/urn:li:activity:7451458831596883968,ACTIVITY_CANDIDATE,activity,B,ACHIEVEMENT; HACKATHON,Mechatronics; Artificial Intelligence,Faculty; Students,undated,undated,,,,,17,1,"activity_evidence:ACHIEVEMENT,HACKATHON",C,1,1,dept_generic_term[correction] -> verify department: drop 'Artificial Intelligence' (route to General or the explicitly named department) unless the post names this department,🎉 *Proud Moment for TCE!* Thiagarajar College of Engineering team secures 🥉 3rd Place at the National-Level ISHRAE HVACR Hackathon 2025–26! 👨‍🔬 Team (2027 Batch – Mechatronics): Dharun S | Hariharasud
108,June 2025-June 2026,108,yes,https://www.linkedin.com/feed/update/urn:li:activity:7450772001536868352,REVIEW_REQUIRED,undecided,I,,,Industry; Students,dated,2025-26,2026-04-22,2026-04-22,,,2,0,insufficient_evidence,G,0,0,,🚀 Bajaj STEP Centre Inauguration at TCE Thiagarajar College of Engineering invites you to the inauguration of the Bajaj Service Training Excellence Program (STEP) Centre 🤝 A collaborative initiative b
113,June 2025-June 2026,113,yes,https://www.linkedin.com/feed/update/urn:li:activity:7450416825508474880,ACTIVITY_CANDIDATE,activity,A,OUTREACH,,Students,undated,undated,,,,,5,0,activity_evidence:OUTREACH,A,0,0,,"📢 Election Awareness Camp – Selfie Point 🗳️ To create awareness among students, step in, snap a selfie, and show your commitment to democracy! 📍 Venue: Open Air Auditorium 👥 Organized by YRC Let your "
114,June 2025-June 2026,114,yes,https://www.linkedin.com/feed/update/urn:li:activity:7450132376468238336,ACTIVITY_CANDIDATE,activity,D,OUTREACH; NSS,,Community and Society,undated,undated,,,,,17,1,"activity_evidence:OUTREACH,NSS",A,0,0,,"🌿 Thiagarajar College of Engineering NSS – Adopted Villages Initiative From Vilachery, Thanakkankulam, Sambakulam, Surakulam to Thangalacheri, TCE NSS continues to create impact through meaningful rur"
115,June 2025-June 2026,115,yes,https://www.linkedin.com/feed/update/urn:li:activity:7450131257080070144,ACTIVITY_CANDIDATE,activity,A,ALUMNI; CULTURAL,,Alumni,undated,undated,,,,,15,1,"activity_evidence:ALUMNI,CULTURAL",A,0,0,,"✨ TCE USA Alumni Meet 2026 🇺🇸 Reconnect, reminisce, and rejoice with your TCE family at the Atlanta & Michigan Chapters Meet! We are honored to have Mr. K. Hari Thiagarajan, Chairman & Correspondent, "
117,June 2025-June 2026,117,yes,https://www.linkedin.com/feed/update/urn:li:activity:7450070506751311872,REVIEW_REQUIRED,undecided,I,,,Faculty,dated,2024-25,2025-04-08,2025-04-08,,,1,0,insufficient_evidence,G,0,0,,"✨ Release of TCE Newsletter 2025 ✨ 📘 The Newsletter 2025 of Thiagarajar College of Engineering was formally released by our respected Chairman on April 8, 2025, in the presence of the Principal, Dean,"
118,June 2025-June 2026,118,yes,https://www.linkedin.com/feed/update/urn:li:activity:7450069588500996096,ACTIVITY_CANDIDATE,activity,B,ALUMNI; ACHIEVEMENT,Electronics and Communication Engineering,Alumni; Community and Society,dated,2025-26,2026-04-01,2026-04-01,greeting,,16,1,"activity_evidence:ALUMNI,ACHIEVEMENT",A,0,0,,🎉 Hearty Congratulations! 🎉 Thiagarajar College of Engineering proudly congratulates Mr. V. Prasanna (ECE – 2003 Batch) on assuming charge as Additional Divisional Railway Manager (ADRM) of the Madura
123,June 2025-June 2026,123,yes,https://www.linkedin.com/feed/update/urn:li:activity:7449641086987280384,ACTIVITY_CANDIDATE,activity,B,ACHIEVEMENT; SPORTS,,Students,dated,2025-26,2026-04-17,2026-04-17,,,9,1,"activity_evidence:ACHIEVEMENT,SPORTS",A,0,0,,"🏆 THIDALSAM 2026 – State Level Kho-Kho Tournament 🏃‍♂️ proudly presents Thiru Karumuttu Thiagarajar Chettiar 12th Memorial State Level Inter-Engineering Men’s Kho-Kho Tournament 2026 📅 April 18 & 19, "
124,June 2025-June 2026,124,yes,https://www.linkedin.com/feed/update/urn:li:activity:7449640591933726720,ACTIVITY_CANDIDATE,activity,B,GUEST_LECTURE; ACHIEVEMENT; SEMINAR; CAMPUS; CLUB,,Community and Society; Students,dated,2025-26,2026-04-15,2026-04-15,,,21,1,"activity_evidence:GUEST_LECTURE,ACHIEVEMENT,SEMINAR",A,0,0,,"🚀 *TCE Coders Club – Valedictory ’26* Join us as we celebrate innovation, achievements, and the spirit of coding at Thiagarajar College of Engineering ✨ 📅 April 15, 2026 (Wednesday) ⏰ 4:15 PM 📍 Semina"
126,June 2025-June 2026,126,yes,https://www.linkedin.com/feed/update/urn:li:activity:7449639014954979328,REVIEW_REQUIRED,undecided,I,,,,undated,undated,,,,,0,0,insufficient_evidence,G,0,0,,"🌸 தமிழ் புத்தாண்டு நல்வாழ்த்துக்கள்! 🌸 தியாகராசர் பொறியியற் கல்லூரியின் சார்பாக அனைவருக்கும் இனிய பராபவ ஆண்டு தமிழ் புத்தாண்டு நல்வாழ்த்துக்கள்! 📅 ஏப்ரல் 14, 2026 இந்த புத்தாண்டு உங்கள் வாழ்வில் புதிய"
127,June 2025-June 2026,127,yes,https://www.linkedin.com/feed/update/urn:li:activity:7448957674089529344,NON_ACTIVITY,non-activity,F,RESEARCH; ACHIEVEMENT,Electronics and Communication Engineering,Government and Agencies; Students,dated,2025-26,2026-04-30,2026-04-30,job_ad,communication_only,15,1,communication_override:job_ad (category keywords are program-feature mentions),E,0,2,comm_separation_confirmed[note]; comm_mention_context[note],"🚨 We’re Hiring – Research Opportunity! Join Thiagarajar College of Engineering for a CAIR-DRDO funded project in the Department of ECE. 🔹 Position: Project Associate (1 Post) 💰 Salary: ₹21,500/month ("
128,June 2025-June 2026,128,yes,https://www.linkedin.com/feed/update/urn:li:activity:7448957327631646720,ACTIVITY_CANDIDATE,activity,A,CAMPUS; CULTURAL,,Students; Community and Society; Faculty,undated,undated,,,,,12,1,"activity_evidence:CAMPUS,CULTURAL",A,0,0,,"🎨 Gangs of Kodambakkam – Second Edition Presented by Shrishti Cultural Association – Visual Arts, Thiagarajar College of Engineering (Since 1957) 📅 April 15 & 16 🕞 3:30 PM – 5:00 PM | BHalls 🎉 Valedic"
131,June 2025-June 2026,131,yes,https://www.linkedin.com/feed/update/urn:li:activity:7447562625313374208,ACTIVITY_CANDIDATE,activity,C,CULTURAL; RESEARCH; SEMINAR,Mechanical Engineering,Faculty; Non-Teaching Staff; Community and Society; Students,dated,2025-26,2026-04-08,2026-04-08,,,26,1,"activity_evidence:CULTURAL,RESEARCH,SEMINAR",A,0,0,,"🎉 CULTURA NOVA ’26 – Connections Organised by TCE–Shrishti Cultural Association Inviting Faculty, Non-Teaching Staff & Research Scholars to join an engaging session of connection and culture! 📅 08 Apr"
133,June 2025-June 2026,133,yes,https://www.linkedin.com/feed/update/urn:li:activity:7447183410885910528,ACTIVITY_CANDIDATE,activity,D,NSS; OUTREACH,,Students; Government and Agencies,undated,undated,,,,,12,1,"activity_evidence:NSS,OUTREACH",A,0,0,,🩸 *BLOOD DONATION CAMP - 26* 🩸 🏥 *Organized by*: NSS & YRC 🤝 *In association with*: Govt. Rajaji Hospital - Madurai 📍 *Venue*: Open Auditorium 🕘 *Time*: 9:00 AM - 4:00 PM 📅 *Date*: 8th April 2026 - We
136,June 2025-June 2026,136,yes,https://www.linkedin.com/feed/update/urn:li:activity:7446936304405131265,ACTIVITY_CANDIDATE,activity,D,WORKSHOP; CULTURAL,,Community and Society; Students,dated,2025-26,2026-05-15,2026-05-15,,,9,1,"activity_evidence:WORKSHOP,CULTURAL",A,0,0,,"🎓 DECODE IT – 2026 Engineering Exploration Week for School Students 📍 Thiagarajar College of Engineering, Madurai 📅 May 18–22, 2026 | ⏰ 10:00 AM – 4:00 PM 💡 Explore the world of IT through: * Coding ("
140,June 2025-June 2026,140,yes,https://www.linkedin.com/feed/update/urn:li:activity:7446035257776107520,ACTIVITY_CANDIDATE,activity,B,ALUMNI; ORIENTATION; ACHIEVEMENT,,,dated,2025-26,2026-04-04,2026-04-04,,,13,1,"activity_evidence:ALUMNI,ORIENTATION,ACHIEVEMENT",B,2,2,cat_over_tag:ALUMNI[correction] -> verify over-tag: remove Alumni unless the text is clearly about it; cat_over_tag:ACHIEVEMENT[correction] -> verify over-tag: remove Achievement and Awards unless the text is clearly about it,"🎓 Graduation Ceremony – Batch of 2025 📺 Watch Live 🔗 https://lnkd.in/gQrqtdhZ 📅 April 4, 2026 | ⏰ 10:35 AM Celebrate the journey. Witness the pride. 🌟 #TCEGraduation #LiveNow #GraduationCeremony #Clas"
141,June 2025-June 2026,141,yes,https://www.linkedin.com/feed/update/urn:li:activity:7446009296611442688,REVIEW_REQUIRED,undecided,I,,,Students,dated,2025-26,2026-04-06,2026-04-06,,,1,0,insufficient_evidence,G,0,0,,"🎓 College Connect Series @ TCE, TC, Madurai Explore the world of data careers! 🚀 “Data Analyst vs Data Engineer vs Data Scientist” 📅 6 April 2026 ⏰ 3:30 – 4:30 PM IST 🔗 Register: https://lnkd.in/g5xYK"
142,June 2025-June 2026,142,yes,https://www.linkedin.com/feed/update/urn:li:activity:7446008752555847680,ACTIVITY_CANDIDATE,activity,C,ACHIEVEMENT; RESEARCH,,,undated,undated,,,greeting,,18,1,"activity_evidence:ACHIEVEMENT,RESEARCH",A,0,0,,🎉 Congratulations! 🎉 Thiagarajar College of Engineering proudly celebrates our six Ph.D. Scholars for being awarded the prestigious IndiaAI Fellowship (2025–26) 👏 This remarkable achievement reflects 
149,June 2025-June 2026,149,yes,https://www.linkedin.com/feed/update/urn:li:activity:7443840323128102912,ACTIVITY_CANDIDATE,activity,B,ALUMNI; ORIENTATION; ACHIEVEMENT,Mechanical Engineering,Alumni; Students,dated,2025-26,2026-04-04,2026-04-04,,,31,1,"activity_evidence:ALUMNI,ORIENTATION,ACHIEVEMENT",B,1,1,cat_over_tag:ALUMNI[correction] -> verify over-tag: remove Alumni unless the text is clearly about it,"🎓 Graduation Ceremony – Batch 2025 🎓 The Management, Principal, Staff, and Students cordially invite you to the Graduation Ceremony 2025. 📅 April 4, 2026 (Saturday) ⏰ 10:35 AM 📍 Karumuttu Kannan Audit"
153,June 2025-June 2026,153,yes,https://www.linkedin.com/feed/update/urn:li:activity:7443142184616312833,ACTIVITY_CANDIDATE,activity,D,ORIENTATION,"Applied Mathematics and Computational Science; Computer Science and Engineering; Civil Engineering; Computer Applications; Computer Science and Business Systems; Electronics and Communication Engineering; Information Technology; Mechanical Engineering; Mechatronics; T'SEDA (Architecture, Design, Planning)",Faculty; Students,dated,2025-26,2026-03-27,2026-03-27; 2026-03-30; 2026-04-02; 2026-04-10,,,16,0,activity_evidence:ORIENTATION,A,0,0,,"🎓 FAREWELL 2026 Department-Wise Send-Off 💙 📅 Farewell Schedule 🗓️ March 27, 2026 Applied Mathematics And Computational Science | Computer Science And Engineering | Computer Science And Business System"
156,June 2025-June 2026,156,yes,https://www.linkedin.com/feed/update/urn:li:activity:7443140611429261312,ACTIVITY_CANDIDATE,activity,A,OUTREACH,Electronics and Communication Engineering,Students,dated,2025-26,2026-03-29,2026-03-29,,,10,0,activity_evidence:OUTREACH,A,0,0,,"🎓 Thiagarajar College of Engineering, Madurai 📡 Department of Electronics & Communication Engineering 🛡️ Cyber Security Awareness Programme 📢 Outreach under Sanchar Mitra Scheme by DoT in association "
157,June 2025-June 2026,157,yes,https://www.linkedin.com/feed/update/urn:li:activity:7442818716590907392,ACTIVITY_CANDIDATE,activity,D,GUEST_LECTURE,"T'SEDA (Architecture, Design, Planning)",Faculty; Community and Society; Students,dated,2025-26,2026-03-26,2026-03-26,,,10,0,activity_evidence:GUEST_LECTURE,A,0,0,,"📢 Technical Talk on Urban Planning The Faculty of Planning, T’SEDA, Thiagarajar College of Engineering, is organizing a Technical Talk on Urban Planning on March 26, 2026 | 10:30 AM to 02:00 PM 🎙️ Dr."
161,June 2025-June 2026,161,yes,https://www.linkedin.com/feed/update/urn:li:activity:7441099984789209088,ACTIVITY_CANDIDATE,activity,D,CLUB; CONFERENCE,,Students,dated,2025-26,2026-04-07,2026-04-07,,,7,1,"activity_evidence:CLUB,CONFERENCE",A,0,0,,"📄 *Paper Presentation – Math Club Activity* The Math Club, Department of Mathematics, invites students to participate in a Paper Presentation on the theme “Mathematics and Its Applications.” Showcase "
162,June 2025-June 2026,162,yes,https://www.linkedin.com/feed/update/urn:li:activity:7441099339235680256,ACTIVITY_CANDIDATE,activity,D,CONFERENCE; CLUB,,Students,dated,2025-26,2026-04-08,2026-04-08,,,8,1,"activity_evidence:CONFERENCE,CLUB",A,0,0,,"🎯 *Think²–Create | Math Club Activity* Unleash your creativity and connect mathematics with real-world ideas through Think²–Create, organized by the Math Club, Department of Mathematics. Date: April 8"
164,June 2025-June 2026,164,yes,https://www.linkedin.com/feed/update/urn:li:activity:7441097337277657088,ACTIVITY_CANDIDATE,activity,B,HACKATHON; ACHIEVEMENT,Applied Mathematics and Computational Science,Community and Society; Students,dated,2025-26,2026-05-08,2026-05-08,,,11,1,"activity_evidence:HACKATHON,ACHIEVEMENT",B,1,1,cat_over_tag:ACHIEVEMENT[correction] -> verify over-tag: remove Achievement and Awards unless the text is clearly about it,"📊 *Becoming a Data Scientist – One Week Immersive Program!* 📅 May 11–15, 2026 ⏰ 10:00 AM – 4:00 PM 👨‍🎓 For School Students (12th Grade) ✨ Program Highlights: * Explore the World of Data 🔍 * Understand"
166,June 2025-June 2026,166,yes,https://www.linkedin.com/feed/update/urn:li:activity:7440952130213126144,ACTIVITY_CANDIDATE,activity,B,SYMPOSIUM; TECH_FEST; WORKSHOP; ACHIEVEMENT; CONFERENCE,Mechatronics,Students,dated,2025-26,2026-04-02,2026-04-02,,,22,1,"activity_evidence:SYMPOSIUM,TECH_FEST,WORKSHOP",B,1,1,cat_over_tag:ACHIEVEMENT[correction] -> verify over-tag: remove Achievement and Awards unless the text is clearly about it,"🚀 SYNERGICZ 3.0 – National Level Technical Symposium Department of Mechatronics Engineering 📅 April 2, 2026 💰 Prize Pool: ₹20,000 ✨ Explore innovation through: 🔹 Technical Workshops 🔹 Paper Presentati"
169,June 2025-June 2026,169,yes,https://www.linkedin.com/feed/update/urn:li:activity:7440950054665789440,NON_ACTIVITY,non-activity,H,,,,undated,undated,,,greeting,communication_only,0,0,communication_only:greeting,E,0,1,comm_separation_confirmed[note],"🌙✨ Eid Mubarak! ✨🌙 Thiagarajar College of Engineering extends warm wishes to you and your loved ones on this joyous occasion of Eid. 🤝💫 May this special day bring peace 🕊️, happiness 😊, and prosperity"
170,June 2025-June 2026,170,yes,https://www.linkedin.com/feed/update/urn:li:activity:7440416847042301953,ACTIVITY_CANDIDATE,activity,B,ACHIEVEMENT,Mechanical Engineering,Students,undated,undated,,,thanks,,10,0,activity_evidence:ACHIEVEMENT,B,1,1,cat_over_tag:ACHIEVEMENT[correction] -> verify over-tag: remove Achievement and Awards unless the text is clearly about it,"🎉 NBA ACCREDITATION (TIER-I) Thiagarajar College of Engineering, Madurai, proudly announces 🏆 3 YEARS ACCREDITATION 🗓️ 2026 – 2028 for UG Engineering Programme: 🔹 Mechanical Engineering ✨ A proud mile"
171,June 2025-June 2026,171,yes,https://www.linkedin.com/feed/update/urn:li:activity:7440415957921099776,ACTIVITY_CANDIDATE,activity,B,ACHIEVEMENT,Electrical and Electronics Engineering; Civil Engineering; Electronics and Communication Engineering,Students,undated,undated,,,thanks,,12,0,activity_evidence:ACHIEVEMENT,B,1,1,cat_over_tag:ACHIEVEMENT[correction] -> verify over-tag: remove Achievement and Awards unless the text is clearly about it,"🎉 NBA ACCREDITATION (TIER-I) Thiagarajar College of Engineering, Madurai, proudly announces 🏆 6 YEARS ACCREDITATION 🗓️ 2026 – 2031 for UG Engineering Programmes: 🔹 Civil Engineering 🔹 Electrical & Ele"
176,June 2025-June 2026,176,yes,https://www.linkedin.com/feed/update/urn:li:activity:7439134424920850432,ACTIVITY_CANDIDATE,activity,B,ACHIEVEMENT,,Students,dated,2025-26,2026-03-24,2026-03-24,thanks,,5,0,activity_evidence:ACHIEVEMENT,A,0,0,,"✨ The Management, Principal, Staff and Students cordially invite your esteemed presence 🎓 68th College Day Function Thiagarajar College of Engineering, Madurai 📅 Tuesday, 24 March 2026 | 04:35 PM 📍 Ka"
178,June 2025-June 2026,178,yes,https://www.linkedin.com/feed/update/urn:li:activity:7439133379062607872,ACTIVITY_CANDIDATE,activity,D,STTP; CLUB,Information Technology,Students; Community and Society,dated,2025-26,2026-04-03,2026-04-03; 2026-04-04,,,17,1,"activity_evidence:STTP,CLUB",A,0,0,,"🚀 One Week Online STTP on “Art of Coding Using AI Tools” (Inclusive of 3 hours contests ) The Department of Information Technology, Thiagarajar College of Engineering, in association with IEEE Computa"
183,June 2025-June 2026,183,yes,https://www.linkedin.com/feed/update/urn:li:activity:7438418942496468992,ACTIVITY_CANDIDATE,activity,B,ACHIEVEMENT,,Students,dated,2025-26,2026-03-24,2026-03-24,thanks,,5,0,activity_evidence:ACHIEVEMENT,A,0,0,,"✨ The Management, Principal, Staff and Students cordially invite your esteemed presence 🎓 68th College Day Function Thiagarajar College of Engineering, Madurai 📅 Tuesday, 24 March 2026 | 04:35 PM 📍 Ka"
185,June 2025-June 2026,185,yes,https://www.linkedin.com/feed/update/urn:li:activity:7437867633514987521,ACTIVITY_CANDIDATE,activity,D,HACKATHON,Computer Science and Engineering,Industry; Students,dated,2025-26,2026-03-17,2026-03-17; 2026-03-27,,,8,0,activity_evidence:HACKATHON,A,0,0,,"🚀 *HACKRAX’26 – Industry Innovation Challenge* The Department of Computer Science and Engineering, Thiagarajar College of Engineering, Madurai, presents HACKRAX '26 – a platform to transform innovativ"
187,June 2025-June 2026,187,yes,https://www.linkedin.com/feed/update/urn:li:activity:7437535773513609216,ACTIVITY_CANDIDATE,activity,B,HACKATHON; SYMPOSIUM; WORKSHOP; ACHIEVEMENT,Mechanical Engineering,,dated,2025-26,2026-04-02,2026-04-02,,,18,1,"activity_evidence:HACKATHON,SYMPOSIUM,WORKSHOP",B,1,1,cat_over_tag:ACHIEVEMENT[correction] -> verify over-tag: remove Achievement and Awards unless the text is clearly about it,"🚀 *MOBIUS 2K26 – TECHUTSAV* The *Mechanical Engineering Association* of *Thiagarajar College of Engineering* proudly presents **MOBIUS 2K26**, a **National Level Technical Symposium**! 🔧⚙️ 📅 *Date:* A"
195,June 2025-June 2026,195,yes,https://www.linkedin.com/feed/update/urn:li:activity:7437052216152203265,NON_ACTIVITY,non-activity,F,,Information Technology,Government and Agencies; Students,undated,undated,,,job_ad,communication_only,3,0,communication_only:job_ad,E,0,1,comm_separation_confirmed[note],"🚨 *Job Opportunities at TCE!* Under the Environmental Information, Awareness, Capacity Building and Livelihood Programme (EIACP) scheme of the Ministry of Environment, Forest and Climate Change, appli"
198,June 2025-June 2026,198,yes,https://www.linkedin.com/feed/update/urn:li:activity:7436373407010811904,NON_ACTIVITY,non-activity,H,,,,dated,2025-26,2026-03-08,2026-03-08,greeting,communication_only,0,0,communication_only:greeting,E,0,1,comm_separation_confirmed[note],"🌸 Happy Women’s Day March 8, 2026 TCE wishes everyone a Happy Women’s Day. As we celebrate the spirit of “Give to Gain,” we honor the strength, leadership, and inspiring contributions of women who sha"
204,June 2025-June 2026,204,yes,https://www.linkedin.com/feed/update/urn:li:activity:7435149888822259715,REVIEW_REQUIRED,undecided,I,,"T'SEDA (Architecture, Design, Planning); Chemistry",,dated,2025-26,2026-03-06,2026-03-06,,,2,0,insufficient_evidence,G,0,0,,"🌿 Panel Discussion on The Sustainability Outlook Investment, Impact & Interdisciplinary Action Thiagarajar College of Engineering – T'SEDA presents an engaging panel discussion featuring experts from "
206,June 2025-June 2026,206,yes,https://www.linkedin.com/feed/update/urn:li:activity:7434820924614504448,ACTIVITY_CANDIDATE,activity,D,WEBINAR,Applied Mathematics and Computational Science,Students,dated,2025-26,2026-03-04,2026-03-04,,,7,0,activity_evidence:WEBINAR,A,0,0,,"📢 Webinar on Design Thinking for AI & Data Innovation The Department of Applied Mathematics & Computational Science, jointly with E-Cell, is organizing an insightful webinar for M.Sc. Data Science stu"
212,June 2025-June 2026,212,yes,https://www.linkedin.com/feed/update/urn:li:activity:7433018372193255424,REVIEW_REQUIRED,undecided,I,,,Students,undated,undated,,,,,1,0,insufficient_evidence,G,0,0,,"🌍 World Sustainable Energy Day – February 27 TCE celebrates World Sustainable Energy Day, reaffirming our commitment to SDG 7—Affordable & Clean Energy. 🌱 TCE’s Sustainable Energy Practices 🔋 3 Biogas"
213,June 2025-June 2026,213,yes,https://www.linkedin.com/feed/update/urn:li:activity:7432831315701288961,REVIEW_REQUIRED,undecided,I,,Applied Mathematics and Computational Science; Computer Applications; Computer Science and Business Systems; Computer Science and Engineering,,dated,2025-26,2026-02-27,2026-02-27,,,4,0,insufficient_evidence,G,0,0,,"🎉 TECHUTSAV PARADIGM ’26 – Inaugural Ceremony The Departments of CSE, IT, CSBS, AMCS & MCA cordially invite you to the Inaugural Ceremony of TECHUTSAV PARADIGM ’26 🎙 Chief Guest: R. Ramanathan Princip"
226,June 2025-June 2026,226,yes,https://www.linkedin.com/feed/update/urn:li:activity:7431549960011251714,ACTIVITY_CANDIDATE,activity,D,CONFERENCE; GUEST_LECTURE; INTERNSHIP,,Students,dated,2025-26,2026-02-23,2026-02-23,thanks,,13,1,"activity_evidence:CONFERENCE,GUEST_LECTURE,INTERNSHIP",A,0,0,,"🌍 Centre for International Affairs – International Conference Talk Series (Online) 🎓 Inauguration Ceremony Chief Guest & Keynote Speaker: Dr. Pao-Ann Hsuing Dean, College of Engineering National Chung"
230,June 2025-June 2026,230,yes,https://www.linkedin.com/feed/update/urn:li:activity:7431092539660697601,REVIEW_REQUIRED,undecided,I,,,Students,dated,2025-26,2026-02-27,2026-02-27; 2026-03-21,,,1,0,insufficient_evidence,G,0,0,,"✨ JUSTICE BYTES–2026 A Social Impact Multimedia Contest Thiagarajar College of Engineering (TCE ADC), in collaboration with the Justice Shivraj Patil Foundation, presents a unique contest on the occas"
232,June 2025-June 2026,232,yes,https://www.linkedin.com/feed/update/urn:li:activity:7430470962602749952,ACTIVITY_CANDIDATE,activity,D,GUEST_LECTURE; WEBINAR,"T'SEDA (Architecture, Design, Planning)",Community and Society; Students,undated,undated,,,,,12,1,"activity_evidence:GUEST_LECTURE,WEBINAR",A,0,0,,🎓 Guest Lecture on Campus Planning in Indian Context Thiagarajar School of Environmental Design and Architecture (T’SEDA) 🗓 February 23 ⏰ 2:15 – 4:15 PM 📍 Online Session 🎙 Guest Speaker: Ar. Sanjay Mo
234,June 2025-June 2026,234,yes,https://www.linkedin.com/feed/update/urn:li:activity:7430217788398456832,REVIEW_REQUIRED,undecided,I,,,Students,undated,undated,,,,,1,0,insufficient_evidence,G,0,0,,"🌟 *TCE Team Leadership Programme* February 20 & 21 Venue: Kodaikanal Thiagarajar College of Engineering is organizing a focused leadership development programme for *Heads, Deans & Registrar* . The pr"
242,June 2025-June 2026,242,yes,https://www.linkedin.com/feed/update/urn:li:activity:7428930441895694336,ACTIVITY_CANDIDATE,activity,D,HACKATHON; TECH_FEST,"T'SEDA (Architecture, Design, Planning)",Students,undated,undated,,,,,12,1,"activity_evidence:HACKATHON,TECH_FEST",C,1,1,"dept_generic_term[correction] -> verify department: drop 'T'SEDA (Architecture, Design, Planning)' (route to General or the explicitly named department) unless the post names this department","🚀 TECHUTSAV 2026 | Feb 27 – Mar 6 Thiagarajar College of Engineering 🏆 ₹2.7+ Lakh Prize Pool ⚡ 7+ Departments. 70+ Events. One Massive Arena. From AI & Industrial IoT to Robotics, Hackathons, CAD Batt"
247,June 2025-June 2026,247,yes,https://www.linkedin.com/feed/update/urn:li:activity:7427682900646748160,NON_ACTIVITY,non-activity,G,RESEARCH,Civil Engineering; Mechatronics; Computer Science and Business Systems; Computer Science and Engineering; Electrical and Electronics Engineering; Electronics and Communication Engineering,,dated,2025-26,2026-03-10,2026-03-10,admission_promo,communication_only,23,0,communication_override:admission_promo (category keywords are program-feature mentions),E,0,2,comm_separation_confirmed[note]; comm_mention_context[note],🎓 Thiagarajar Post Doctoral Fellowship (TPDF) 2026 🚀 Admissions Open 🔹 Offering Departments: EEE | Civil | ECE | CSE | IT | CSBS | Mechatronics 🔹 Eligibility: ✔ Ph.D. Degree / Completed Viva-Voce in T
253,June 2025-June 2026,253,yes,https://www.linkedin.com/feed/update/urn:li:activity:7426594353860714497,ACTIVITY_CANDIDATE,activity,B,HACKATHON; SYMPOSIUM; CLUB; CONFERENCE; ACHIEVEMENT,Electronics and Communication Engineering,Students,dated,2025-26,2026-03-14,2026-03-14,,,23,1,"activity_evidence:HACKATHON,SYMPOSIUM,CLUB",B,1,1,cat_over_tag:ACHIEVEMENT[correction] -> verify over-tag: remove Achievement and Awards unless the text is clearly about it,"🚀 ZENYTH 2026 – Where Ideas Rise to the Peak! TCE IEEE Student Branch, in association with the Department of Electronics and Communication Engineering, Thiagarajar College of Engineering brings you a "
254,June 2025-June 2026,254,yes,https://www.linkedin.com/feed/update/urn:li:activity:7426593231230091264,REVIEW_REQUIRED,undecided,I,,"T'SEDA (Architecture, Design, Planning)",Students; Community and Society,dated,2025-26,2026-02-24,2026-02-24; 2026-02-27,,,3,0,insufficient_evidence,G,0,0,,🎨 WORLD SUSTAINABLE ENERGY WEEK 2026 | POSTER DESIGN COMPETITION 🌍 T’SEDA – Thiagarajar College of Engineering (Since 1957) Where quality and ethics matter 🗓 24–27 Feb 2026 💡 Be the Spark. Drive the C
255,June 2025-June 2026,255,yes,https://www.linkedin.com/feed/update/urn:li:activity:7426592752898920448,REVIEW_REQUIRED,undecided,I,,"T'SEDA (Architecture, Design, Planning)",Students; Community and Society,dated,2025-26,2026-02-24,2026-02-24; 2026-02-27,,,3,0,insufficient_evidence,G,0,0,,🎬 LIGHTS. CAMERA. SUSTAINABLE ACTION! 🌍 T’SEDA – Thiagarajar School of Environmental Design & Architecture presents SHORT FILM COMPETITION on SDGs as part of World Sustainable Energy Week 2026 📅 24–27
258,June 2025-June 2026,258,yes,https://www.linkedin.com/feed/update/urn:li:activity:7426116373627723777,NON_ACTIVITY,non-activity,F,ALUMNI,,Students; Alumni; Community and Society; Faculty; Parents,undated,undated,,,job_ad,communication_only,10,0,communication_override:job_ad (category keywords are program-feature mentions),E,0,2,comm_separation_confirmed[note]; comm_mention_context[note],"🗣️ LET’S TALK! MEET YOUR PAL Have a conversation with Dr. L. Ashok Kumar Principal ✨ An open and friendly space for students, parents, alumni, faculty, and staff 💬 Share your ideas, concerns, and feed"
260,June 2025-June 2026,260,yes,https://www.linkedin.com/feed/update/urn:li:activity:7425224477539758080,ACTIVITY_CANDIDATE,activity,D,CONFERENCE; INTERNSHIP; WEBINAR,,Industry; Students,undated,undated,,,,,14,1,"activity_evidence:CONFERENCE,INTERNSHIP,WEBINAR",B,1,1,"multi_label_overlap[correction] -> verify multi-label: if both describe the SAME event, keep only the dominant category (CONFERENCE)","🌐 *International Conference | Online Talk Series 📅 February 23–27, 2026* Organised by the Centre for International Affairs, Thiagarajar College of Engineering 🎙️ 5 Days | Global Experts | Future-Ready"
261,June 2025-June 2026,261,yes,https://www.linkedin.com/feed/update/urn:li:activity:7424410072987885569,ACTIVITY_CANDIDATE,activity,C,ACHIEVEMENT; RESEARCH; ORIENTATION,Chemistry; Electrical and Electronics Engineering,Faculty; Government and Agencies,dated,2025-26,2025-07-18,2025-07-18; 2025-12-17,,,28,1,"activity_evidence:ACHIEVEMENT,RESEARCH,ORIENTATION",C,1,1,dept_generic_term[correction] -> verify department: drop 'Chemistry' (route to General or the explicitly named department) unless the post names this department,🎉 Congratulations! 🎉 A proud moment for Thiagarajar College of Engineering as it secures Design Registration for the 🔬 INDUCTION-ASSISTED SOLVENT DEPOSITION REACTOR 🆔 Design No.: 466182-001 📅 Register
265,June 2025-June 2026,265,yes,https://www.linkedin.com/feed/update/urn:li:activity:7424303834551836672,NON_ACTIVITY,non-activity,F,RESEARCH,Computer Science and Engineering; Electrical and Electronics Engineering,Students; Government and Agencies,dated,2025-26,2026-02-13,2026-02-13,job_ad,communication_only,17,0,communication_override:job_ad (category keywords are program-feature mentions),E,0,2,comm_separation_confirmed[note]; comm_mention_context[note],"🚨 JRF Recruitment | MeitY–MHI EVSS Project | TCE, Madurai Thiagarajar College of Engineering invites applications from Indian Nationals for Junior Research Fellow (JRF) – 1 Post 🔋 Project: State-of-th"
267,June 2025-June 2026,267,yes,https://www.linkedin.com/feed/update/urn:li:activity:7424302333964017664,REVIEW_REQUIRED,undecided,I,,,Faculty; Industry,dated,2025-26,2026-02-03,2026-02-03,,,2,0,insufficient_evidence,G,0,0,,"🎙️ TCE at Science, Technology & Startup Innovation Fest 2026 Dr. L. Ashok Kumar, Principal, Thiagarajar College of Engineering, Madurai, will deliver a Science Talk on “Catalyzing Collaboration betwee"
269,June 2025-June 2026,269,yes,https://www.linkedin.com/feed/update/urn:li:activity:7424247183954268161,REVIEW_REQUIRED,undecided,I,,,,undated,undated,,,,,0,0,insufficient_evidence,G,0,0,,🕉️ ஸ்ரீ கலைமஹா கணபதி ஆலய வருடாபிஷேகம் 🕉️ நமது கல்லூரியின் ஸ்ரீ கலைமஹா கணபதி ஆலயத்தில் வருடாபிஷேகம் சிறப்பாக நடைபெற உள்ளது. 📅 நாள் : 03.02.2026 (செவ்வாய்க்கிழமை) ⏰ காலை 8.30 மணி முதல் நிகழ்ச்சி விவரங்க
275,June 2025-June 2026,275,yes,https://www.linkedin.com/feed/update/urn:li:activity:7422560779750625280,ACTIVITY_CANDIDATE,activity,D,NCC; NSS,,Students,undated,undated,,,thanks,,11,1,"activity_evidence:NCC,NSS",A,0,0,,🇮🇳 77th Republic Day Celebrations | TCE 📍 Main Ground | 🗓️ 26.01.2026 | ⏰ Morning A proud morning of patriotism and discipline 🇮🇳 ✨ Chief Guest arrival & warm welcome 🚩 Flag Hoisting & Balloon Release
278,June 2025-June 2026,278,yes,https://www.linkedin.com/feed/update/urn:li:activity:7421212560802209792,ACTIVITY_CANDIDATE,activity,D,NCC,,,dated,2025-26,2026-01-26,2026-01-26,,,5,0,activity_evidence:NCC,A,0,0,,"4 (TN) ENGR COY NCC Thiagarajar College of Engineering Cordially invites you to celebrate The 77ᵗʰ Republic Day of India 🇮🇳 Dr. L. Ashok Kumar Principal, TCE will graciously preside over the function "
282,June 2025-June 2026,282,yes,https://www.linkedin.com/feed/update/urn:li:activity:7420371603135586304,REVIEW_REQUIRED,undecided,I,,,,dated,2025-26,2026-01-23,2026-01-23,,,0,0,insufficient_evidence,G,0,0,,"🔐 Cyber Security Essentials 🔐 Understanding Modern Threats & Practical Defense 🗣 Expert Speaker Mr. Sankarraj Subramanian Founder & CEO, Prompt Infotech, Coimbatore 📅 Jan 23, 2026 ⏰ 1:45 PM – 3:30 PM "
288,June 2025-June 2026,288,yes,https://www.linkedin.com/feed/update/urn:li:activity:7419601456556716032,ACTIVITY_CANDIDATE,activity,D,WEBINAR; CLUB; SEMINAR,Electronics and Communication Engineering,Community and Society; Students,dated,2025-26,2026-01-22,2026-01-22,,,16,1,"activity_evidence:WEBINAR,CLUB,SEMINAR",A,0,0,,📡 Inauguration Ceremony & Webinar on 5G Mobile Communications IEEE Broadcast Technology Society (BTS) in collaboration with TCE IEEE Student Branch & Dept. of ECE 🎙 Chief Guest & Speaker Shri S. Sudha
298,June 2025-June 2026,298,yes,https://www.linkedin.com/feed/update/urn:li:activity:7417516008531447808,ACTIVITY_CANDIDATE,activity,B,SYMPOSIUM; TECH_FEST; WORKSHOP; ACHIEVEMENT,Electronics and Communication Engineering,Faculty; Students,dated,2025-26,2026-02-07,2026-02-07,,,20,1,"activity_evidence:SYMPOSIUM,TECH_FEST,WORKSHOP",B,2,2,"cat_over_tag:ACHIEVEMENT[correction] -> verify over-tag: remove Achievement and Awards unless the text is clearly about it; multi_label_overlap[correction] -> verify multi-label: if both describe the SAME event, keep only the dominant category (SYMPOSIUM)","🚀 TECHVISTA ’26 | National Level Technical Symposium Organised by the Department of Electronics & Communication Engineering, TCE in association with IEI & IETE Student Chapters 📅 7 February 2026 🎯 Eve"
310,June 2025-June 2026,310,yes,https://www.linkedin.com/feed/update/urn:li:activity:7415982659241156608,REVIEW_REQUIRED,undecided,I,,,,undated,undated,,,,,0,0,insufficient_evidence,G,0,0,,"🏎️ Kudos to Team Prometheans E83 from Thiagarajar College of Engineering! 🎉 💥 Competing in the eBAJA SAEINDIA 2026 Endurance Race! 💥 🔥 4 Hours of Grit, Speed, and Teamwork 🔥 📅 11th Jan 2026| 🕗 9 AM 🏁 "
333,June 2025-June 2026,333,yes,https://www.linkedin.com/feed/update/urn:li:activity:7410055784660926464,REVIEW_REQUIRED,undecided,I,,,Government and Agencies; Faculty; Students,ambiguous_multi_year,2025-26,2025-12-29,2025-12-29; 2026-01-01,,multi_year,3,0,insufficient_evidence,G,0,1,multi_year_keep[note],"📘 AICTE-Sponsored Academic Meet | TCE, Madurai Theme: Preparing Glossary of Engineering in தமிழ் Language 🗓 29 Dec 2025 – 1 Jan 2026 Organised by: Govt. of India – Commission for Scientific & Technica"
346,June 2025-June 2026,346,yes,https://www.linkedin.com/feed/update/urn:li:activity:7408058293182488576,REVIEW_REQUIRED,undecided,I,,,,undated,undated,,,,weak_text; text_is_url,0,0,weak_text_requires_review,G,0,0,,https://lnkd.in/g3h959qb
369,June 2025-June 2026,369,yes,https://www.linkedin.com/feed/update/urn:li:activity:7403767539987689472,REVIEW_REQUIRED,undecided,I,,Electrical and Electronics Engineering,Industry; Faculty; Students,undated,undated,,,,,4,0,insufficient_evidence,G,0,0,,"🌞 Congratulations! 🌞 Thiagarajar College of Engineering, Madurai, congratulates the project team for receiving sanction to carry out the project titled “Real-Time Solar Energy Forecasting Using Hybrid"
370,June 2025-June 2026,370,yes,https://www.linkedin.com/feed/update/urn:li:activity:7403767089481580545,REVIEW_REQUIRED,undecided,I,,Chemistry,Industry; Faculty,undated,undated,,,,,3,0,insufficient_evidence,G,0,0,,"✨ Congratulations ✨ TCE proudly congratulates the project team for the sanction of the project titled Digicell in Sight: A Data-Driven Framework for Comparative Analysis, Predictive Modeling, and Life"
371,June 2025-June 2026,371,yes,https://www.linkedin.com/feed/update/urn:li:activity:7403766626149720071,REVIEW_REQUIRED,undecided,I,,Electrical and Electronics Engineering,Industry; Faculty,undated,undated,,,,,3,0,insufficient_evidence,G,0,0,,"🎉 Congratulations! 🎉 Thiagarajar College of Engineering, Madurai, proudly congratulates the project team on the sanctioned project titled “Indigenous Intelligent Battery Management System for Enhanced"
392,June 2025-June 2026,392,yes,https://www.linkedin.com/feed/update/urn:li:activity:7400145510982041600,ACTIVITY_CANDIDATE,activity,B,ACHIEVEMENT,,Community and Society; Students,ambiguous_multi_year,2025-26,2025-12-27,2025-12-27; 2026-01-21,,multi_year,9,0,activity_evidence:ACHIEVEMENT,H,0,1,multi_year_keep[note],"🤖 TCE AI Consortium presents AI OLYMPIAD 2025–26: Unleash Your Future Genius! For School Students (Grades 6–12) 🗓️ Round 1 (Online): Dec 27, 2025 🏆 Final Round (Offline): Jan 21, 2026 💰 Fee: ₹300 | Re"
393,June 2025-June 2026,393,yes,https://www.linkedin.com/feed/update/urn:li:activity:7400144446048256000,ACTIVITY_CANDIDATE,activity,C,RESEARCH,,Faculty; Industry; Students,ambiguous_multi_year,2025-26,2025-11-30,2025-11-30; 2026-01-05; 2026-01-09,,multi_year,25,0,activity_evidence:RESEARCH,H,0,1,multi_year_keep[note],"🎓 2nd National Research Conclave @ TCE, Madurai 📅 March 26–27, 2026 🔍 Theme: Digital Transformation & Sustainable Innovation in Engineering and Science 💡 Theme Areas: Quantum Information Science | Dig"
394,June 2025-June 2026,394,yes,https://www.linkedin.com/feed/update/urn:li:activity:7400144281459486721,ACTIVITY_CANDIDATE,activity,B,HACKATHON; INDUSTRY; ACHIEVEMENT,,Community and Society; Industry; Students,ambiguous_multi_year,2025-26,2025-12-27,2025-12-27; 2026-01-21,,multi_year,16,1,"activity_evidence:HACKATHON,INDUSTRY,ACHIEVEMENT",B,2,3,cat_over_tag:INDUSTRY[correction] -> verify over-tag: remove Industry Collaboration unless the text is clearly about it; cat_over_tag:ACHIEVEMENT[correction] -> verify over-tag: remove Achievement and Awards unless the text is clearly about it; multi_year_keep[note],"🎯 TCE AI CONSORTIUM presents – AI FUSION 2025 🤖 AI OLYMPIAD & AI HACKATHON 💡 Where Innovation Meets Intelligence! 📅 Dec 27, 2025 – Jan 21, 2026 🏫 AI Olympiad: Grade 6–12 💻 AI Hackathon: Engineering, A"
395,June 2025-June 2026,395,yes,https://www.linkedin.com/feed/update/urn:li:activity:7400142786039070720,ACTIVITY_CANDIDATE,activity,D,HACKATHON,,Industry,ambiguous_multi_year,2025-26,2025-12-27,2025-12-27; 2026-01-21,,multi_year,6,0,activity_evidence:HACKATHON,H,0,1,multi_year_keep[note],"💡 TCE AI Consortium Hackathon Challenge 2025 🗓️ Dec 27, 2025 – Jan 21, 2026 ⚙️ Hybrid Mode | Registration Fee: ₹500/- 💥 Show Your Skills, Win Cool Prizes! 🚀 Problem statements by industry experts 👉 ti"
396,June 2025-June 2026,396,yes,https://www.linkedin.com/feed/update/urn:li:activity:7399838812782243840,REVIEW_REQUIRED,undecided,I,,,,dated,2025-26,2025-11-28,2025-11-28,,,0,0,insufficient_evidence,G,0,0,,"🎓 Kanitamil Forum Inauguration & 7th Lecture Series @ TCE 📅 28 Nov 2025 | 🕛 12:00 PM 📍 K.K. Auditorium, TCE ✨ Chief Guest: Dr. Palanivel Thiaga Rajan , Hon’ble Minister for IT & Digital Services, TN 🎙"
397,June 2025-June 2026,397,yes,https://www.linkedin.com/feed/update/urn:li:activity:7399837940786393088,REVIEW_REQUIRED,undecided,I,,Information Technology,Students,dated,2025-26,2025-11-28,2025-11-28,,,2,0,insufficient_evidence,G,0,0,,"Thiagarajar College of Engineering, Madurai in collaboration with Tamil Virtual Academy (TVA) cordially invites you to the Inauguration of the Kanitamil Forum and the 7th Kanitamil Lecture Series 📅 Da"
400,June 2025-June 2026,400,yes,https://www.linkedin.com/feed/update/urn:li:activity:7399725330472738816,ACTIVITY_CANDIDATE,activity,C,RESEARCH,Electrical and Electronics Engineering,Students,dated,2023-24,2023-08-16,2023-08-16,,pre_2024_ambiguous,7,0,activity_evidence:RESEARCH,C,1,2,dept_generic_term[correction] -> verify department: drop 'Electrical and Electronics Engineering' (route to General or the explicitly named department) unless the post names this department; pre_2024_keep[note],"Congratulations to Our Innovators! 🏅 Utility Patent Granted HYSTERESIS LOOP FRAMED ELECTRIC BICYCLE Patent No.: 202341054997 | Dated: Aug 16, 2023 Inventors: Dr. S. Julius Fusic • Dr. M. Balamurali • "
409,June 2025-June 2026,409,yes,https://www.linkedin.com/feed/update/urn:li:activity:7398992042741334016,REVIEW_REQUIRED,undecided,I,,Information Technology,Students,dated,2025-26,2025-11-30,2025-11-30,,,2,0,insufficient_evidence,G,0,0,,"🎯 Skill Development Training Programme “Livelihood through Computers: Crafting Income from Home” Organized by the Centre for Continuing Education & Department of Information Technology, Thiagarajar Co"
414,June 2025-June 2026,414,yes,https://www.linkedin.com/feed/update/urn:li:activity:7397186144225906688,ACTIVITY_CANDIDATE,activity,D,WORKSHOP,Information Technology,Students; Industry,ambiguous_multi_year,2025-26,2025-12-20,2025-12-20; 2026-01-31; 2026-02-28,,multi_year,6,0,activity_evidence:WORKSHOP,H,0,1,multi_year_keep[note],"🌥️ Skill Development Training Programme on AWS Cloud Foundations Centre for Continuing Education Centre of Excellence for Amazon Web Services Organized by the Department of Information Technology, TCE"
415,June 2025-June 2026,415,yes,https://www.linkedin.com/feed/update/urn:li:activity:7396595849616711680,ACTIVITY_CANDIDATE,activity,D,PLACEMENT; CLUB,,Students,ambiguous_multi_year,2025-26,2025-11-19,2025-11-19; 2026-01-22; 2026-02-11; 2026-03-04; 2026-03-11,,multi_year,8,1,"activity_evidence:PLACEMENT,CLUB",H,0,1,multi_year_keep[note],"🎓 TCE Math Olympiad 2025–26 TCE MATH Club is launching the Math Olympiad to boost Olympiad-style problem-solving with engineering applications—ideal for GATE, placements & higher studies. 📘 Syllabus ("
416,June 2025-June 2026,416,yes,https://www.linkedin.com/feed/update/urn:li:activity:7396580054115311616,REVIEW_REQUIRED,undecided,I,,,Government and Agencies; Students,dated,2025-26,2025-11-28,2025-11-28,,,2,0,insufficient_evidence,G,0,0,,"🚍 TCE hosts Deloitte–IIT Madras Training Program E-Bus Operational Planning and Advanced Technology Integration TCE, Madurai, is hosting Batch IV of the Training & Capacity Building Program for TNSTC "
419,June 2025-June 2026,419,yes,https://www.linkedin.com/feed/update/urn:li:activity:7396218234196185088,ACTIVITY_CANDIDATE,activity,D,PLACEMENT; CLUB,,Students,ambiguous_multi_year,2025-26,2025-11-19,2025-11-19; 2026-01-22; 2026-02-11; 2026-03-04; 2026-03-11,,multi_year,8,1,"activity_evidence:PLACEMENT,CLUB",H,0,1,multi_year_keep[note],"🎓 TCE Math Olympiad 2025–26 TCE MATH Club is launching the Math Olympiad to boost Olympiad-style problem-solving with engineering applications—ideal for GATE, placements & higher studies. 📘 Syllabus ("
425,June 2025-June 2026,425,yes,https://www.linkedin.com/feed/update/urn:li:activity:7394584633985785856,ACTIVITY_CANDIDATE,activity,D,NSS,,Government and Agencies; Community and Society; Students,undated,undated,,,,,8,0,activity_evidence:NSS,A,0,0,,"A Two-Day 🎓 Career Guidance Exposure Visit 2025 Inspiring Young Minds Towards Higher Education Thiagarajar College of Engineering, Madurai, warmly welcomes Class 12 students from Government Schools fo"
426,June 2025-June 2026,426,yes,https://www.linkedin.com/feed/update/urn:li:activity:7394583420905037824,ACTIVITY_CANDIDATE,activity,C,STTP; RESEARCH,Computer Science and Business Systems; Applied Mathematics and Computational Science; Artificial Intelligence,Students; Faculty; Industry,dated,2025-26,2025-11-28,2025-11-28,,,24,1,"activity_evidence:STTP,RESEARCH",C,2,2,dept_generic_term[correction] -> verify department: drop 'Applied Mathematics and Computational Science' (route to General or the explicitly named department) unless the post names this department; dept_generic_term[correction] -> verify department: drop 'Artificial Intelligence' (route to General or the explicitly named department) unless the post names this department,🎯 5-Day Online Short Term Training Program (STTP) on “ Next Generation Tools and Techniques ” 📅 24 – 28 November 2025 🕒 Mode: Online Organized by the Department of Computer Science and Business System
427,June 2025-June 2026,427,yes,https://www.linkedin.com/feed/update/urn:li:activity:7394582933698801664,REVIEW_REQUIRED,undecided,I,,,Faculty; Industry; Students,undated,undated,,,,,3,0,insufficient_evidence,G,0,0,,"🎥 Call for Creative Videographers and Editors! Thiagarajar College of Engineering, Madurai, is inviting professional videographers with strong editing skills to collaborate with our official branding "
429,June 2025-June 2026,429,yes,https://www.linkedin.com/feed/update/urn:li:activity:7394580873519673344,REVIEW_REQUIRED,undecided,I,,Electrical and Electronics Engineering,Industry,dated,2025-26,2025-11-14,2025-11-14,,,2,0,insufficient_evidence,G,0,0,,"🎉 Inauguration Invitation Thiagarajar College of Engineering, Madurai cordially invites you to the inauguration of the Fuji Electric Centre of Excellence – Innovation Hub for Automation and Drives 🗓️ "
431,June 2025-June 2026,431,yes,https://www.linkedin.com/feed/update/urn:li:activity:7394327759264804864,REVIEW_REQUIRED,undecided,I,,Information Technology,Faculty,undated,undated,,,,,2,0,insufficient_evidence,G,0,0,,"🚀 Faculty Bootcamp on Drone Technology The Department of Information Technology, Thiagarajar College of Engineering, Madurai, in collaboration with Marlion Technologies, proudly presents a Faculty Boo"
434,June 2025-June 2026,434,yes,https://www.linkedin.com/feed/update/urn:li:activity:7394233289097719808,ACTIVITY_CANDIDATE,activity,D,NSS,,Government and Agencies; Community and Society; Students,dated,2025-26,2025-11-12,2025-11-12,,,8,0,activity_evidence:NSS,A,0,0,,"🎓 Career Guidance Exposure Visit 2025 Inspiring Young Minds Towards Higher Education Thiagarajar College of Engineering, Madurai, warmly welcomes Class 12 students from Government Schools for the Care"
451,June 2025-June 2026,451,yes,https://www.linkedin.com/feed/update/urn:li:activity:7389951409409949696,ACTIVITY_CANDIDATE,activity,B,ACHIEVEMENT; NCC; CULTURAL,,Students,dated,2025-26,2025-10-01,2025-10-01,,,18,1,"activity_evidence:ACHIEVEMENT,NCC,CULTURAL",A,0,0,,"🎯 TCE at AP Trekking Camp II – Araku Valley, Andhra Pradesh 🏞️ Sep 24 – Oct 1, 2025 Proud moment for our NCC Cadets! 💪 🥇 CSM Sangamesh S (III Yr) – Culturals Winner 🥈 LCPL Sudhakar S (IV Yr) – Cultura"
482,June 2025-June 2026,482,yes,https://www.linkedin.com/feed/update/urn:li:activity:7381652737727488001,REVIEW_REQUIRED,undecided,I,,,,undated,undated,,,,weak_text; text_is_url,0,0,weak_text_requires_review,G,0,0,,https://lnkd.in/gyZPtbgY
483,June 2025-June 2026,483,yes,https://www.linkedin.com/feed/update/urn:li:activity:7381652462161715200,REVIEW_REQUIRED,undecided,I,,,,undated,undated,,,,weak_text; text_is_url,0,0,weak_text_requires_review,G,0,0,,https://lnkd.in/g9SAGv3C
486,June 2025-June 2026,486,yes,https://www.linkedin.com/feed/update/urn:li:activity:7381323674123038720,ACTIVITY_CANDIDATE,activity,C,RESEARCH,Civil Engineering; Mechanical Engineering; Applied Mathematics and Computational Science; Artificial Intelligence; Chemistry; Computer Science and Engineering; Electrical and Electronics Engineering; Electronics and Communication Engineering,Industry,ambiguous_multi_year,2025-26,2025-10-20,2025-10-20; 2025-10-31; 2025-11-30; 2025-12-20; 2026-01-20,,multi_year,20,0,activity_evidence:RESEARCH,C,4,5,dept_generic_term[correction] -> verify department: drop 'Applied Mathematics and Computational Science' (route to General or the explicitly named department) unless the post names this department; dept_generic_term[correction] -> verify department: drop 'Artificial Intelligence' (route to General or the explicitly named department) unless the post names this department; dept_generic_term[correction] -> verify department: drop 'Chemistry' (route to General or the explicitly named department) unless the post names this department; dept_generic_term[correction] -> verify department: drop 'Electrical and Electronics Engineering' (route to General or the explicitly named department) unless the post names this department; multi_year_keep[note],"🚀 Call for Papers – 2025 Edition (Second Issue) 📚 🎓 Thiagarajar Journal of Engineering, Science, Design and Technology invites innovative research contributions from across India! 📌 Scope of Topics: 🔹"
509,June 2025-June 2026,509,yes,https://www.linkedin.com/feed/update/urn:li:activity:7377148723254104064,ACTIVITY_CANDIDATE,activity,D,NCC; SEMINAR,Computer Science and Engineering,Students,undated,undated,,,,,11,1,"activity_evidence:NCC,SEMINAR",A,0,0,,"🎖️ Special Invited Lecture 🎖️ Career in the Indian Armed Forces 📅 Date: 26th Sept 2025 ⏰ Time: 3:15 PM - 04.15 PM 📍 Venue: CSE Seminar Hall, TCE 👨‍✈️ Resource Person Capt. Venkatesh Kumar S (CSE - 200"
511,June 2025-June 2026,511,yes,https://www.linkedin.com/feed/update/urn:li:activity:7377147846225031169,ACTIVITY_CANDIDATE,activity,D,ORIENTATION; OUTREACH,"T'SEDA (Architecture, Design, Planning)",Students; Faculty,undated,undated,,,,,11,1,"activity_evidence:ORIENTATION,OUTREACH",A,0,0,,"🌟 COA & MSME Sponsored Programme @ TCE 🌟 🎓 Entrepreneur Awareness Programme (EAP) Exploring Horizons: Avenues After Graduation in Architecture 📅 8th October 2025 🕘 9:30 AM – 5:00 PM 📍 KS Auditorium, T"
533,June 2025-June 2026,533,yes,https://www.linkedin.com/feed/update/urn:li:activity:7373396553648041984,ACTIVITY_CANDIDATE,activity,C,RESEARCH,,Students; Faculty; Industry,ambiguous_multi_year,2025-26,2025-10-14,2025-10-14; 2025-11-30; 2026-01-09,,multi_year,20,0,activity_evidence:RESEARCH,H,0,1,multi_year_keep[note],"🎓 TCE organizes 2nd National Level Research Conclave on Digital Transformation and Sustainable Innovation in Engineering and Science 🗓️ March 26 – 27, 2026 📍 Thiagarajar College of Engineering, Madura"
548,June 2025-June 2026,548,yes,https://www.linkedin.com/feed/update/urn:li:activity:7371550788055269376,ACTIVITY_CANDIDATE,activity,D,CULTURAL; ORIENTATION,,Students,undated,undated,,,,,9,1,"activity_evidence:CULTURAL,ORIENTATION",A,0,0,,🎉 Fresher’s Fest 2025-26 🎉 Organized by Shrishti Cultural Association Thiagarajar College of Engineering 📅 11.09.2025 (Thursday) 🕑 2:00 PM – 5:00 PM 📍 Open Auditorium ✨ An evening of Dance | Drama | M
567,June 2025-June 2026,567,yes,https://www.linkedin.com/feed/update/urn:li:activity:7367107429655867392,ACTIVITY_CANDIDATE,activity,C,RESEARCH,Civil Engineering; Mechanical Engineering; Applied Mathematics and Computational Science; Artificial Intelligence; Chemistry; Computer Science and Engineering; Electrical and Electronics Engineering; Electronics and Communication Engineering,Industry,ambiguous_multi_year,2025-26,2025-09-30,2025-09-30; 2025-10-31; 2025-11-30; 2025-12-20; 2026-01-20,,multi_year,20,0,activity_evidence:RESEARCH,C,4,5,dept_generic_term[correction] -> verify department: drop 'Applied Mathematics and Computational Science' (route to General or the explicitly named department) unless the post names this department; dept_generic_term[correction] -> verify department: drop 'Artificial Intelligence' (route to General or the explicitly named department) unless the post names this department; dept_generic_term[correction] -> verify department: drop 'Chemistry' (route to General or the explicitly named department) unless the post names this department; dept_generic_term[correction] -> verify department: drop 'Electrical and Electronics Engineering' (route to General or the explicitly named department) unless the post names this department; multi_year_keep[note],"🚀 Call for Papers – Second Issue – 2025 Edition 📚 🎓 Thiagarajar Journal of Engineering, Science, Design and Technology invites innovative research contributions from across India! 📌 Scope of Topics: 🔹"
586,June 2025-June 2026,586,yes,https://www.linkedin.com/feed/update/urn:li:activity:7364682051544887297,ACTIVITY_CANDIDATE,activity,C,RESEARCH; CONFERENCE; GUEST_LECTURE; INTERNSHIP,Chemistry,Students; Faculty; Government and Agencies; Industry,ambiguous_multi_year,2025-26,2025-12-15,2025-12-15; 2026-01-15; 2026-01-31,,multi_year,33,1,"activity_evidence:RESEARCH,CONFERENCE,GUEST_LECTURE",B,2,3,"dept_generic_term[correction] -> verify department: drop 'Chemistry' (route to General or the explicitly named department) unless the post names this department; multi_label_overlap[correction] -> verify multi-label: if both describe the SAME event, keep only the dominant category (GUEST_LECTURE); multi_year_keep[note]","🌍✨ ICISTEEH-26 ✨🌍 International Conference on Innovations in Sustainable Technologies for Energy, Environment & Healthcare 📅 Feb 13 & 14, 2026 📍 Thiagarajar College of Engineering, Madurai Organized b"
592,June 2025-June 2026,592,yes,https://www.linkedin.com/feed/update/urn:li:activity:7363970859784355840,ACTIVITY_CANDIDATE,activity,D,SYMPOSIUM; CLUB; GUEST_LECTURE,Computer Science and Business Systems,Students; Community and Society,undated,undated,,,,,16,1,"activity_evidence:SYMPOSIUM,CLUB,GUEST_LECTURE",A,0,0,,"🌟 One-Day Non-Technical Symposium – RE-INVENT 🌟 “Igniting Innovation & Impact in the Age of Ideas” 📅 12.09.2025 (Friday) 🏛️ Organized by IEEE CIS TCE Student Chapter & Dept. of CSBS, TCE 🤝 Sponsored b"
601,June 2025-June 2026,601,yes,https://www.linkedin.com/feed/update/urn:li:activity:7362855902837669888,ACTIVITY_CANDIDATE,activity,C,RESEARCH,Civil Engineering; Mechanical Engineering; Applied Mathematics and Computational Science; Artificial Intelligence; Chemistry; Computer Science and Engineering; Electrical and Electronics Engineering; Electronics and Communication Engineering,Industry,ambiguous_multi_year,2025-26,2025-09-30,2025-09-30; 2025-10-31; 2025-11-30; 2025-12-20; 2026-01-20,,multi_year,20,0,activity_evidence:RESEARCH,C,4,5,dept_generic_term[correction] -> verify department: drop 'Applied Mathematics and Computational Science' (route to General or the explicitly named department) unless the post names this department; dept_generic_term[correction] -> verify department: drop 'Artificial Intelligence' (route to General or the explicitly named department) unless the post names this department; dept_generic_term[correction] -> verify department: drop 'Chemistry' (route to General or the explicitly named department) unless the post names this department; dept_generic_term[correction] -> verify department: drop 'Electrical and Electronics Engineering' (route to General or the explicitly named department) unless the post names this department; multi_year_keep[note],"🚀 Call for Papers – Second Issue – 2025 Edition 📚 🎓 Thiagarajar Journal of Engineering, Science, Design and Technology invites innovative research contributions from across India! 📌 Scope of Topics: 🔹"
606,June 2025-June 2026,606,yes,https://www.linkedin.com/feed/update/urn:li:activity:7361639604149522433,ACTIVITY_CANDIDATE,activity,D,NCC,,Students,dated,2025-26,2025-08-15,2025-08-15,,,6,0,activity_evidence:NCC,A,0,0,,"79th Independence Day Celebration @ TCE Thiagarajar College of Engineering, Madurai, cordially invites you to join us in commemorating the 79th Independence Day. Let us come together to honour our nat"
660,June 2025-June 2026,660,yes,https://www.linkedin.com/feed/update/urn:li:activity:7353000704925421568,ACTIVITY_CANDIDATE,activity,C,RESEARCH,Civil Engineering; Mechanical Engineering; Applied Mathematics and Computational Science; Artificial Intelligence; Chemistry; Computer Science and Engineering; Electrical and Electronics Engineering; Electronics and Communication Engineering,Industry,ambiguous_multi_year,2025-26,2025-09-30,2025-09-30; 2025-10-31; 2025-11-30; 2025-12-20; 2026-01-20,,multi_year,20,0,activity_evidence:RESEARCH,C,4,5,dept_generic_term[correction] -> verify department: drop 'Applied Mathematics and Computational Science' (route to General or the explicitly named department) unless the post names this department; dept_generic_term[correction] -> verify department: drop 'Artificial Intelligence' (route to General or the explicitly named department) unless the post names this department; dept_generic_term[correction] -> verify department: drop 'Chemistry' (route to General or the explicitly named department) unless the post names this department; dept_generic_term[correction] -> verify department: drop 'Electrical and Electronics Engineering' (route to General or the explicitly named department) unless the post names this department; multi_year_keep[note],"🚀 Call for Papers – Second Issue – 2025 Edition 📚 🎓 Thiagarajar Journal of Engineering, Science, Design and Technology invites innovative research contributions from across India! 📌 Scope of Topics: 🔹"
744,Jan - Sep 2025,245,yes,https://www.linkedin.com/feed/update/urn:li:activity:7332699196585582592,REVIEW_REQUIRED,undecided,J,,,,undated,undated,,,,url_only; weak_text,0,0,url_only_no_text,G,0,0,,
747,Jan - Sep 2025,248,yes,https://www.linkedin.com/feed/update/urn:li:activity:7331548597143949312,ACTIVITY_CANDIDATE,activity,B,ACHIEVEMENT,,,dated,2022-23,2023-05-23,2023-05-23,thanks,pre_2024_ambiguous,3,0,activity_evidence:ACHIEVEMENT,B,1,2,cat_over_tag:ACHIEVEMENT[correction] -> verify over-tag: remove Achievement and Awards unless the text is clearly about it; pre_2024_keep[note],"*Remembering a Visionary Leader* On the second anniversary of our former beloved Chairman and Correspondent, Thiru. Karumuttu T. Kannan, we reflect with deep gratitude on his enduring vision and commi"
773,Jan - Sep 2025,274,yes,https://www.linkedin.com/feed/update/urn:li:activity:7326210061456855040,REVIEW_REQUIRED,undecided,J,,,,undated,undated,,,,url_only; weak_text,0,0,url_only_no_text,G,0,0,,
789,Jan - Sep 2025,290,yes,https://www.linkedin.com/feed/update/urn:li:activity:7324051804013367298,REVIEW_REQUIRED,activity,B,ACHIEVEMENT,,Government and Agencies; Students,undated,undated,,,,weak_text,5,0,weak_text_requires_review,G,0,0,,AICTE QIP PG CERTIFICATION PROGRAMME in Emerging Areas 2025-26
802,Jan - Sep 2025,303,yes,https://www.linkedin.com/feed/update/urn:li:activity:7322470919707250688,REVIEW_REQUIRED,undecided,J,,,,undated,undated,,,,url_only; weak_text,0,0,url_only_no_text,G,0,0,,
818,Jan - Sep 2025,319,yes,https://www.linkedin.com/feed/update/urn:li:activity:7318836255415324673,REVIEW_REQUIRED,undecided,J,,,,undated,undated,,,,url_only; weak_text,0,0,url_only_no_text,G,0,0,,
821,Jan - Sep 2025,322,yes,https://www.linkedin.com/feed/update/urn:li:activity:7317956622557802496,REVIEW_REQUIRED,undecided,I,,,,undated,undated,,,,weak_text,0,0,weak_text_requires_review,G,0,0,,Celebrating Excellence | 67th College Day at TCE
822,Jan - Sep 2025,323,yes,https://www.linkedin.com/feed/update/urn:li:activity:7317955422483542016,REVIEW_REQUIRED,undecided,I,,,,undated,undated,,,,weak_text,0,0,weak_text_requires_review,G,0,0,,Sangamithra’25 – An Evening of Joy and Inspiration@ TCE Ladies Hostel
830,Jan - Sep 2025,331,yes,https://www.linkedin.com/feed/update/urn:li:activity:7316300175247908864,REVIEW_REQUIRED,undecided,I,,,,undated,undated,,,,weak_text,0,0,weak_text_requires_review,G,0,0,,"Beats & Treats at TCE Men's Hostel! 🎶🍽️ An evening to remember with music, food & fun!"
860,Jan - Sep 2025,361,yes,https://www.linkedin.com/feed/update/urn:li:activity:7311994754207006720,REVIEW_REQUIRED,activity,D,ORIENTATION,,,undated,undated,,,,weak_text,4,0,weak_text_requires_review,G,0,0,,Graduation Ceremony
862,Jan - Sep 2025,363,yes,https://www.linkedin.com/feed/update/urn:li:activity:7311356524742774784,REVIEW_REQUIRED,undecided,J,,,,undated,undated,,,,url_only; weak_text,0,0,url_only_no_text,G,0,0,,
884,Jan - Sep 2025,385,yes,https://www.linkedin.com/feed/update/urn:li:activity:7308770008002613249,REVIEW_REQUIRED,activity,A,CULTURAL,,,undated,undated,,,,weak_text,5,0,weak_text_requires_review,G,0,0,,Cultura Nova'25
893,Jan - Sep 2025,394,yes,https://www.linkedin.com/feed/update/urn:li:activity:7307791658975145984,ACTIVITY_CANDIDATE,activity,A,SYMPOSIUM; CONFERENCE; CULTURAL,,Students,undated,undated,,,,,13,1,"activity_evidence:SYMPOSIUM,CONFERENCE,CULTURAL",A,0,0,,TCE | Department of Physics organizes 🔬✨ National Science Day 2025 - One-Day National-Level Symposium ✨🔬 🧪 Theme: Empowering Indian Youth for Global Leadership in Science & Innovation for Viksit Bhara
897,Jan - Sep 2025,398,yes,https://www.linkedin.com/feed/update/urn:li:activity:7307788591810625537,ACTIVITY_CANDIDATE,activity,D,TECH_FEST; WORKSHOP,Computer Science and Engineering,Students,undated,undated,,,,,11,1,"activity_evidence:TECH_FEST,WORKSHOP",A,0,0,,🎉 Get Ready for TECHUTSAV 25 - PANORAMA! 🚀 📅 Date: March 20th 🏢 Organized by: Department of Computer Science & Engineering 💡 Exciting Events: 🔎 Tech Heist 🏗️ Bid & Build 🔌 Wired Connect 💰 Win Cash Pri
915,Jan - Sep 2025,416,yes,https://www.linkedin.com/feed/update/urn:li:activity:7304043142050127872,ACTIVITY_CANDIDATE,activity,D,HACKATHON; SYMPOSIUM; TECH_FEST; WORKSHOP,Mechatronics,Students; Industry,undated,undated,,,,,22,1,"activity_evidence:HACKATHON,SYMPOSIUM,TECH_FEST",A,0,0,,"🚀 SYNERGICZ 2.0 – TECHUTSAV’ 25🔥 Visit our page: https://synergicz.in The Mechatronics Engineering Department of Thiagarajar College of Engineering is back with SYNERGICZ 2.0 – TECHUTSAV' 25 , a Natio"
924,Jan - Sep 2025,425,yes,https://www.linkedin.com/feed/update/urn:li:activity:7302273911377776640,ACTIVITY_CANDIDATE,activity,D,TECH_FEST; WORKSHOP,,Government and Agencies; Students,undated,undated,,,,,11,1,"activity_evidence:TECH_FEST,WORKSHOP",A,0,0,,"AICTE is organizing its first-ever Tech Fest – AICTE IDEA Lab Tech Fest 2025! 🔹 Date: 7th March 2025 🔹 Venue: AICTE HQ, New Delhi Get ready to witness 70+ innovative stalls, live demonstrations, works"
931,Jan - Sep 2025,432,yes,https://www.linkedin.com/feed/update/urn:li:activity:7300537077853564929,REVIEW_REQUIRED,activity,A,SPORTS,,,dated,2024-25,2025-02-15,2025-02-15,,weak_text,4,0,weak_text_requires_review,G,0,0,,"TCE MINI MARATHON FEBRUARY 15, 2025"
1028,April 2024 - June 2025,16,no,,REVIEW_REQUIRED,undecided,I,,,,undated,undated,,,,link_less; weak_text; text_is_url,0,0,weak_text_requires_review,G,0,0,,https://www.facebook.com/100064550328054/posts/828180799343590/?mibextid=AQBXeECoIFSgMqhe
1090,April 2024 - June 2025,78,no,,REVIEW_REQUIRED,undecided,I,,,,undated,undated,,,,link_less; weak_text; text_is_url,0,0,weak_text_requires_review,G,0,0,,https://www.lotustimes.org/.../how-to-bring-artificial.../
1091,April 2024 - June 2025,79,no,,REVIEW_REQUIRED,undecided,I,,Electronics and Communication Engineering,,undated,undated,,,,link_less; weak_text; text_is_url,1,0,weak_text_requires_review,G,0,0,,https://www.thehindu.com/.../artifici.../article68461116.ece
1125,April 2024 - June 2025,113,no,,ACTIVITY_CANDIDATE,activity,B,ACHIEVEMENT,,Government and Agencies; Students,ambiguous_multi_year,2024-25,2024-09-06,2024-09-06; 2026-09-05,,link_less; multi_year,5,0,activity_evidence:ACHIEVEMENT,B,1,2,cat_over_tag:ACHIEVEMENT[correction] -> verify over-tag: remove Achievement and Awards unless the text is clearly about it; multi_year_keep[note],"🚀 TCE is now an EAT RIGHT Campus, says FSSAI! 🚀 🎓 Thiagarajar College of Engineering has been officially certified as an Eat Right CAMPUS by the Ministry of Health and Family Welfare! 🌿🍽 This prestigi"
1133,April 2024 - June 2025,121,no,,ACTIVITY_CANDIDATE,activity,D,NCC,,,dated,2024-25,2024-09-19,2024-09-19,,link_less,5,0,activity_evidence:NCC,A,0,0,,"TCE | Thiagarajar College of Engineering | Madurai The 4 TN Engr COY NCC, TCE is organizing a Tree Plantation Drive at the college campus on September 19, 2024, at 4:30 PM. Our respected Principal, Dr"
1424,April 2024 - June 2025,432,no,,REVIEW_REQUIRED,activity,A,SPORTS,,,undated,undated,,,,link_less; weak_text,4,0,weak_text_requires_review,G,0,0,,TCE - 61st ANNUAL SPORTS MEET
1519,April 2024 - June 2025,543,no,,ACTIVITY_CANDIDATE,activity,B,ACHIEVEMENT,,,dated,2022-23,2023-05-23,2023-05-23,thanks,link_less; pre_2024_ambiguous,3,0,activity_evidence:ACHIEVEMENT,B,1,2,cat_over_tag:ACHIEVEMENT[correction] -> verify over-tag: remove Achievement and Awards unless the text is clearly about it; pre_2024_keep[note],"Remembering a Visionary Leader On the second anniversary of our former beloved Chairman and Correspondent, Thiru. Karumuttu T. Kannan, we reflect with deep gratitude on his enduring vision and commitm"
